artist	track	wks	t10	pk_rank	pk_streams	total_streams
Jung Kook	Seven	84	84	1	7520027	200422960
Jimin	Like Crazy	75	67	1	2279475	80209862
Jung Kook	Standing Next to You	67	56	1	2668061	79103189
Jimin	Who	31	30	1	4621573	68731532
V	Love Me Again	70	50	2	1907238	54773344
Emcee L (Da LAB)	Chuyện Đôi Ta	167	32	3	468550	51004318
RPT MCK	Chìm Sâu	155	34	1	582379	49175271
Sơn Tùng M-TP	Chúng Ta Của Hiện Tại	217	53	1	931581	48017290
tlinh	nếu lúc đó	103	31	1	1611555	47507887
GREY D	vaicaunoicokhiennguoithaydoi	139	39	2	529790	47031929
Madihu	Vì Anh Đâu Có Biết	132	42	2	554094	46803940
Wren Evans	Từng Quen	69	32	1	2119284	43740710
Jung Kook	3D	73	23	2	3040222	43562278
Sơn Tùng M-TP	Muộn Rồi Mà Sao Còn	199	40	1	1208277	40100840
HIEUTHUHAI	Không Thể Say	96	5	7	936223	39069894
Emcee L (Da LAB)	Sinh Ra Đã Là Thứ Đối Lập Nhau	178	0	17	381862	38836758
T.R.I	Ánh Sao Và Bầu Trời	171	11	1	329462	37701782
JSOL	Sài Gòn Hôm Nay Mưa	194	8	3	323601	37299628
Da LAB	Chạy Khỏi Thế Giới Này	134	0	11	468161	36440710
Low G	An Thần	173	6	2	399579	36104295
CoolKid	Sau Cơn Mưa	77	9	8	768047	35588817
RHYDER	Chịu Cách Mình Nói Thua	65	19	6	902974	35504882
RPT MCK	Anh Đã Ổn Hơn	103	14	3	699345	34628673
Đen	Lối Nhỏ	277	29	1	263976	34296306
Sơn Tùng M-TP	Đừng Làm Trái Tim Anh Đau	37	13	1	3445288	33743764
Đen	Đi Về Nhà	217	11	3	627702	33480792
RPT Orijinn	Don't Côi	113	4	3	451388	33401302
14 Casper	bao tiền một mớ bình yên?	154	2	9	314877	33361925
Madihu	Có Em	147	6	4	346132	33117230
Lynk Lee	Buồn Thì Cứ Khóc Đi	268	4	10	225401	33063699
HIEUTHUHAI	Exit Sign	51	25	4	1283117	32544664
Da LAB	Thức Giấc	188	12	1	370936	32448944
Vũ.	Lạ Lùng	358	0	17	259409	32427937
W/N	id 072019	82	10	3	708196	32268074
Charlie Puth	Left and Right (Feat. Jung Kook of BTS)	76	28	1	2322728	32076927
tlinh	Thích Quá Rùi Nà	230	0	34	361430	31995363
Da LAB	Thanh Xuan	335	22	1	204075	31848662
W/N	3107 3	185	8	1	312899	31723473
BTS	Butter	95	72	1	1846851	31651140
Vũ.	Những Lời Hứa Bỏ Quên	62	16	1	1678086	31537668
Vũ.	Bước Qua Mùa Cô Đơn	216	20	1	339091	31394417
Olew	Rồi Ta Sẽ Ngắm Pháo Hoa Cùng Nhau	109	2	8	359170	31192659
BTS	Dynamite	143	52	1	2491980	30421377
HIEUTHUHAI	ngủ một mình (tình rất tình)	114	8	2	405040	29886930
HIEUTHUHAI	Nghe Như Tình Yêu	178	0	35	423511	29385899
Dhruv	double take	190	13	8	257561	28570622
Minh Huy	Miên Man	76	0	11	474231	28494934
GREY D	đưa em về nhàa	96	11	3	779286	28301973
WEAN	shhhhhhh..	72	1	9	580811	28158056
Sơn Tùng M-TP	Âm Thầm Bên Em	225	0	34	395787	27479467
W/N	3 1 0 7	189	0	11	217226	27400862
Wren Evans	Thích Em Hơi Nhiều	170	9	1	405591	27366853
MONSTAR	có hẹn với thanh xuân	161	8	5	301255	27245076
GREY D	dự báo thời tiết hôm nay mưa	118	3	7	314352	27138609
Low G	Simp Gái 808	71	4	9	680502	26901384
Thịnh Suy	Chuyện Rằng	215	23	5	186985	26547962
RPT MCK	Chỉ Một Đêm Nữa Thôi	99	1	9	434649	26323790
Đen	Bài Này Chill Phết	285	36	1	181120	26216480
JustaTee	Thằng Điên	123	0	25	280292	26040292
Karik	Bạn Đời	73	11	5	875706	25825689
NÂN	Tình Đắng Như Ly Cà Phê	223	0	15	197844	25715067
Puppy	Wrong Times	68	12	3	1002819	25314117
Thịnh Suy	tiny love	151	8	3	297018	25230726
buitruonglinh	Dù Cho Mai Về Sau	203	1	10	220555	25142258
Sơn Tùng M-TP	Chúng Ta Của Tương Lai	50	16	1	2555804	24664766
Phương Ly	Anh Là Ngoại Lệ Của Em	72	8	7	777726	24531515
Vũ Cát Tường	Từng Là	51	15	2	1159599	24383957
JustaTee	2AM	145	0	18	328631	24126034
Changg	Em Không Hiểu	189	0	27	238224	23698450
HIEUTHUHAI	NOLOVENOLIFE	71	0	24	542111	23467182
Vũ.	Bình Yên	25	18	4	1394677	23236028
Ronboogz	nhắn nhủ	62	0	14	470432	22796511
The Weeknd	One Of The Girls	87	0	11	357970	22624930
Vũ Phụng Tiên	Lệ Lưu Ly	74	10	6	674619	22593683
PC	10 Ngàn Năm	140	0	27	341064	22438499
Andree Right Hand	Chơi Như Tụi Mỹ	92	7	4	582880	22414138
RPT MCK	Tại Vì Sao	105	7	3	455060	22398648
Hoàng Dũng	Nàng Thơ	171	21	2	287727	22103822
Ronboogz	Lan Man	97	0	33	370914	21659309
Chillies	Cứ Chill Thôi	183	7	5	186191	21575194
MONSTAR	tình yêu chậm trễ	114	0	46	259629	21380545
Dương Domic	Mất Kết Nối	13	12	2	2123484	20946535
Thịnh Suy	Chết Trong Em	117	4	4	289666	20837241
Kuun Đức Nam	Tình cờ yêu em	78	0	12	445790	20819285
UMIE	Không Yêu Xin Đừng Nói - Piano Version	100	0	37	246294	20799960
Da LAB	Gác Lại Âu Lo	172	32	2	221112	20505375
Vũ Cát Tường	Mo	129	0	21	473030	20320726
Sơn Tùng M-TP	Nơi Này Có Anh	291	0	12	345706	20209513
Andiez	Anh Đánh Rơi Người Yêu Này	115	0	19	262317	20172080
Tóc Tiên	Có Ai Thương Em Như Anh	125	0	20	269455	20134331
W/N	3 1 0 7 - 2	194	0	27	195632	19993724
2T	Liệu Giờ	186	0	22	201513	19722724
Lady Gaga	Die With A Smile	27	9	4	1106977	19707527
Vũ.	Bước Qua Nhau	120	23	1	584785	19449346
Myra Trần	Anh Chưa Thương Em Đến Vậy Đâu	95	5	6	356477	19092218
Orange	Khi Em Lớn	172	9	4	237792	19012815
V	Slow Dancing	29	14	2	1597799	18778293
Lou Hoàng	Yêu Một Người Có Lẽ	163	0	33	239904	18731489
ROSÉ	APT.	18	16	2	2215577	18554223
VSOUL	Buồn Hay Vui	38	11	3	1292749	18527587
RPT MCK	Thôi Em Đừng Đi	79	1	8	394385	18516223
The Masked Singer	Rồi Em Sẽ Gặp Một Chàng Trai Khác	62	0	11	529688	18482647
HIEUTHUHAI	Bật Nhạc Lên	219	0	59	220297	18430466
"ANH TRAI ""SAY HI"""	HÀO QUANG	32	4	6	739010	18412363
BTS	Boy With Luv	202	27	1	1068729	18187934
tlinh	PHÓNG ZÌN ZÌN	22	8	4	1229286	18040649
Andiez	Chờ Đợi Có Đáng Sợ	139	0	80	200333	17986441
Wren Evans	Tò Te Tí	50	9	3	1216757	17568429
Ngọt	Cho Tôi Lang Thang	220	0	35	215663	17496081
Sơn Tùng M-TP	CÓ CHẮC YÊU LÀ ĐÂY	170	15	1	406562	17435578
Kha	Hư không	58	0	22	449692	17248382
52Hz	ĐỢI (Prod. RIO)	59	0	13	565059	17205857
buitruonglinh	Em Không Khóc	121	0	62	230886	17155198
V	FRI(END)S	41	11	1	1729965	17024167
SUNI	có hẹn với thanh xuân	115	0	27	227149	16996258
Kai Đinh	Trái đất ôm Mặt trời	60	4	8	865973	16849603
Chillies	Mascara	179	28	3	157975	16689255
Wren Evans	Phóng Đổ Tim Em	54	2	9	843856	16616182
Đức Phúc	Ngày Đầu Tiên	111	12	2	430926	16593558
SZA	Kill Bill	99	7	6	300451	16337774
Andree Right Hand	Em iu	90	0	18	269824	16290707
Coldplay	My Universe	84	34	1	797211	16283821
"ANH TRAI ""SAY HI"""	TRÀN BỘ NHỚ	24	6	5	1032397	16138912
"ANH TRAI ""SAY HI"""	KIM PHÚT, KIM GIỜ	26	6	5	923227	16128397
Rapital	XTC (Xích Thêm Chút) - Remix	152	0	87	194027	16073998
AMEE	MỘNG YU	29	7	3	1409741	15946886
MANBO	Hẹn Gặp Em Dưới Ánh Trăng	49	0	20	617169	15651049
PhucXp	Như Anh Đã Thấy Em	101	0	33	210065	15581231
Andiez	Suýt Nữa Thì...	99	0	74	261068	15498836
W/N	Crush 2	127	0	51	287363	15439425
GREY D	lời tạm biệt chưa nói	110	0	22	204021	15324789
Obito	Đánh Đổi (ft. RPT MCK)	39	2	7	634920	15243260
14 Casper	một đời	47	0	28	462820	15019269
Rhymastic	Nến Và Hoa	223	7	2	183005	14974127
W/N	3107 4	89	0	24	232435	14867287
Obito	Hà Nội (ft. VSTRA)	39	1	10	524339	14774525
Văn Mai Hương	Một Ngàn Nỗi Đau	104	1	7	290578	14549305
"ANH TRAI ""SAY HI"""	NGÁO NGƠ	29	4	6	794218	14518582
Lou Hoàng	Ngày Đẹp Trời Để Nói Chia Tay	36	5	4	1058785	14512957
TaynguyenSound	Ghé Qua	150	0	64	245075	14500249
Kai Đinh	để tôi ôm em bằng giai điệu này	84	0	18	283242	14388792
MONO	Em Xinh	54	2	10	769703	14243938
Tăng Duy Tân	Bật Tình Yêu Lên	76	2	4	490522	14187288
MONO	Waiting For You	59	17	1	626623	14084586
Jung Kook	Dreamers [Music from the FIFA World Cup Qatar 2022 Official Soundtrack]	40	19	1	843690	13951809
Phương Ly	ThichThich	86	1	9	213100	13721785
buitruonglinh	Yêu Người Có Ước Mơ	95	0	13	252786	13365506
AMEE	từ thích thích thành thương thương	130	12	6	201569	13344986
Đen	Nấu ăn cho em	69	1	8	473231	13190186
"ANH TRAI ""SAY HI"""	SAO HẠNG A	23	3	7	944950	13118003
Pink Sweat$	At My Worst	126	7	7	199819	13067138
Da LAB	Bầu Trời Mới	20	4	8	959841	13040647
Thắng	Xin Lỗi	70	2	5	641803	12997214
"ANH TRAI ""SAY HI"""	REGRET	29	4	5	818219	12927378
ROSÉ	Gone	131	5	2	468524	12811427
The Kid LAROI	Stay	104	22	1	311564	12737431
Ronboogz	Nói Dối	68	0	79	259251	12673927
Dangrangto	NGỰA Ô	20	1	9	748266	12550309
Vũ.	Anh Nhớ Ra	84	0	19	211850	12488035
Agust D	Haegeum	44	7	1	1423909	12349494
V	Winter Ahead	12	10	3	1656843	12159084
Táo	Blue Tequila	177	0	26	136114	12080824
Taylor Swift	Cruel Summer	75	1	5	276618	11958920
Shartnuss	Nắng có mang em về	54	0	44	357148	11949565
MONO	Em Là	77	3	8	262424	11822149
MIN	Trên Tình Bạn Dưới Tình Yêu	129	16	1	349081	11817373
Shawn Mendes	Señorita	148	41	1	460259	11785881
TaynguyenSound	Già Cùng Nhau Là Được	122	0	70	156415	11750373
Low G	Tán Gái 505	77	0	65	213607	11698842
Lãng	Nụ hôn Bisou	46	1	10	367018	11524660
WEAN	BADBYE	52	0	20	416895	11520881
Ngọt	LẦN CUỐI (đi bên em xót xa người ơi)	170	2	5	278162	11387427
"ANH TRAI ""SAY HI"""	CHÂN THÀNH	27	0	14	548290	11323672
BigDaddy	Mượn Rượu Tỏ Tình	168	9	1	183537	11312237
ROSÉ	number one girl	13	10	3	1582670	11185403
Obito	Hà Nội	33	0	12	453116	10925426
Rapital	Tay To	111	0	58	144296	10865905
Binz	Hit Me Up	28	5	4	1097224	10863450
MONO	Chăm Hoa	17	1	9	787280	10856632
SOOBIN	giá như	45	0	13	646137	10805517
Sơn Tùng M-TP	Buông Đôi Tay Nhau Ra	84	0	73	215375	10788759
Wren Evans	Call Me	39	0	12	603389	10706543
Mitski	My Love Mine All Mine	56	0	30	355124	10638111
BTS	Yet To Come	39	13	1	1755027	10636514
ROSÉ	On The Ground	98	5	1	595967	10621938
Wren Evans	bé ơi từ từ	30	3	8	876822	10473902
Vũ.	Không Yêu Em Thì Yêu Ai?	21	0	19	715983	10447108
Sơn Tùng M-TP	Hãy Trao Cho Anh	149	23	1	397123	10446724
tlinh	tình yêu có nghĩa là gì?	46	3	7	526510	10337947
Shiki	1000 Ánh Mắt	34	1	8	553753	10221555
Rhymastic	Yêu 5	170	0	77	131429	10191216
V	Rainy Days	20	7	3	1850617	10184269
JustaTee	Đã Lỡ Yêu Em Nhiều	107	0	132	176006	10117911
ROSÉ	toxic till the end	11	5	3	1922052	10085055
tlinh	HOP ON DA SHOW	23	4	5	1012873	10022090
buitruonglinh	Đường Tôi Chở Em Về	120	0	14	264638	9870003
BTS	Permission to Dance	64	28	1	505613	9832989
Tăng Duy Tân	Bên Trên Tầng Lầu	54	12	1	372198	9822954
Jung Kook	Stay Alive (Prod. SUGA of BTS)	68	8	1	1586444	9806362
Rhymastic	Lặng	33	2	7	631748	9798859
V	Christmas Tree	68	7	1	562360	9777261
SOOBIN	Tháng Năm	118	3	6	225792	9774997
Doja Cat	Kiss Me More	98	8	8	209463	9684708
Charlie Puth	Cheating on You	115	0	13	146821	9666200
Thắng	Trước Khi Em Tồn Tại	59	0	22	258426	9652121
Charlie Puth	We Don't Talk Anymore	221	0	71	194475	9532656
BTS	Life Goes On	101	4	1	423869	9512304
"ANH TRAI ""SAY HI"""	TÌNH ĐẦU QUÁ CHÉN	23	0	13	729164	9503888
Hoàng Thùy Linh	Diamond Cut Diamond	128	16	1	159492	9340096
JVKE	golden hour	70	1	6	292395	9336430
BigDaddy	Ngõ Chạm	52	0	41	229429	9297604
LISA	MONEY	70	11	1	400537	9103147
Billie Eilish	BIRDS OF A FEATHER	40	0	54	328277	8949120
Ronboogz	Anh Chỉ Muốn	50	0	77	230029	8905135
buitruonglinh	Dù Cho Mai Về Sau - Acoustic Version	116	0	67	175516	8872941
Lê Hiếu	Ngày Mai Em Đi	204	3	2	274020	8815981
Andree Right Hand	Dân Chơi Sao Phải Khóc	40	0	16	533946	8706194
Jin	Running Wild	14	3	2	2125667	8703875
Changg	Lỡ Say Bye Là Bye	106	2	8	192270	8656000
Sean	Em Thích	88	0	65	168483	8593835
Jimin	Like Crazy (English Version)	32	6	2	1062322	8548448
Jimin	Be Mine	27	1	7	720754	8516808
BLACKPINK	Pink Venom	54	6	3	932876	8460176
Phí Phương Anh	Răng Khôn	102	3	6	230925	8458073
Hayd	Head In The Clouds	67	3	3	356774	8354735
Alec Benjamin	Let Me Down Slowly	195	17	2	68408	8344716
The Weeknd	Die For You	82	0	49	171257	8276387
kis	Tình Ca Tình Ta	85	0	19	139521	8270179
hooligan.	To The Moon	110	0	18	116533	8254959
Kodak Black	Angel Pt. 1	18	5	1	2475508	8218536
JISOO	FLOWER	29	5	2	1314468	8202696
Jimin	Set Me Free Pt.2	38	3	1	1200870	8180116
Wxrdie	TETVOVEN	39	0	39	362039	8168835
Maroon 5	Memories	125	25	1	144251	8145275
BLACKPINK	How You Like That	104	13	1	593110	8100765
T Team	Muốn Nói Với Em	135	0	12	97696	8075687
Dangrangto	Love is	17	0	23	568467	8031434
Hoàng Thùy Linh	See Tình	68	5	7	213291	8003209
Jimin	Smeraldo Garden Marching Band	9	5	1	2817972	7990805
Da LAB	Nước Mắt Em Lau Bằng Tình Yêu Mới	72	0	114	158410	7966718
Chillies	Giấc Mơ Khác	57	0	14	296463	7963169
AMEE	ex's hate me, Pt. 2	87	0	13	189465	7867564
VSTRA	Internet Love	115	0	56	142259	7864980
Phan Mạnh Quỳnh	"Sau Lời Từ Khước (Theme Song From ""MAI"")"	21	4	3	964968	7849758
Thịnh Suy	Thắc Mắc?	52	0	110	211593	7830158
Ariana Grande	7 rings	156	26	1	98838	7778949
BLACKPINK	Shut Down	51	4	2	1042174	7756756
Agust D	People Pt.2	33	3	3	825738	7745030
Hoàng Thùy Linh	I Am Not Thuy Kieu	127	13	1	210493	7678762
B Ray	Cao Ốc 20	45	0	109	240540	7655372
ILLIT	Magnetic	24	5	5	739842	7611298
Binz	Bigcityboi	75	18	1	407040	7559340
Dương Domic	Tràn Bộ Nhớ	13	3	7	794113	7522716
Sơn Tùng M-TP	MAKING MY WAY	23	4	2	1868074	7476733
Negav	Mình Anh Thôi	24	0	18	587251	7475745
"ANH TRAI ""SAY HI"""	CATCH ME IF YOU CAN	28	0	27	383332	7440392
Ariana Grande	we can't be friends (wait for your love)	35	0	17	469366	7387322
Obito	Đánh Đổi	33	0	61	292681	7384756
Anne-Marie	2002	213	0	21	65221	7377388
Sabrina Carpenter	Espresso	32	0	13	375510	7340580
Hiền Hồ	Gặp Nhưng Không Ở Lại	84	4	1	267879	7337865
Gill	Mắt Xanh	57	0	60	180316	7295675
Obito	Tell the kids i love them (ft. Shiki)	38	0	30	289685	7274687
Chillies	Có Em Đời Bỗng Vui	121	1	6	108923	7254143
Bích Phương	từ chối nhẹ nhàng thôi	68	12	1	252135	7252607
Hà Anh Tuấn	Tháng Mấy Em Nhớ Anh?	89	6	2	284147	7223581
Hứa Kim Tuyền	Sài Gòn Đau Lòng Quá	68	9	1	337899	7167098
Juky San	Phải Chăng Em Đã Yêu?	78	12	2	317180	7136139
"ANH TRAI ""SAY HI"""	QUAY ĐI QUAY LẠI	23	0	14	573422	7068223
An Vũ	Chàng Trai Bất Tử	39	0	56	267757	7065889
Uyên Linh	Giữa Đại Lộ Đông Tây	93	1	6	251507	7051410
Đen	Anh Đếch Cần Gì Nhiều Ngoài Em	168	18	1	100002	7033408
Chọn gì? Chọn đi!	Say Yes (Vietnamese Version)	23	0	30	452918	7018030
Andiez	1 Phút	183	0	21	175163	7015412
BTS	Take Two	19	5	2	2131906	6823734
Hứa Kim Tuyền	hai mươi hai (22)	59	7	3	269420	6744922
Justin Bieber	Peaches	71	6	6	214508	6655923
NewJeans	Ditto	36	8	1	525224	6655429
Phuc Du	yêu anh đi mẹ anh bán bánh mì	49	0	28	235608	6647618
kidsai	GIAYPHUT	64	0	35	131711	6635886
"ANH TRAI ""SAY HI"""	TRÓI EM LẠI	24	0	27	444311	6635336
"ANH TRAI ""SAY HI"""	ANH BIẾT RỒI	23	0	19	508333	6607814
Bích Phương	em bỏ hút thuốc chưa?	72	11	1	376511	6602536
Đen	Trốn Tìm	66	6	1	825252	6503373
TRANG	Ngã Tư Không Đèn	49	1	10	208711	6498992
FIFTY FIFTY	Cupid - Twin Ver.	25	4	7	482567	6496054
Jung Kook	Never Let Go	10	5	2	2370268	6484695
LeeHi	ONLY	83	5	8	166509	6453377
Chillies	Và Thế Là Hết	145	0	19	82007	6437342
Bruno Mars	Leave The Door Open	75	10	3	236304	6434820
Bùi Anh Tuấn	Thuận Theo Ý Trời	92	0	62	137463	6417064
Joji	Glimpse of Us	49	7	3	464910	6402777
AMEE	ưng quá chừng	27	3	2	517456	6353598
SOOBIN	Vai Lan Don Dua	197	0	48	273953	6349601
Lewis Capaldi	Someone You Loved	145	0	18	72849	6338208
BTS	Run BTS	37	7	2	1201623	6326894
Văn Mai Hương	Mưa Tháng Sáu	36	3	6	557988	6321933
AMEE	ex's hate me, Pt.2	33	0	78	231368	6303180
The Masked Singer	Khóa Ly Biệt	34	0	53	309262	6268633
Vũ.	Đông Kiếm Em	208	0	57	137478	6261786
Jimin	With you	34	7	1	971149	6261737
Halsey	Without Me	158	26	3	59530	6247841
Phạm Nguyên Ngọc	Mặt Mộc	55	0	27	175174	6235974
Ariana Grande	positions	102	4	1	175061	6203623
Ariana Grande	intro (end of the world)	30	0	13	471365	6172516
Vũ.	Dành Hết Xuân Thì Để Chờ Nhau	31	0	13	532444	6159361
Binz	Cho Mình Em	84	0	32	176075	6159059
W/N	2 4	17	2	8	710654	6126408
Bích Phương	Một Cú Lừa	69	10	1	250301	6110843
52Hz	ĐỢI (SPECIAL VERSION)	30	0	83	267489	6107202
Lil Wuyn	TOKYO Cypher	30	0	45	293725	6057843
Quang Hùng MasterD	Thủy Triều	31	0	69	243210	6014495
Stephen Sanchez	Until I Found You	49	0	43	190041	6003107
Low G	Okeokeoke	59	0	103	169865	5977950
Khiem	Yên Bình Có Quá Đắt Không	22	0	12	471119	5975863
Vũ Cát Tường	Vet Mua	45	0	104	221842	5913121
j-hope	MORE	22	8	1	1061184	5908520
HYBS	Tip Toe	33	0	52	264419	5896961
"ANH TRAI ""SAY HI"""	LOVE SAND	22	0	23	387295	5869522
VSOUL	NGTANOISE	41	0	83	172179	5854938
tlinh	ghệ iu dấu của em ơi	40	0	52	196049	5834278
Phương Ly	Missing You	65	8	3	199708	5771896
BLACKPINK	Typa Girl	48	2	3	796576	5732496
TIA	Ai Đưa Em Về	101	0	56	98643	5725469
MIN	Cà Phê	66	0	19	144130	5720367
AMEE	trời giấu trời mang đi	77	0	52	177255	5697999
Hà Anh Tuấn	Tháng Tư Là Lời Nói Dối Của Em	42	0	49	212485	5639525
DMT	Ổ Quỷ	21	0	15	371344	5627909
Madihu	Không Còn Em	31	0	17	276968	5613625
Sáo	Ngồi Nhìn Em Khóc	46	0	95	144681	5598699
NewJeans	OMG	34	6	3	415423	5583446
tlinh	thế giới thần tiên	43	0	62	191321	5574152
Hoàng Thùy Linh	Bo Xì Bo	31	4	5	290256	5566253
B Ray	Anh Luôn Như Vậy	20	2	10	497288	5544707
keshi	LIMBO	32	0	21	316704	5528032
Powfu	death bed	95	14	2	110649	5502721
BTS	Filter	73	5	1	544133	5500733
JustaTee	Làm Gì Phải Hốt	116	0	16	300179	5481224
Wren Evans	Cầu Vĩnh Tuy	18	0	16	569627	5465084
buitruonglinh	Giờ Thì	10	0	11	710311	5440106
Winno	Say Đắm Trong Lần Đầu	56	0	142	148299	5433048
CAPTAIN BOY	Ừ Thì Chia Tay	17	0	34	423305	5408170
B Ray	Xin Đừng Nhấc Máy	77	1	9	181738	5366270
The Masked Singer	Ngày Mai Người Ta Lấy Chồng	35	0	39	238571	5359051
"ANH TRAI ""SAY HI"""	I'M THINKING ABOUT YOU	19	0	15	533835	5338031
SIVAN	haydeanhduoccungemdau	41	0	140	181919	5330355
Charlie Puth	Attention	177	0	21	162557	5314871
SOOBIN	Ai Mà Biết Được	18	2	9	535264	5277866
Troye Sivan	Angel Baby	57	5	7	216804	5254888
RAP VIỆT	Anh Là Ai?	24	1	4	457464	5195822
Ngọt	Đá tan	43	0	55	168179	5193949
Hoàng Thùy Linh	Love of Ghosts	88	11	2	171975	5183425
Jeremy Zucker	comethru	138	0	16	56370	5172901
Obito	Đầu Đường Xó Chợ (ft. Lăng LD)	35	0	39	246100	5163203
Wren Evans	Để Ý	18	1	10	515495	5142964
Stephanie Poetri	I Love You 3000	113	9	5	83559	5137415
JENNIE	Mantra	13	1	6	1023284	5090332
PC	Ghé Qua	28	0	84	226689	5059199
tlinh	Gái Độc Thân	86	0	17	142463	5048914
Jimin	Closer Than This	13	3	3	1183389	5041683
Taylor Swift	Blank Space	172	0	51	125211	5032515
Billie Eilish	bad guy	89	20	3	89605	5027830
Phan Mạnh Quỳnh	Có Chàng Trai Viết Lên Cây	93	7	2	170410	4956109
Hà Nhi	Lâu Lâu Nhắc Lại	42	0	28	172183	4912795
Bella Poarch	Build a Bitch	52	8	3	360207	4903528
BTS	Euphoria	167	2	4	173617	4895864
VSTRA	PHONG	48	0	29	183675	4886508
Tama	Ngày Em Đẹp Nhất	41	0	104	137205	4882950
Hoàng Thùy Linh	De Mi Noi Cho Ma Nghe	94	19	3	139024	4859900
ERIK	Dịu Dàng Em Đến	58	0	29	117193	4821415
Olivia Rodrigo	drivers license	86	1	7	175786	4798246
Tyronee	Track 06	11	0	15	658324	4788804
Hoài Lâm	Hoa Nở Không Màu	62	6	7	159552	4749550
Đức Phúc	Em Đồng Ý (I Do)	24	3	2	506807	4707264
Melanie Martinez	Play Date	81	11	2	164683	4695120
Chillies	Vùng Ký Ức	74	9	1	178359	4683771
Jin	The Astronaut	23	6	1	820876	4670100
Đen	Hai Triệu Năm	113	5	3	111189	4669461
SOOBIN	The Playah (Special Performance)	58	7	5	244380	4621009
Sơn Tùng M-TP	THERE'S NO ONE AT ALL	30	6	1	1015097	4602607
Đức Phúc	Cũng Đành Thôi	137	0	63	141254	4598631
SUNI	Cảm Nắng	63	0	77	115277	4593943
W/N	id T41104	24	0	26	344898	4582116
Phạm Nguyên Ngọc	Sao Em Lại Tắt Máy?	82	0	103	89122	4557462
Đức Phúc	Ngày Đầu Sau Chia Tay	24	0	54	258987	4546681
AMEE	Cuộc gọi lúc nửa đêm	15	0	11	568782	4475128
Dept	Van Gogh	27	0	41	316847	4437586
Shiki	Có Đôi Điều	8	0	11	749823	4435126
Vũ.	Nếu Những Tiếc Nuối	16	0	47	387220	4403453
BLACKPINK	Lovesick Girls	62	6	1	540170	4386162
Glass Animals	Heat Waves	60	0	28	121593	4361773
Quân A.P	Bông Hoa Đẹp Nhất	91	0	32	151996	4357434
Tiên Tiên	Đâu Cần Một Bài Ca Tình Yêu	109	5	5	63874	4329759
ERIK	Em Không Sai, Chúng Ta Sai	74	0	25	384742	4311014
Ed Sheeran	Bad Habits	60	3	3	255683	4304348
tlinh	người điên	23	1	10	384388	4298371
Ariana Grande	thank u, next	116	22	1	64714	4297190
BTS	Black Swan	63	12	1	509681	4281676
Hoàng Dũng	Thói Quen (25 mét vuông)	62	0	39	99537	4280952
Wxrdie	Bước Za Đi Xa	21	0	61	291679	4279139
j-hope	Arson	19	4	1	1014634	4250576
NewJeans	Hype Boy	38	0	20	167525	4225676
Ngô Lan Hương	Đi Giữa Trời Rực Rỡ	14	0	41	348854	4217865
Wxrdie	Tim Anh Ghen	14	0	43	392044	4215652
JENNIE	SOLO	124	11	2	111867	4213901
ERIK	Dù Cho Tận Thế	2	2	1	2230677	4210589
Thanh Hưng	Lao Tâm Khổ Tứ	24	0	122	200639	4191585
Đen	Trời hôm nay nhiều mây cực!	73	4	1	219394	4191519
RAP VIỆT	Khi Cơn Mơ Dần Phai	16	2	5	739669	4186371
BTS	FAKE LOVE	133	16	1	222114	4180406
Miu Lê	Vì Mẹ Anh Bắt Chia Tay	25	7	2	511007	4167999
Dương Domic	Pin Dự Phòng	13	0	38	400582	4152749
BLACKPINK	Kill This Love	95	11	1	282788	4126714
Thái Đinh	Phố Không Em	125	0	62	49079	4120018
Tones And I	Dance Monkey	66	14	1	143157	4113403
BLACKPINK	Hard to Love	34	2	5	720712	4104486
Justin Bieber	Intentions	68	14	1	142282	4093891
Ariana Grande	34+35	69	0	14	109835	4078291
Tate McRae	greedy	30	0	107	156741	4054012
Thịnh Suy	Mai Mình Xa	28	0	85	190265	4043214
Low G	Bảo Tàng	22	0	33	337851	4034281
My Anh	Real Love	63	0	32	94073	4020474
RAP VIỆT	ANH ĐÃ LÀM GÌ ĐÂU	12	0	22	680071	4018943
Obito	Simple Love	31	0	155	145182	4000986
aespa	Supernova	18	0	15	374331	3999184
ROSÉ	drinks or coffee	11	0	25	650026	3985327
RAP VIỆT	ĐÂU PHẢI VỢ ANH	15	0	48	367774	3976311
Cầm	Có Đâu Ai Ngờ	37	0	23	173723	3968554
LISA	LALISA	39	7	1	506931	3967435
K-ICM	Chim Quý Trong Lồng	30	7	4	232108	3959710
Lil Nas X	INDUSTRY BABY	52	0	13	118427	3924364
The Weeknd	Blinding Lights	97	0	39	108889	3924240
RAP VIỆT	LƯỚT TRÊN CON SÓNG	13	0	27	585958	3894736
RAP VIỆT	Va Vào Giai Điệu Này	57	5	2	243669	3880483
Phạm Lịch	Là Anh	22	0	14	361586	3877342
Fujii Kaze	Shinunoga E-Wa	36	0	58	139054	3869515
JENNIE	You & Me	17	1	7	565826	3866101
benny blanco	Bad Decisions	17	5	1	1026899	3851159
SK Pictures	Đi Giữa Trời Rực Rỡ (Original Soundtrack from “Đi Giữa Trời Rực Rỡ”)	12	0	34	425322	3844994
BigDaddy	Yêu Nắm	17	0	26	389753	3843856
Noo Phước Thịnh	Thuong Em La Dieu Anh Khong The Ngo	130	4	4	37629	3825976
Tăng Duy Tân	Cắt Đôi Nỗi Sầu	17	0	15	400521	3822518
Masew	Lửng Lơ	41	0	135	160862	3817538
MIN	Có Em Chờ	26	0	139	179836	3806113
Vũ Cát Tường	Có Người	84	3	9	77684	3796467
Harry Styles	As It Was	52	0	29	112608	3775623
SIXTYUPTOWN	Girl Hà Nội (ft. Dangrangto, Lu, Rem)	21	0	95	257325	3773217
Bích Phương	Nâng Chén Tiêu Sầu	14	1	7	663676	3764012
Hoàng Thùy Linh	Gieo Quẻ	31	6	1	283351	3742274
Vũ.	Phút Ban Đầu	163	0	49	53519	3728623
NewJeans	Super Shy	21	0	12	346998	3727492
Dangrangto	MOIEM	15	0	46	327963	3724674
Jin	Yours	41	3	2	477000	3704263
JustaTee	Forget About Her	25	0	31	229069	3701940
Ed Sheeran	Shape of You	171	0	20	36516	3686513
BTS	ON	68	7	1	332742	3663795
Adele	Easy On Me	34	6	1	473784	3650143
Taylor Swift	Fortnight	13	3	2	868194	3629659
Đen	Mười Năm (Lộn Xộn 3)	125	0	17	46196	3616774
Ed Sheeran	Perfect	173	0	25	31836	3597185
AMEE	thay mọi cô gái yêu anh	35	1	6	236837	3568081
BAN	MD Anniversary	19	0	52	232861	3551976
Ronboogz	Khi Mà	25	0	147	205822	3502621
W/N	id thang máy	12	1	10	599202	3492652
Hà Nhi	Chưa Quên Người Yêu Cũ	43	0	36	167488	3482870
Miley Cyrus	Flowers	18	2	7	299054	3450105
Chillies	Qua Khung Cửa Sổ	44	2	4	204370	3443768
Trúc Nhân	Có Không Giữ Mất Đừng Tìm	29	4	5	259784	3440230
Tóc Tiên	Ngày Tận Thế	79	0	15	102974	3439536
Jung Kook	Still With You	16	3	3	677562	3431202
"ANH TRAI ""SAY HI"""	ĐẦU ĐỘI SỪNG	17	0	48	308446	3425109
Thịnh Suy	Mot Dem Say (X)	34	0	71	139557	3424228
SimonC	Lạc Vào Trong Mơ	43	0	56	136857	3422626
Maroon 5	Girls Like You	114	18	2	46474	3421161
HIEUTHUHAI	ngủ một mình	27	0	21	200562	3386123
Văn Mai Hương	Hương	34	3	7	185884	3366413
RAP VIỆT	Dân Chơi Xóm	34	6	3	275246	3365626
d4vd	Here With Me	34	0	70	137209	3364156
Tiên Tiên	Em Khong The	128	11	1	98723	3356472
Alan Walker	Lily	111	1	10	41216	3351810
LISA	Rockstar	9	2	8	821784	3316122
Bích Phương	Đi Đu Đưa Đi	67	9	5	96000	3314657
RM	LOST!	9	2	1	1550229	3302204
Rocky CDE	Việc Nên Làm	18	0	95	228851	3288763
V	Sweet Night	68	2	1	189261	3259608
The Weeknd	Save Your Tears	47	0	17	152997	3244522
Dab	overtired	34	0	126	153177	3240851
Ava Max	Sweet but Psycho	110	0	13	44305	3232325
Tăng Duy Tân	Say Sóng	15	0	59	309589	3225177
Taylor Swift	Lover	55	5	2	166762	3224379
Red Velvet	Psycho	64	9	1	205528	3219700
Lady Gaga	Always Remember Us This Way	109	2	3	102525	3216822
V	Slow Dancing (Piano Ver.)	12	3	7	562750	3215604
Halsey	Lilith	8	3	4	1111902	3201873
Double2T	À Lôi	17	0	19	276479	3187750
V	Blue	11	2	4	982650	3186212
Kendrick Lamar	luther	13	0	30	500913	3158986
GAYLE	abcdefu	31	1	10	142359	3147222
NewJeans	Attention	29	0	13	194479	3141528
Đen	Mang Tiền Về Cho Mẹ	34	4	3	386620	3134767
Hoang Dung	Nàng Thơ	19	16	2	206344	3134620
Alan Walker	On My Way	81	7	4	63761	3120685
Olivia Rodrigo	deja vu	61	0	40	109160	3118711
Amee	Tình Bạn Diệu Kỳ	26	5	2	314820	3102774
ROSÉ	two years	11	0	26	649340	3093822
Kina	Can We Kiss Forever?	61	0	14	67802	3088662
Khói	Là Do Em Xui Thôi	40	0	85	103284	3084944
MOPIUS	LÀN ƯU TIÊN	11	0	51	364302	3058060
thủy	girls like me don't cry	25	0	25	160647	3056486
T.R.I	Chúng Ta Sau Này	61	0	73	67895	3055293
RAP VIỆT	Baby Gọi Cho Anh	14	1	8	380466	3051108
Hoàng Thùy Linh	không một bài hát nào có thể diễn tả cảm xúc của em lúc này.	28	1	7	245154	3035667
BLACKPINK	Ice Cream	42	8	2	304673	3019568
PAR SG	Lý Do Nào Để Quay Lại Với Nhau	28	0	104	133816	3017900
NICKY	thật quá đáng.. để yêu	13	0	71	308995	3012506
V	For Us	11	2	5	801237	2998241
Billie Eilish	lovely	147	0	37	33953	2995295
AMEE	Shay Nắnggg	37	0	13	206182	2993408
"ANH TRAI ""SAY HI"""	WALK	14	0	41	321176	2986058
HIEUTHUHAI	Không Phải Gu	20	0	51	222562	2970902
Lil Nas X	MONTERO (Call Me By Your Name)	44	0	21	142797	2957649
BABYMONSTER	SHEESH	15	0	45	296478	2941134
Sia	Snowman	34	0	22	205560	2939338
Sơn Tùng M-TP	Một Năm Mới Bình An	16	0	19	581312	2929790
Trung Quân	Và Ngày Nào Đó	32	0	68	105857	2927358
Dua Lipa	Don't Start Now	63	5	3	108874	2911792
ROSÉ	3am	11	0	34	576294	2907661
RAP VIỆT	VỀ QUÊ	16	0	25	246754	2895584
Huỳnh Tú	Đường Một Chiều	67	0	114	145160	2886100
Pháo	Một Ngày Chẳng Nắng	20	0	46	201152	2875331
Bùi Anh Tuấn	Hẹn Một Mai	20	0	109	174790	2856101
ROSÉ	gameboy	11	0	35	574024	2850864
Lou Hoàng	Bắt Cóc Con Tim	24	4	9	224464	2850383
Low G	Càng Cua	26	0	66	139759	2849939
ROSÉ	stay a little longer	11	0	36	557369	2841058
buitruonglinh	Từng Ngày Yêu Em	7	0	19	606924	2837932
Olivia Rodrigo	good 4 u	49	0	19	137805	2836303
Jin	I'll Be There	3	2	5	1433598	2821049
Sam Smith	Unholy	27	0	38	151343	2817327
tlinh	NGÂN	11	0	42	390732	2815143
Jack - J97	Hoa Hải Đường	51	1	7	126072	2812940
AMEE	Em Bé	57	0	48	133343	2811427
Vũ.	Her Summer	85	4	3	112428	2787333
Orange	Em Hát Ai Nghe	48	0	32	87729	2786838
ROSÉ	dance all night	11	0	46	452271	2785474
Metro Boomin	Creepin'	27	0	53	127075	2783263
Maléna	Cheri Cheri Lady	21	0	32	227046	2781649
BTS	For Youth	14	4	3	1077497	2769912
Artist Page Redirect Cleanup 2023	Lời Đường Mật	44	0	29	99226	2763678
Mỹ Tâm	Đúng Cũng Thành Sai	59	0	15	110063	2763657
Post Malone	Sunflower - Spider-Man: Into the Spider-Verse	94	8	4	113046	2755108
RAP VIỆT	TUYẾT TRÊN PHỐ	13	0	69	278339	2734661
Binz	Gene	82	0	43	56602	2733258
Doja Cat	Paint The Town Red	16	0	24	299187	2728062
Agust D	Daechwita	22	3	1	554436	2716931
Trung Tu	Vừa Hận Vừa Yêu	11	0	24	382008	2715475
Wxrdie	Băng Qua Cầu Giấy	12	0	41	378885	2693304
Sia	Unstoppable	53	0	68	74936	2687844
Binz	So Close	86	0	55	44441	2685847
FIFTY FIFTY	Cupid	15	0	26	270598	2672661
Mariah Carey	All I Want for Christmas Is You	35	1	10	197932	2669032
Lil Van	Trương Đình Hoàng	10	0	39	416460	2668044
Charlie Puth	Light Switch	33	0	14	175740	2667964
BLACKPINK	Pretty Savage	45	3	2	411896	2641628
Sasha Alex Sloan	Dancing With Your Ghost	84	0	81	38654	2635550
Lukas Graham	Happy For You	33	4	1	327185	2628013
Tùng Dương	Tái Sinh	11	0	76	291826	2624414
Mỹ Tâm	Nguoi Hay Quen Em DI	101	19	1	97339	2624072
Doja Cat	Woman	50	0	43	81607	2619222
BLACKPINK	Tally	18	1	8	551125	2612754
ERIK	Đau Nhất Là Lặng Im	17	3	3	295145	2602486
Wxrdie	Mời Em	11	0	69	283176	2601511
Masked Wolf	Astronaut In The Ocean	31	0	18	146740	2600729
Phuc Du	đứa nào làm em buồn?	22	1	3	293810	2600591
Conan Gray	Heather	65	0	62	180923	2597934
ROSÉ	too bad for us	11	0	39	477061	2575078
SOOBIN	Đi Để Trở Về	19	0	45	352882	2574824
Kay Chau Anh	Think About U	13	0	102	251298	2562484
11:11 Music Group	Past Lives	50	0	73	72628	2558626
Zack Tabudlo	Pano	21	0	16	179599	2556477
Nguyên Hà	Nhắm Mắt Thấy Mùa Hè	84	0	71	43265	2552841
Thiều Bảo Trâm	Sau Lưng Anh Có Ai Kìa	26	2	5	216673	2545636
AMEE	yêu thì yêu không yêu thì yêu	42	2	7	124393	2544289
Phùng Khánh Linh	Hôm Nay Tôi Buồn	138	0	13	31844	2504703
Ariana Grande	Stuck with U	62	6	3	144945	2502500
Tia	Ai Đưa Em Về	81	0	69	61188	2500994
Thái Đinh	Đi Qua Mùa Hạ	89	0	95	45685	2500271
TRANG	Chưa Được Yêu Như Thế	15	0	61	239626	2496835
Nguyễn Minh Xuân Ái	Là Từ Lúc	17	0	97	188570	2495987
HIEUTHUHAI	Vệ Tinh	31	0	90	104519	2483767
Wren Evans	Quyền Anh	10	0	35	410135	2481942
j-hope	on the street	11	1	2	662260	2474656
Ed Sheeran	Shivers	37	1	10	134954	2461051
Nguyên Hà	Sau Nay, Hay Gap Lai Nhau Khi Hoa No	59	1	9	87875	2460023
Trúc Nhân	Người Ta Có Thương Mình Đâu	109	7	2	45521	2453327
SOOBIN	BLACKJACK	30	4	6	195835	2439008
Bùi Lan Hương	Ngày Chưa Giông Bão	100	0	12	55072	2434055
LISA	Moonlit Floor	8	0	34	437426	2430938
Trung Quân	Tình Nào Không Như Tình Đầu	43	1	10	113600	2425034
Bảo Anh	Từng Là Của Nhau	25	0	12	204511	2420762
W/N	id 2022	14	0	61	269936	2418939
BTS	The Planet	7	1	2	1016271	2413585
Ngọt	Thấy Chưa	29	0	43	137242	2411587
PSY	That That (prod. & feat. SUGA of BTS)	10	4	2	1008814	2411142
Thiều Bảo Trâm	Một Mình Có Buồn Không	28	2	7	167393	2403732
Juice WRLD	Girl Of My Dreams	21	3	1	498962	2402077
Wren Evans	Tình Yêu Vĩ Mô	10	0	36	405829	2396239
Ariana Grande	Santa Tell Me	31	0	14	168632	2396133
Dương Domic	Chập Chờn	12	0	93	253551	2393466
Dương Domic	Yêu Em 2 Ngày	14	0	123	215716	2391927
salem ilese	Mad at Disney	49	0	30	70248	2382911
"ANH TRAI ""SAY HI"""	BAO LỜI CON CHƯA NÓI	13	0	59	274641	2381098
Mỹ Tâm	Hẹn Ước Từ Hư Vô - Live	29	0	13	173349	2380351
Bích Phương	Bùa Yêu	111	19	1	90792	2358694
V	White Christmas	3	1	5	1716780	2352002
SUNI	Em Đã Biết	34	0	100	116688	2350654
Lauv	I Like Me Better	122	0	40	30703	2347342
Doja Cat	Agora Hills	17	0	82	180664	2342914
GIVĒON	Heartbreak Anniversary	46	0	39	102795	2340851
The Wind	Anh Muốn Nhìn Thấy Em	10	0	78	276313	2336525
T.R.I	một bài hát không vui mấy - Extended Version	7	0	36	423481	2317484
Obito	Tell the kids i love them	14	0	125	207708	2310131
MIN	Em Mới Là Người Yêu Anh	95	14	1	69970	2309328
Jack - J97	Đom Đóm	35	2	7	182021	2308163
Charlie Puth	Dangerously	22	0	87	143445	2305605
RAP VIỆT	Để Anh Một Mình	17	0	50	183099	2299459
Ed Sheeran	I Don't Care	60	7	2	92425	2292482
David Kushner	Daylight	22	0	111	124110	2287170
Ava Max	So Am I	85	0	21	32550	2285770
IVE	After LIKE	25	0	15	197020	2283528
Hồ Ngọc Hà	Cô Đơn Trên Sofa	22	0	58	132735	2277357
QNT	Querry	30	0	34	119703	2258024
LE SSERAFIM	Perfect Night	17	0	101	153910	2257225
RM	Come back to me	4	2	1	1288680	2251079
Vũ.	Cô ta	19	1	10	235390	2244727
Bebe Rexha	I'm a Mess	112	0	20	29237	2241688
Thịnh Suy	Tình Yêu Xanh Lá (juju)	32	0	17	121506	2234767
K-ICM	Lời Nói Dối Sau Nụ Cười	19	2	2	336755	2228885
ROSÉ	not the same	10	0	40	470660	2224753
BTS	Blue & Grey	46	1	5	241514	2218204
Bazzi	I.F.L.Y.	70	0	19	47765	2215344
ROSÉ	call it the end	10	0	47	445639	2213528
buitruonglinh	Vì Điều Gì	9	0	75	286428	2206432
Wxrdie	Nhạc Trap Căng Nhất 2023	17	0	116	150185	2204589
BLACKPINK	Don't Know What To Do	79	2	2	105529	2188068
UMI	wherever u r	5	1	6	1076639	2180338
tlinh	nữ siêu anh hùng	15	0	40	237576	2175684
Sam Smith	Dancing With A Stranger	85	8	5	38939	2173818
BTS	Born Singer	11	2	4	879045	2166867
Taylor Swift	ME!	63	5	4	70144	2163286
ZICO	SPOT!	8	0	11	446843	2151826
BTS	DNA	104	1	8	223231	2149189
Binz	Don't Break My Heart	18	2	6	281103	2149106
Dua Lipa	Levitating	45	0	54	83316	2144709
WHEE!	Bất Bình Thường	28	0	81	96029	2132666
JUUN D	So Rang Em Biet Anh Con Yeu Em	69	0	101	40761	2130608
IVE	LOVE DIVE	32	0	17	138062	2130223
Mỹ Tâm	Nơi Mình Dừng Chân (Nhạc Phim Chị Trợ Lý Của Anh)	66	0	62	38105	2115990
RM	Wild Flower	16	1	4	328725	2111194
Hoàng Tôn	Tình Yêu Ngủ Quên	39	0	57	76921	2099991
Noo Phước Thịnh	I'm Still Loving You	57	2	6	94591	2093232
Rhymastic	Freaky Squad	33	0	39	93749	2084587
Jonas Brothers	Sucker	67	5	5	51812	2084526
ERIK	Chạy Về Khóc Với Anh	25	0	12	175850	2080029
BTS	Film out	34	1	8	215308	2075087
Mỹ Tâm	Noi Minh Dung Chan (Nhac Phim Chi Tro Ly Cua Anh)	55	11	3	59846	2068720
Megan Thee Stallion	Neva Play	5	1	5	993862	2059535
Wren Evans	Lối Chơi (Interlude)	9	0	48	342256	2039087
Lady Gaga	Sour Candy	27	6	1	391575	2032224
RAP VIỆT	Rolling Down	9	1	6	408928	2029901
aespa	Whiplash	7	0	36	438344	2028337
Pháo	Kìa Bóng Dáng Ai	16	0	43	176398	2023651
Phương Mỹ Chi	Bóng Phù Hoa	12	0	37	235875	2020027
24kGoldn	Mood	55	0	66	54802	2015378
Orange	"Tự Sự - Original Soundtrack from ""Qua Bển Làm Chi"""	33	0	84	89361	2002989
Agust D	People, Pt. 2	2	2	1	1258341	2001684
FINNEAS	Let's Fall in Love for the Night	58	0	45	49729	2001170
The Weeknd	Save Your Tears (Remix)	37	0	107	82389	1996108
Surf Mesa	ily	54	0	21	66207	1979280
K-ICM	Chân Mây	13	4	3	257610	1978734
"ANH TRAI ""SAY HI"""	CỨ ĐỂ ANH TA RỜI ĐI	11	0	66	248911	1974777
Mỹ Tâm	Muon Mang La Tu Luc	101	6	7	44105	1974759
Marshmello	FRIENDS	117	10	2	60981	1968035
Ed Sheeran	Beautiful People	52	3	9	81181	1963877
Trung Quân	Tự Tình 2	22	0	27	157416	1940749
Noo Phước Thịnh	Em Đã Thương Người Ta Hơn Anh	31	0	15	105250	1937929
Karik	Có Chơi Có Chịu	18	0	11	233311	1926043
Taylor Swift	Anti-Hero	17	1	2	362601	1916336
BTS	Make It Right	59	4	2	196609	1905679
Camila Cabello	Havana	107	7	6	43177	1901982
Arizona Zervas	ROXANNE	43	0	22	61902	1901352
Thịnh Suy	Nghe Em	69	0	108	38814	1894989
Wxrdie	Trở Về	9	0	96	252413	1883479
AMEE	nàng thơ... trời giấu trời mang đi	30	0	14	137636	1875925
Imagine Dragons	Believer	120	0	64	36419	1875442
GPG msmy	YOU	19	0	54	156338	1873790
RAP VIỆT	QUA TỪNG KHUNG HÌNH	7	0	32	440525	1869772
Dan + Shay	10,000 Hours	44	2	2	111048	1866591
Sơn Tùng M-TP	Nắng Ấm Ngang Qua	23	0	46	126069	1866213
Đen	Đưa Nhau Đi Trốn (Chill Version)	74	0	81	37487	1865930
Wren Evans	ĐĐĐ	9	0	56	311533	1863742
WeChoice	Dám Rực Rỡ	8	0	50	321736	1862215
ZAYN	Dusk Till Dawn	134	0	59	28477	1860308
MANBO	CUA	42	0	29	163122	1859368
JVKE	Angel Pt. 2	5	1	3	1062452	1850935
imase	NIGHT DANCER	20	0	91	133136	1848198
Bảo Anh	cô ấy của anh ấy	12	0	23	282205	1845486
IU	eight(Prod.&Feat. SUGA of BTS)	35	5	1	206389	1844189
Binz	SO FAR	52	0	72	42416	1841364
Post Malone	Circles	45	2	8	79449	1840037
MONO	Đi Tìm Tình Yêu	9	0	61	261361	1836757
MYLINA	Giấc Mơ Của Em	13	0	53	181028	1836558
Tăng Phúc	Chỉ Là Không Cùng Nhau (Live Version)	23	0	24	138179	1835107
Jung Kook	Yes or No	8	0	13	537933	1829253
Jack - J97	Thiên Lý Ơi	10	0	53	260267	1818811
Doja Cat	Need To Know	40	0	29	90994	1815305
Cardi B	WAP	37	0	24	85505	1812175
SOOBIN	Anh Đã Quen Với Cô Đơn	21	0	95	192508	1811529
Doja Cat	Say So	38	6	6	84615	1810326
Wxrdie	Vinflow	16	0	142	144137	1807882
RPT MCK	Badtrip	14	0	25	258833	1807153
Wren Evans	Việt Kiều	10	0	57	275083	1803971
Ngô Kiến Huy	Truyen Thai Y	34	7	2	126403	1798259
Shawn Mendes	If I Can't Have You	60	4	5	63582	1797511
BTS	Telepathy	42	1	9	198737	1797321
RAP VIỆT	We Go Hard	14	0	64	156852	1796702
Winno	Muốn anh đau	12	0	106	179034	1788583
RAP VIỆT	Từ Chối Hiểu	10	0	21	290681	1777976
Hải Đăng Doo	Chuyện Chúng Ta Sau Này	8	0	59	321176	1774062
Billie Eilish	wish you were gay	69	2	7	44120	1772409
Low G	Chán Gái 707	23	0	76	125857	1772300
Dangrangto	GOODBYE ROCKY	11	0	119	170685	1770138
BLACKPINK	DDU-DU DDU-DU	80	2	1	94526	1767326
tlinh	DÂU TẰM	8	0	65	279292	1761743
Lauv	i'm so tired...	73	4	8	38773	1761621
Lady Gaga	Shallow	79	7	1	48874	1757211
BTS	My Time	39	2	6	238322	1752452
Hoàng Thùy Linh	Run After Two Hares, Catch None	39	3	5	134694	1750851
Ngọt	để quên	19	0	33	126036	1749424
K-ICM	Like This	15	2	3	203882	1742150
Bruno Mars	Talking to the Moon	35	0	42	93537	1740571
Post Malone	I Like You (A Happier Song)	20	0	14	165247	1739313
BTS	The Truth Untold	93	4	2	105285	1737385
Mỹ Tâm	Neu Anh Di	101	4	9	38446	1732358
The Sheep	Người Ta Thành Đôi Hết Rồi	26	0	104	78929	1729492
The Kid LAROI	TOO MUCH	3	1	6	1038600	1719287
Mer	tâm	13	0	141	153124	1712544
Justin Bieber	Love Yourself	123	0	79	30775	1711772
aespa	Drama	12	0	51	245082	1708574
Freaky	Gu - Cukak Remix	46	0	90	44908	1706404
BLACKPINK	As If It's Your Last	107	0	52	95370	1691058
BTS	HOME	58	3	3	196437	1684306
AMEE	Miền Mộng Mị	6	0	21	396046	1675621
Trevor Daniel	Falling	44	0	30	56861	1674455
AMEE	đen đá không đường	17	0	97	144703	1672754
Taylor Swift	You Need To Calm Down	44	5	2	122075	1672358
The Chainsmokers	Closer	120	0	72	23472	1670452
JayKii	Đừng Như Thói Quen	31	0	112	70581	1669243
Nguyên Hà	Nham Mat Thay Mua He OST - Original	84	0	48	38736	1668782
Justin Bieber	Yummy	29	6	6	116497	1665131
Sam Smith	Too Good At Goodbyes	107	0	29	28705	1663046
BTS	Stay	37	1	10	195987	1657266
Justin Bieber	Ghost	37	0	81	57852	1649635
SHAED	Trampoline	53	0	28	50940	1643627
Jung Kook	My You	5	2	4	577121	1632701
Clean Bandit	Symphony	121	0	75	22307	1625397
Bằng Kiều	Dẫu Có Lỗi Lầm	8	0	41	317012	1625080
Billie Eilish	everything i wanted	33	4	3	118716	1623498
Huyền Tâm Môn	Phố Đã Lên Đèn	36	0	86	58820	1618119
The Chainsmokers	Something Just Like This	119	0	69	21884	1616048
BTS	Intro : Persona	25	3	1	533288	1614815
BTS	Spring Day	74	1	7	322933	1613476
Anh Tú Atus	Nỗi Đau Đính Kèm	9	0	137	199219	1612317
Imagine Dragons	Bad Liar	63	0	13	46020	1611891
Renja	Phi Hành Gia	24	0	33	93816	1604832
BIGBANG	Still Life	10	3	2	464740	1604669
IVE	I AM	12	0	27	242112	1600697
Kai Đinh	điều vô tri nhất	9	0	81	215995	1589583
Cash Cash	Hero	40	0	94	48239	1588722
D Blue	Chỉ Còn Ta Và Ta Giữa Trời	16	0	151	147357	1586481
Lu	chẳng giống giáng sinh	15	0	65	233156	1583502
Wham!	Last Christmas	26	0	13	142900	1583225
Myra Trần	Tình Yêu Đến Sau	16	0	62	117047	1580449
Đen	Ai muốn nghe không	19	2	9	221243	1575866
Hoàng Yến Chibi	Yêu Thầm	17	0	14	171385	1566282
BTS	Fly To My Room	34	1	6	219842	1564536
Kha	Em Có Nghe	47	0	57	44801	1563719
Tiên Tiên	Cần Gì Hơn	35	1	3	116766	1562439
Olivia Rodrigo	vampire	10	0	13	341402	1560767
BLACKPINK	The Happiest Girl	8	1	4	721623	1553332
The Walters	I Love You So	34	0	122	124083	1546512
Ariana Grande	boyfriend	45	3	3	118702	1539449
Orinn	Chỉ Muốn Bên Em Lúc Này (Lofi Ver.)	41	0	118	50233	1535816
Selena Gomez	Back To You	93	5	6	34663	1530796
B Ray	Thiêu Thân	16	0	16	171246	1528683
ENHYPEN	Polaroid Love	23	0	29	112556	1526959
Wxrdie	Nu Cep	9	0	175	183604	1522801
RAP VIỆT	Người Miền Núi Chất	10	0	61	187179	1518298
RAP VIỆT	Anh Không Cố Ý	9	0	21	260481	1517669
Selena Gomez	Wolves	102	0	14	36794	1516950
Doja Cat	You Right	32	0	13	159258	1514397
TREASURE	DARARI	21	0	19	143020	1513873
Tommy Richman	MILLION DOLLAR BABY	10	0	84	190999	1511861
Chillies	Cảm Ơn Và Xin Lỗi	59	0	57	37727	1510786
BTS	We are Bulletproof : the Eternal	35	3	6	229412	1510199
"ANH TRAI ""SAY HI"""	CHÀNG KHỜ THUỶ CUNG	7	0	53	291815	1510144
NewJeans	Cookie	20	0	50	107857	1510019
Justin Bieber	Lonely	27	0	15	101375	1506947
Ed Sheeran	Photograph	107	0	47	22153	1505743
Trúc Nhân	Sáng Mắt Chưa	36	4	6	70677	1504341
BABYMONSTER	LIKE THAT	11	0	110	178359	1500289
Phong Max	Hoa Cỏ Lau	13	0	77	140617	1499766
The Weeknd	Starboy	15	0	140	147063	1496867
League of Legends	GODS	8	0	43	264959	1494551
SOOBIN	Nếu Ngày Ấy	9	0	152	194609	1492756
j-hope	NEURON	5	1	4	872664	1489914
Coldzy	FEVER	10	0	76	201277	1484904
LE SSERAFIM	ANTIFRAGILE	18	0	87	98321	1481751
14 Casper	Bao Tiền Một Mớ Bình Yên	45	0	144	43135	1479753
Meghan Trainor	Made You Look	13	0	21	184130	1476955
Shawn Mendes	Treat You Better	98	0	62	25724	1468896
HIEUTHUHAI	Xoay Một Vòng	11	0	152	140578	1454877
TAEYANG	VIBE	10	1	2	538258	1453174
Tuyên	Sài Gòn Tôi Mưa	12	0	98	139270	1448713
Dua Lipa	Break My Heart	25	1	2	113368	1444327
Vũ Cát Tường	If	76	2	4	35978	1443039
The Chainsmokers	Call You Mine	53	0	20	55705	1442751
Vang	Em Là Hoàng Hôn	35	0	83	55492	1441777
Lana Del Rey	Say Yes To Heaven	13	0	60	169788	1438613
RAP VIỆT	Giàu Vì Bạn, Sang Vì Vợ	20	3	7	144562	1426952
MIN	Em Moi La Nguoi Yeu Anh - Original	57	0	64	36944	1426736
Alan Walker	All Falls Down	85	8	3	57830	1424941
Fujii Kaze	死ぬのがいいわ	12	0	29	176477	1424585
Marshmello	Happier	81	2	7	22487	1422704
Đạt G	Thêm Bao Nhiêu Lâu	10	0	106	176243	1418108
Wren Evans	Màu Đỏ (Interlude)	12	0	114	172374	1417375
1 9 6 7	Đường Tôi Chở Em Về - Lofi	34	0	62	58917	1414871
tlinh	kho báu đánh rơi	9	0	28	270085	1414783
BTS	Friends	29	2	4	257109	1413625
Hà Anh Tuấn	Tháng 4 Là Lời Nói Dối Của Em	36	0	61	70549	1410848
Hứa Kim Tuyền	anh sẽ đến cùng cơn mưa	16	0	68	118832	1410715
Jawsh 685	Savage Love (Laxed – Siren Beat) [BTS Remix]	26	0	11	168972	1407440
Sabrina Carpenter	Nonsense	16	0	88	129985	1403352
Zedd	The Middle	87	10	2	57444	1403185
Hoàng Tôn	Yêu Em Rất Nhiều	26	0	76	81076	1402311
Colde	Don't ever say love me	6	1	7	552193	1401422
Sơn Tùng M-TP	CHẠY NGAY ĐI	60	8	1	114670	1400025
BTS	Dis-ease	32	0	11	190225	1399746
HIEUTHUHAI	Mamma Mia	11	0	118	145127	1399496
Văn Mai Hương	Đại Minh Tinh	8	0	36	254995	1397492
BLACKPINK	Love To Hate Me	24	2	5	345011	1397221
The Chainsmokers	Takeaway	47	0	13	53525	1396934
AMEE	sao anh chưa về nhà	47	0	78	37637	1393404
Chris Brown	Under The Influence	22	0	100	72093	1390691
Trúc Nhân	Lớn Rồi Còn Khóc Nhè	49	0	15	51943	1387906
Sam Smith	How Do You Sleep?	34	3	7	79796	1380171
AMEE	2000 câu hỏi vì sao	6	0	22	389688	1378433
Chillies	Em Đừng Khóc	11	3	3	267615	1377282
Tóc Tiên	Em Đã Có Người Mới	18	0	14	134066	1368566
Charlie Puth	That's Hilarious	16	0	18	145702	1367700
Chase Atlantic	Swim	7	0	103	246501	1364404
Đen	Đi Theo Bóng Mặt Trời	68	0	80	30682	1363590
Noo Phước Thịnh	Nhung Ke Mong Mo	70	4	7	31850	1362223
BLACKPINK	Bet You Wanna	16	3	2	408622	1355496
(G)I-DLE	TOMBOY	22	0	27	127343	1354624
Dương Edward	Rung Động	25	0	98	61574	1352815
Justin Bieber	Hold On	18	0	17	144011	1345467
Connor Price	Violet	11	0	25	268117	1344357
PhucXp	Chẳng Thể Tìm Được Em	30	0	57	62058	1343253
Maroon 5	Beautiful Mistakes	19	0	30	111619	1343098
YOASOBI	アイドル	13	0	67	153061	1341181
Agust D	AMYGDALA	7	0	18	304717	1331683
buitruonglinh	Dù Cho Mai Về Sau (Acoustic Version)	23	0	59	76137	1331326
T.R.I	một bài hát không vui mấy	7	0	111	233527	1331020
Flo D	#AiChoAi	26	0	62	70751	1330036
Selena Gomez	Lose You To Love Me	35	1	10	103832	1324614
Gracie Abrams	That’s So True	7	0	109	232900	1319725
JISOO	All Eyes On Me	7	1	7	515673	1316816
Low G	pho real	4	0	11	528504	1313614
Vũ.	Mùa Mưa Ấy	7	0	79	253633	1307216
Đạt G	Kho Ve Nu Cuoi	51	0	59	34901	1305767
RAP VIỆT	Tiền Nhiều Để Làm Gì	22	2	8	130240	1301669
Mai Tiến Dũng	Người Như Anh	17	0	85	93949	1300723
Binz	They Said	66	0	80	35000	1298986
Low G	Fashion Tán Gái	12	0	53	134735	1290668
yung kai	blue	7	0	110	234328	1289071
thủy	girls like me don't cry (remix) ft. MIN	11	0	61	171231	1288644
Sam Kim	Love Me Like That	25	0	41	79190	1279495
starfall	intentions	7	0	67	248248	1278792
Jin	Super Tuna	7	1	5	404829	1277932
Billie Eilish	when the party's over	74	0	28	26880	1276282
Olivia Rodrigo	happier	23	0	34	99615	1273902
Osad	Yêu Sắc Yếu	24	0	88	68866	1272427
James Arthur	Say You Won't Let Go	101	0	54	20083	1272025
Rhymastic	Nắng Lên	10	0	37	271849	1251952
Lauv	Who	30	3	1	181709	1246161
Tiên Tiên	Say You Do	24	0	38	72850	1245632
Đức Phúc	Nguoi Oi Nguoi O Dung Ve	24	0	26	88350	1242185
Vicky Nhung	Khi Cô Đơn Em Nhớ Ai (Lofi)	23	0	27	111890	1241443
Jung Kook	Hate You	5	0	12	543082	1241376
BTS	Dionysus	34	3	6	164604	1241129
Andree Right Hand	Nhạc Anh	21	0	55	117034	1240317
BTS	Jamais Vu	33	2	5	179943	1240235
TWICE	FANCY	56	0	13	48497	1235817
Elton John	Cold Heart - PNAU Remix	30	0	114	46198	1233975
aespa	Armageddon	6	0	30	285523	1232341
IVE	ELEVEN	22	0	41	96007	1228239
Olew	Vườn Hoa Con Cá	9	0	125	160094	1226671
Sabrina Carpenter	Please Please Please	8	0	83	189356	1219546
K-ICM	Phận Hoa Rơi	13	2	3	218508	1217864
Lil Nas X	Old Town Road - Remix	45	0	22	39266	1216113
B Ray	Mùa Hè Năm Đó	6	0	85	270518	1215368
Balming Tiger	SEXY NUKIM	7	2	1	511012	1214719
NewJeans	New Jeans	8	0	26	247560	1212636
NewJeans	Hurt	19	0	94	82333	1209865
TWICE	Feel Special	38	3	5	77952	1203239
RPT MCK	Ai Mới Là Kẻ Xấu Xa	8	0	29	239868	1190423
Jaymes Young	Infinity	21	0	65	69538	1189960
Ariana Grande	yes, and?	6	0	38	388409	1189114
Crush	Rush Hour (Feat. j-hope of BTS)	6	2	2	556322	1187983
Đen	Luôn yêu đời	9	0	13	296642	1184161
Charlie Puth	That’s Not How This Works	9	0	48	195453	1181580
Binz	Sao Cũng Được	38	0	100	38429	1180799
Jimin	Alone	7	1	8	413675	1178924
RAP VIỆT	Một Công Đôi Việc	7	0	32	235573	1177507
Tiên Tiên	Qua Ngay Mai	18	0	100	134250	1172799
BTS	Mikrokosmos	38	3	4	193670	1172704
LE SSERAFIM	EASY	8	0	93	185316	1166992
BLACKPINK	Yeah Yeah Yeah	6	1	7	596566	1162907
SUNI	Ngỏ Lời	10	0	62	155397	1162195
Hà Nhi	Hồi Kết	15	0	81	92445	1161683
RAP VIỆT	Sống Cho Hết Đời Thanh Xuân 4	7	0	31	246843	1158560
BTS	ON (Feat. Sia)	16	4	2	317978	1158303
Jimin	Face-off	7	1	9	405121	1150696
Jeremy Zucker	comethru (bonus track)	21	0	25	62497	1148281
Nguyễn Trọng Tài	HONGKONG12	41	0	22	57561	1145513
Độ Mixi	Độ Tộc 2	15	0	11	129176	1145013
BLACKPINK	Crazy Over You	16	2	4	362343	1136775
10CM	Spring Snow	6	0	58	217623	1131109
Lãng	Đủ trải sẽ thấm	11	0	127	114669	1128829
(G)I-DLE	Queencard	11	0	91	141133	1126026
Harry Styles	Watermelon Sugar	44	0	68	31131	1125993
"ANH TRAI ""SAY HI"""	ĐỀU LÀ CỦA EM	7	0	86	214165	1125617
Hoàng Thùy Linh	Tu Phu	31	2	6	120261	1116292
ERIK	Anh Luôn Là Lý Do	14	0	18	126359	1114920
TAEYANG	Shoong!	11	0	87	137981	1113111
Sub Urban	INFERNO	15	0	11	126140	1105893
BTS	Moon	21	0	11	213851	1104973
KHOA	Tết Đong Đầy	7	0	62	298718	1102236
HWASA	Maria	20	0	14	109911	1101017
BTS	IDOL	56	4	1	82757	1099745
Vũ.	Một Giấc Mơ	27	1	7	111637	1099378
WEAN	MOT NGUOI VI EM	27	0	44	54857	1099122
Bùi Công Nam	Tiến Hay Lùi (Nụ Hôn Bạc Tỷ Original Soundtrack)	3	0	33	468115	1096251
Jung Kook	Please Don't Change	5	0	19	474200	1094929
TGSN	Siren	18	0	31	121256	1089854
Đen	Cảm ơn	44	0	29	52289	1089661
Jimin	Slow Dance	3	1	8	681558	1086162
Dua Lipa	Kiss and Make Up	58	6	1	62392	1082591
Trung Quân	Anh Tự Do Nhưng Cô Đơn	14	0	48	117716	1081028
Wren Evans	Cơn Đau	9	0	17	167425	1080279
Vũ.	Chậm Lại	8	0	13	201755	1078306
Imagine Dragons	Enemy	14	0	27	103548	1073495
Quang Hùng MasterD	Đừng Vì Anh Mà Khóc	7	0	152	164850	1072389
Krix	Cô Gái Này Là Của Ai?	11	0	114	115734	1070258
RPT MCK	Show Me Love	8	0	34	228428	1069718
VSTRA	Đừng để nước mắt rơi	8	0	108	149746	1069521
NewJeans	How Sweet	5	0	20	339991	1059337
The Weeknd	Out of Time	19	0	52	92639	1056957
Doechii	What It Is (Solo Version)	11	0	120	107270	1056261
SHAUN	Way Back Home	50	13	1	74396	1051915
Đen	Diễn viên tồi	8	0	16	248422	1050997
Hoàng Dũng	Đoạn Kết Mới	12	0	17	148403	1043746
ZAYN	I Don’t Wanna Live Forever (Fifty Shades Darker)	92	0	71	20559	1042267
Fujii Kaze	Matsuri	8	0	45	180903	1039863
BTS	00:00 (Zero O’Clock)	18	2	5	241180	1032827
RPT MCK	Va Vào Giai Điệu Này	9	0	50	191288	1032380
Lauv	fuck, i'm lonely	41	0	32	41202	1030410
K-ICM	Chơi Vơi	8	1	3	358550	1024200
RAP VIỆT	Take It Easy	7	0	60	183141	1021814
Taylor Swift	Snow On The Beach	8	1	5	311982	1021630
"ANH TRAI ""SAY HI"""	YOU	7	0	122	171722	1016112
Jack - J97	LayLaLay	14	0	23	140060	1015504
BTS	Stay Gold	21	1	4	145395	1014885
salem ilese	PS5	14	0	38	107512	1012067
Ngọt	01 Chuyện Dở Dang	5	0	27	368503	1011808
Taylor Swift	willow	15	1	9	175654	1010555
Phương Mỹ Chi	Vũ Trụ Có Anh	7	0	46	206158	1010023
KayC	Bao Nhiêu Loài Hoa Remix	7	0	125	160196	1007923
Khoi Vu	Berlin	31	0	115	36154	1006178
Masew	Ái Nộ	21	0	80	55862	1005962
Clean Bandit	Solo	75	3	10	27323	1005911
aespa	Next Level	25	0	63	63910	1005894
ITZY	WANNABE	27	1	4	111593	993873
K-ICM	Victorious	12	2	6	203308	992321
Bình Gold	Trăng Hoa Mây Mưa	7	0	107	180819	990826
梦然	是你	10	0	90	136008	982836
Beat Record	Standing Next to You - Sped Up - Remix	1	1	2	977406	977406
DJ Snake	SG	11	1	2	269968	975290
Madihu	Có Khi	11	0	22	178226	974084
K-ICM	Hẹn Kiếp Tương Phùng	13	0	18	164576	973554
Post Malone	Goodbyes (Feat. Young Thug)	28	1	10	75529	972475
LISA	New Woman	4	0	18	422019	972462
JENNIE	Love Hangover	3	0	31	395976	972381
RPT MCK	Suit & Tie	8	0	47	206740	969788
Jawsh 685	Savage Love (Laxed - Sired Beat)	22	0	24	71538	968434
Jimin	Promise	5	0	11	357723	967822
Em Ellata	Ngày ấy (Yesterday)	6	0	72	217770	965526
Shawn Mendes	There's Nothing Holdin' Me Back	76	0	75	21807	963443
BTS	Blood Sweat & Tears	56	1	10	208080	962318
benny blanco	Eastside	63	1	10	23844	953147
Ariana Grande	no tears left to cry	68	4	1	50366	948629
RAP VIỆT	NÀNG	10	0	147	105261	947724
Marshmello	Be Kind	25	1	10	80350	945813
BLACKPINK	You Never Know	12	1	6	329493	945089
Lady Gaga	Rain On Me	18	2	2	170766	944960
Jung Kook	Somebody	4	0	18	474711	941916
Bùi Công Nam	Tết Này Con Sẽ Về	7	0	56	250113	940938
Thanh Hưng	Tệ Thật, Anh Nhớ Em	14	0	20	156816	936127
Khalid	Talk	45	0	27	31520	935960
MiiNa	11:11	8	0	59	161459	929628
The Weeknd	Die For You - Remix	2	2	3	467429	929263
BABYMONSTER	FOREVER	5	0	54	251154	925326
Hoàng Dũng	Yeu Duoi	26	0	103	42129	922884
Low G	Phong Long	5	0	69	247081	921228
Jin	I’ll Be There	3	0	26	488028	916328
Måneskin	Beggin'	18	0	58	67165	916181
Nicky Youre	Sunroof	19	0	127	51541	912786
SUNI	vào hạ	12	0	51	99575	907851
K-ICM	Một Khi Đã Yêu	10	0	12	175318	906073
Alan Walker	Darkside	67	0	11	23285	903464
MYLINA	Giấc Mơ Của Em - Suy Version	7	0	174	131650	902484
Jung Kook	Too Sad to Dance	4	0	26	429555	899642
iKON	LOVE SCENARIO	80	0	18	30234	898149
RAP VIỆT	The Right Journey	17	0	11	135250	897917
XG	WOKE UP	5	0	55	220863	897705
Andiez	Suýt Nữa Thì	37	0	114	216041	897478
Quang Hùng MasterD	Ánh Mắt Biết Cười	3	0	48	352814	895520
RAP VIỆT	Từ A Đến Z	6	0	53	192516	894309
Noo Phước Thịnh	Năm Qua Đã Làm Gì	7	0	59	266417	894116
Bazzi	Beautiful	62	1	7	26783	893394
Cường Seven	MẸ YÊU CON	5	0	111	216443	890756
Mỹ Tâm	Anh Đợi Em Được Không	35	0	78	29437	889931
K-ICM	Xuân Hy Vọng	10	0	15	144259	889308
TIA	in the dark	20	0	135	62298	889127
Bùi Anh Tuấn	Buông	13	0	145	95847	886702
Shawn Mendes	In My Blood	73	1	6	41977	885581
Martin Garrix	So Far Away	75	0	12	38018	881812
Gaho	시작	22	0	16	80148	880165
aespa	Savage	18	0	18	110286	877561
Justin Bieber	Mistletoe	21	0	24	79394	877510
Sơn Tùng M-TP	Cơn Mưa Xa Dần	9	0	21	183691	876415
GONZO	Dear	6	0	46	183465	876237
BTS	Outro : Ego	15	1	5	194206	875150
HIEUTHUHAI	TRÌNH	4	0	72	279661	873687
Thùy Chi	Nói Chia Tay Thật Khó	18	0	20	101850	873050
Jung Kook	Shot Glass of Tears	4	0	22	446992	872502
SUNI	Sự Mập Mờ	6	0	38	218638	867864
JENNIE	You & Me (Coachella ver.)	4	0	14	405454	867420
Justin Bieber	Holy	15	0	21	92929	867358
Leah Marie Perez	Nothin' on Me	9	0	128	111830	864123
Duncan Laurence	Arcade	24	0	106	48932	862253
Katy Perry	Never Really Over	33	1	8	58304	861882
RAP VIỆT	CHỜ MỘT NGƯỜI	4	0	103	249098	861354
Nguyen Nhat Tu (Ntu)	Ngày Em Đẹp Nhất	8	0	129	117204	859902
Chi Pu	Finding You	5	0	59	216417	858005
TaynguyenSound	Mây Lang Thang	18	0	150	67202	857866
Dua Lipa	New Rules	80	0	50	20334	856850
Orange	Chúng Ta Còn Ở Đó Không? - Tet 2025 Movie “Bộ Tứ Báo Thủ” Original Soundtrack	3	0	44	375774	855450
Mỹ Tâm	Dau Chi Rieng Em	59	9	2	60886	849256
Thùy Chi	Hơn Em Chỗ Nào	12	0	123	79636	847922
Jung Kook	Closer to You	4	0	25	436869	843487
RAP VIỆT	1TINHYEU	4	0	125	238342	842656
Mỹ Tâm	Dung Hoi 'em	63	7	6	40776	840379
PinkPantheress	Boy's a liar Pt. 2	9	0	91	122147	840281
Changg	Sài Gòn Đâu Có Lạnh	14	0	43	85432	839242
Mỹ Tâm	Nếu Anh Đi	39	0	140	26090	836275
BLACKPINK	Ready For Love	5	1	10	434357	835904
Roddy Ricch	The Box	26	0	55	39307	834945
Lil Nas X	THATS WHAT I WANT	17	0	13	125028	834294
Đen	một triệu like	26	0	100	47147	830520
Red Velvet	Feel My Rhythm	10	0	13	177938	828027
Trúc Nhân	Không Ra Gì	4	0	118	214009	814385
RAP VIỆT	Nhà Bao Việc	13	0	11	121132	814343
RAP VIỆT	Trong Sương	7	0	86	136383	813598
Calvin Harris	One Kiss	37	0	14	48863	812159
Ariana Grande	break up with your girlfriend, i'm bored	31	6	2	61400	808798
The Chainsmokers	Hope	50	0	11	26746	798313
BTS	Yet To Come (Hyundai Ver.)	4	1	5	458630	798287
LE SSERAFIM	FEARLESS	17	0	69	74137	797649
BTS	Butter (Holiday Remix)	5	1	3	438327	797398
1 9 6 7	Gió (Lofi)	9	0	141	95202	797042
Justin Bieber	Anyone	12	0	24	111584	796513
(G)I-DLE	Nxde	11	0	63	119869	794134
RAP VIỆT	Người Được Chọn	5	0	45	215305	793854
Steve Aoki	Waste It On Me	40	6	2	92830	792957
Ariana Grande	the boy is mine	5	0	98	190271	789397
5 Seconds of Summer	Youngblood	74	0	18	17868	786207
BTS	Louder than bombs	13	1	7	236177	781725
Orange	Chân Ái	29	0	85	34619	780335
Taylor Swift	Delicate	73	1	8	36439	779853
Lukas Graham	Love Someone	45	1	9	22005	777954
BoyWithUke	Toxic	18	0	70	63575	777543
Dua Lipa	IDGAF	72	1	9	41752	776323
Ellie Goulding	Close To Me	51	0	17	19251	774755
BTS	I Need U	4	1	7	633750	772207
Orange	Tinh Nhan Oi	38	0	84	31600	769381
Masew	Túy Âm	58	0	98	20884	768848
Orange	Có đau thì đau một mình	6	0	97	137517	766555
Đức Phúc	Quá Khứ Đôi, Hiện Tại Đơn	7	0	27	176118	764465
BigDaddy	Mưa Thâm Lặng Giời	4	0	112	209674	763944
j-hope	Chicken Noodle Soup	18	1	10	128748	763405
Taylor Swift	cardigan	12	2	4	185253	760382
RPT MCK	Tối Nay Ta Đi Đâu Nhờ	7	0	55	185614	760342
Shawn Mendes	Monster (Shawn Mendes & Justin Bieber)	13	0	15	136831	759027
ZICO	Any song	18	0	18	64138	757748
Taylor Swift	All Too Well (10 Minute Version) (Taylor's Version) (From The Vault)	8	0	11	158894	756004
NewJeans	Cool With You	5	0	15	299555	755689
RAP VIỆT	Tay-Lai Pr0 (Tây-Lai Pr0)	5	0	48	210060	754392
Sơn Tùng M-TP	There's No One At All (Another Version)	7	0	16	178245	754103
Selena Gomez	Souvenir	27	0	58	38307	752222
Winno	Hồng không gai	4	0	128	201517	750391
BTS	Inner Child	13	1	10	225995	749697
BTS	Intro: Singularity	43	0	12	111088	749002
Taylor Swift	Midnight Rain	7	0	14	226668	748186
Ed Sheeran	South of the Border	29	0	24	47046	746564
LISA	Born Again	2	0	30	494373	745540
tlinh	những đốm sáng	6	0	48	210400	744043
Wowy	Thiên Đàng	20	0	100	45587	743644
LE SSERAFIM	Smart	6	0	178	134571	740910
SEVENTEEN	Super	6	0	51	179156	740426
Joji	Die For You	9	0	25	150139	739376
Justin Bieber	Forever	22	0	19	68288	739354
Jason Derulo	Take You Dancing	16	0	34	62109	739033
Naomi Scott	Speechless (Full)	29	0	13	45310	737754
"ANH TRAI ""SAY HI"""	HÚT	5	0	144	154121	737016
JustaTee	GIÀU NHẤT KHU PHÙ HOA	4	0	121	229396	734987
RAP VIỆT	Vành Khuyên Nhỏ	5	0	56	166798	732653
TWICE	The Feels	15	0	23	100231	728320
SOOBIN	Những Kẻ Mộng Mơ	4	0	104	201120	726408
Jimin	Interlude : Dive	3	0	16	367549	719555
Chi Pu	Moi Anh Vao Team Em	38	3	4	39721	719068
Ali Gatie	It's You	40	0	125	21962	715572
Sol7	iceman	19	0	121	44252	713394
RAP VIỆT	BACK TO HOMETOWN (TRỞ VỀ QUÊ NHÀ)	14	0	29	99339	712929
BTS	Lie	10	0	31	133760	711042
Michael Bublé	It's Beginning to Look a Lot Like Christmas	19	0	51	70357	707927
Billie Eilish	LUNCH	4	0	58	224942	707408
RPT MCK	Thờ Er	7	0	75	163422	706099
RAP VIỆT	Truy Lùng Bảo Vật	4	0	38	237352	705160
Sơn Tùng M-TP	Nắng Ấm Xa Dần - Onionn Remix	39	0	24	29121	705138
BTS	Dream Glow (BTS World Original Soundtrack) - Pt. 1	18	2	1	168077	703712
Noo Phước Thịnh	Yêu Một Người Sao Buồn Đến Thế	16	0	45	71728	699999
WIMY	pages	5	0	94	171390	698699
Cường Seven	Trống Cơm	4	0	80	233404	698647
TWICE	I CAN'T STOP ME	13	0	13	109565	697620
NIKI	Every Summertime	13	0	71	71563	692704
WEAN	Thờ ơ	4	0	120	181847	690612
Vũ.	ĐÃ TỪNG LÀ	18	1	10	79298	690461
GREY D	khi cô đơn em nhớ đến ai	13	0	95	69239	685724
Vũ.	Hành Tinh Song Song	48	2	6	30300	684475
BTS	Interlude : Shadow	12	0	12	182205	680803
CKay	love nwantiti (ah ah ah)	17	0	84	56662	680461
Mỹ Tâm	Vì Em Tất Cả	4	0	61	225383	680461
FIFTY FIFTY	Cupid - Twin Version	3	0	26	280194	678826
Bobby Helms	Jingle Bell Rock	17	0	42	69914	678502
Jessi	ZOOM	10	0	50	94412	678399
NAYEON	POP!	11	0	61	94368	678343
Mỹ Tâm	Biet Khi Nao Gap Lai	60	0	13	31601	677710
Phạm Nguyên Ngọc	Quên Đặt Tên	13	0	119	56740	677294
Quang Trung	Chân Tình	15	0	92	58941	677003
Jimin	Rebirth (Intro)	2	0	14	536158	674569
BTS	Trivia 轉 : Seesaw	20	4	3	312391	674210
Obito	Sài Gòn ơi	5	0	68	180255	671447
Jung Kook	3D (Alternate Ver.)	2	1	6	554092	670866
ERIK	Lac Nhau Co Phai Muon Doi. - Original	33	0	133	24307	668232
Winno	Tell Ur Mom II - Gii, Hiderway Remix	16	0	115	49047	667579
Billie Eilish	idontwannabeyouanymore	53	0	82	18461	666092
Billie Eilish	Therefore I Am	14	0	28	92499	660961
BTS	Butter (Instrumental)	9	0	19	160679	660906
DMT	2GOILAYS	3	0	102	238434	660637
Sia	Thunderclouds	41	8	2	31837	659873
Central Cee	BAND4BAND	5	0	135	145117	658712
Lauv	Paris in the Rain	52	0	82	24801	658431
Imagine Dragons	Bones	12	0	70	75120	657555
Vũ Cát Tường	Người Bình Thường	5	0	173	138657	657375
RAP VIỆT	HUSTLANG ALL DAY	3	0	98	259467	656255
MONO	Quên Anh Đi	10	0	49	113802	652458
Crush	Love You With All My Heart	4	0	73	205846	652206
Kate Bush	Running Up That Hill (A Deal With God)	10	0	71	82502	647513
Post Malone	Better Now	64	1	5	21044	647410
JEON SOMI	What You Waiting For	13	0	23	91541	646555
kidsai	TALAGI	4	0	133	183682	645153
RAP VIỆT	Hot Shot, Dlow	6	0	102	120813	643049
BTS	Serendipity - Full Length Edition	10	0	28	124193	642510
Mỹ Tâm	Khi Ta Yeu (Nhac Phim Chi Tro Ly Cua Anh)	38	0	18	23967	642110
ECLIPSE	Sudden Shower	5	0	152	136611	642075
Calum Scott	You Are The Reason	53	0	99	21718	640331
IVE	Kitsch	5	0	62	168660	639992
Bích Phương	Một Cú Lừa (Đu Đưa Version)	12	0	12	85722	637822
BENEE	Supalonely	19	0	41	48214	636900
Hoàng Thùy Linh	The Creaking	18	2	8	120698	636149
Hồ Ngọc Hà	Cự Tuyệt	14	0	19	99675	636135
Agust D	HUH?!	3	1	10	395138	636002
Camila Cabello	Liar	17	0	15	58565	634192
Chillies	Giá Như	14	0	19	125723	631824
TWICE	MORE & MORE	15	1	5	122748	629993
Luxuyen	Đó Chỉ Là Thành Phố Của Anh	5	0	173	135062	629362
Sơn Tùng M-TP	CHẠY NGAY ĐI - Onionn Remix	22	0	14	63260	626206
Billie Eilish	bury a friend	29	1	7	32087	625179
VCC Left Hand	Mình Lượn Lờ Làm Wen (NOVINA)	3	0	83	259963	625108
Jimin	Christmas Love	4	0	39	227176	624976
BABYMONSTER	BATTER UP	4	0	93	176175	624532
SLANDER	Love Is Gone - Acoustic	21	0	155	34446	623975
Dean Lewis	Be Alright	48	0	12	19673	622971
Vicky Nhung	Không Muốn Một Mình	4	1	5	248710	619756
Billie Eilish	Happier Than Ever	10	0	14	130917	617808
RAP VIỆT	Người Ấy Là Ai	10	0	27	92398	617583
tlinh	làm lành chữa tình	5	0	55	203972	616066
Meghan Trainor	Title	13	0	69	66924	614445
Lil Mosey	Blueberry Faygo	23	0	67	35656	612623
Rapital	Thủ Đô Cypher (RPT Phongkhin Remix)	5	0	147	138091	612333
Sweet Liquor	thế giới có nơi nào cho em	8	0	142	89194	611822
RAP VIỆT	Chú Chó Trên Ô Tô	10	0	17	114168	611786
RAP VIỆT	TRAI HỌ VŨ	3	0	120	212839	610765
Charmy Pham	Ra Là Em Đâu Quá Mong Manh	27	0	28	34835	602548
Đông Nhi	Người Ôm Pháo Hoa (The Moon In The Sun)	4	0	57	181934	602490
Vũ.	Lời Yêu Em	24	0	162	35897	602163
Taylor Swift	Lavender Haze	6	0	12	228834	600637
Czee	Đâu Ai Dám Hứa	7	0	137	98682	597744
ITZY	달라달라 (DALLA DALLA)	30	0	15	33362	596780
TYSM	Normal No More	13	0	95	58180	596130
Taylor Swift	The Man	19	2	4	96158	593417
Anson Seabra	Peter Pan Was Right	12	0	108	59627	592796
Dua Lipa	Physical	16	0	26	60687	590566
Ngơ	Tình Đắng Như Ly Cà Phê	26	0	76	33217	584858
BTS	UGH!	11	0	12	203096	584692
Chị Đẹp Đạp Gió Rẽ Sóng	Anh - Uyên Linh Version	4	0	115	166835	584352
BTS	Butter - Megan Thee Stallion Remix	4	1	2	446193	582979
Adele	Someone Like You	68	0	77	45099	582649
Ed Sheeran	The Joker And The Queen	5	0	17	147853	581154
Táo	2 5	15	0	164	52614	578653
Mr.Siro	Một Bước Yêu Vạn Dặm Đau	6	0	169	113419	575622
So!YoON!	Smoke Sprite	4	0	33	245067	574949
GOT the beat	Step Back	12	0	57	76412	574222
SOOBIN	Trò Chơi	10	0	34	90664	568870
Agust D	Life Goes On	3	0	14	344481	568352
K-ICM	BOY	7	1	5	204235	567022
Christina Perri	A Thousand Years	59	0	111	15282	564227
Kevindauroi	Đừng Xa Anh Nhé	4	0	137	147218	560548
SOOBIN	Tình Cờ	3	0	101	222031	560369
Sơn Tùng M-TP	Lạc Trôi	30	0	38	34769	559790
Olly Murs	That Girl	40	7	2	38880	558650
Hà Nhi	Vì Em Chưa Bao Giờ Khóc	5	0	80	137120	555781
Halsey	Graveyard	19	0	42	38694	555554
Drake	Toosie Slide	14	0	35	55474	554122
G-DRAGON	HOME SWEET HOME	2	0	68	288056	550986
Tiên Fami	Điều Ta Viết Mùa Xa Nhau	12	0	124	51921	549208
BTS	Magic Shop	34	2	6	66139	548914
RAP VIỆT	CẢM NHẬN	9	0	23	110354	548697
BTS	Your eyes tell	16	0	48	55897	548600
Na	Không Bằng - Rin Music Remix	13	0	116	48944	547708
Taylor Swift	All Of The Girls You Loved Before	4	0	54	185308	544232
Gabry Ponte	Thunder	13	0	84	48940	542211
Mỹ Tâm	Người Hãy Quên 'Em Đi	24	0	114	27638	539998
Oliver Tree	Life Goes On	10	0	47	78607	539202
16 Typh	M.	4	0	61	173397	538379
TWICE	Talk that Talk	6	0	24	165134	538220
Camila Cabello	My Oh My	19	0	56	35439	537969
The Chainsmokers	Who Do You Love	28	0	19	27308	532490
Surfaces	Sunday Best	20	0	87	31232	531396
Đen	Ngày Khác Lạ	41	0	94	25399	530960
RAP VIỆT	Chim Sẻ Và Dâu Tây	11	0	26	108367	530102
LE SSERAFIM	UNFORGIVEN	5	0	98	137199	529699
Ngọt	Mất Tích	4	0	82	161461	525685
Libianca	People	4	0	75	164970	523887
Khalid	Better	42	4	5	19834	522605
Halsey	SUGA's Interlude	12	1	5	109511	521548
B Ray	Ex's Hate Me	5	0	141	110408	521408
BTS	Heartbeat (BTS World Original Soundtrack)	16	1	6	107031	520000
Bích Phương	Đố Anh Đoán Được	6	0	23	131050	519148
Hngle	Cô Đơn	6	0	66	113147	518818
RAP VIỆT	Tèn Tèn Girls!	9	0	23	113367	516579
BTS	A Brand New Day (BTS World Original Soundtrack) [Pt. 2]	12	2	1	129165	514818
Cardi B	Up	13	0	68	53579	513847
Kay Trần	NẮM ĐÔI BÀN TAY	11	0	39	89291	512824
Ariana Grande	Don’t Call Me Angel (Charlie’s Angels)	11	2	2	111289	512227
Billie Eilish	Your Power	5	0	18	164965	510956
Taylor Swift	august	9	0	31	99602	509358
Phùng Khánh Linh	ƯỚC ANH TAN NÁT CON TIM	3	0	118	177414	508507
Shawn Mendes	It'll Be Okay	10	0	53	82657	507177
SUNI	dằm trong tim	6	0	43	114748	506907
BLACKPINK	DDU-DU DDU-DU - KR Ver.	30	6	2	37482	506616
Brenda Lee	Rockin' Around The Christmas Tree	13	0	66	65431	506283
Studio Party	Và Ngày Nào Đó	11	0	109	54096	505627
Charlie Puth	I Warned Myself	18	0	20	49361	504799
Ed Sheeran	Happier	62	0	67	13436	503658
Why Don't We	What Am I	25	0	58	35700	502765
ZAYN	A Whole New World (End Title)	22	0	17	41310	502759
Lil Nas X	Old Town Road	19	1	6	79851	501388
AMEE	mama boy	15	0	32	63470	501372
Jack - J97	Ngôi Sao Cô Đơn	7	0	23	132893	499909
BLACKPINK	THE GIRLS - BLACKPINK THE GAME OST	3	0	24	270956	499218
The Weeknd	Reminder	6	0	151	87319	498262
Miley Cyrus	Prisoner	9	0	35	99736	498200
Ariana Grande	eternal sunshine	3	0	91	197457	497623
RPT MCK	Cuốn Cho Anh Một Điếu Nữa Đi	5	0	90	150205	496454
Kai Đinh	Thế Hệ Tan Vỡ	13	0	120	44990	496204
Halsey	You should be sad	12	0	28	60430	495971
"ANH TRAI ""SAY HI"""	ĐOÁ PHÙ DUNG CUỐI CÙNG	3	0	131	177747	493504
The Chainsmokers	This Feeling	41	0	15	15941	493144
Ngọt	02 Mơ Làm Ma	2	0	41	321439	491646
Chillies	Đại Lộ Mặt Trời	3	0	99	195904	489570
HIEUTHUHAI	Giờ Thì Ai Cười	3	0	49	228419	488839
Alan Walker	Faded	63	0	88	14431	486687
Winno	Tell Ur Mom II	11	0	92	55545	486078
RAP VIỆT	Ala Ela	9	0	22	113698	485460
Quang Đăng Trần	Đánh Mất Em (Lofi Ver.)	17	0	139	31010	484554
Hoàng Dũng	Ném Câu Yêu Vào Không Trung	5	0	31	140011	483833
Vũ Cát Tường	Hành Tinh Ánh Sáng	9	0	44	76824	482795
Jin	Another Level	2	0	54	324027	482792
MAMAMOO	HIP	18	0	49	36813	482683
JISOO	earthquake	1	0	32	481655	481655
AURORA	Runaway	12	0	87	50551	480528
BLACKPINK	Forever Young	34	2	3	48343	480379
Lil Wuyn	Mở Mắt	4	0	63	154954	479638
Lauv	There's No Way	33	1	9	20458	477814
Megan Thee Stallion	Sweetest Pie	10	0	60	78792	476083
Jin	Heart on the Window	2	0	57	308041	475816
Sơn Tùng M-TP	Sky Tour Intro	7	2	5	119460	475547
blackbear	hot girl bummer	19	0	55	31231	474452
Rayo	Cẩm Tú Cầu	4	0	187	120401	473875
Shawn Mendes	Lost In Japan	39	0	46	17696	472963
Ariana Grande	bye	3	0	93	194021	472546
Taylor Swift	Down Bad	2	0	30	322872	471279
Đen	Rapcoustic 5	19	0	46	40374	468992
K-ICM	Hoa Ngũ Sắc	5	0	15	169904	468855
BLACKPINK	Pretty Savage - JP Ver.	13	0	49	70084	467366
Kay Trần	Nước Hoa	3	0	112	163271	466864
NewJeans	Supernatural	3	0	73	206495	466008
Jin	Falling	2	0	60	303728	465344
Taylor Swift	exile	9	1	9	131585	462808
Agust D	D-Day	3	0	23	258204	461938
aespa	Spicy	4	0	98	142533	461369
Chillies	Trên Những Đám Mây	4	0	88	151337	461271
TAEYEON	INVU	7	0	42	102301	460313
Sasha Alex Sloan	Older	33	0	108	20987	459520
Alex & Sierra	Little Do You Know	47	0	141	16481	457568
Mỹ Tâm	Neu Co Buong Tay	50	0	19	26488	456585
Trịnh Thăng Bình	Khác Biệt To Lớn Hơn	6	0	51	104267	456423
Doja Cat	Boss Bitch	14	0	52	41672	455724
RAP VIỆT	Khúc Ca Vàng	4	0	109	129349	455503
ERIK	Người Lạ Trong Danh Bạ	4	0	96	129394	454822
j-hope	Airplane	1	1	1	454813	454813
RM	Still Life	3	1	8	270873	454546
Selena Gomez	Rare	9	1	10	88816	454445
"ANH TRAI ""SAY HI"""	NGÂN NGA	3	0	128	168472	453954
Ed Sheeran	Afterglow	7	0	28	113578	452321
BTS	Butter (Hotter Remix)	7	0	41	106094	451506
Hoà Minzy	Mashup Ngày Chưa Giông Bão, Always Remember Us This Way	10	0	76	55334	450338
GREY D	nhạt-fine	3	0	110	174237	450221
Ed Sheeran	Thinking out Loud	62	0	85	14657	449008
IU	Celebrity	8	0	40	89881	448904
Chi Pu	Cung Đàn Vỡ Đôi	11	1	7	102619	448113
BTS	Respect	9	0	13	164498	447394
Sam Smith	Fire On Fire	24	1	10	27729	446978
RM	Lonely	3	1	7	272459	446821
Mỹ Tâm	Anh Chưa Biết Đâu	6	0	32	103760	446329
Sabrina Carpenter	Taste	3	0	135	164065	446307
Wren Evans	Gặp May	7	0	41	106200	446204
NMIXX	O.O	8	0	70	73315	444679
Nicki Minaj	Super Freaky Girl	8	0	118	60538	443613
Zedd	Happy Now	37	2	6	26829	442578
Double2T	Chài Điếp Noọng - Anh Yêu Em	3	0	62	186025	442445
Red Velvet - IRENE & SEULGI	Monster	10	0	14	104305	442214
Kygo	Lose Somebody	14	0	50	45819	442146
Hoài Lâm	Hoa Nở Không Màu (Acoustic Version)	17	0	86	34057	442092
EVERGLOW	DUN DUN	12	0	20	67111	441630
Stephanie Poetri	Do You Love Me	20	0	130	26731	440584
Tự Long	Chợt Nghe Bước Em Về	3	0	118	176246	440074
"ANH TRAI ""SAY HI"""	SOS	3	0	139	160603	438925
ITZY	In the morning	8	0	44	101069	438462
B.I	BTBT	7	0	47	92356	437295
LE SSERAFIM	CRAZY	3	0	128	173082	437213
Kali Uchis	telepatía	10	0	67	57584	437051
Ed Sheeran	Perfect Duet (Ed Sheeran & Beyoncé)	52	0	38	24379	436251
aespa	Hold On Tight	3	0	59	167594	435379
V	Winter Bear	2	0	27	259012	435222
JEON SOMI	BIRTHDAY	16	0	15	42505	435005
buitruonglinh	Lựa Chọn Của Em	3	0	121	158123	433338
Anh Tú	Hoàng Hôn Nhớ - Hoa Vương Original SoundTrack	3	0	100	164981	433221
Mỹ Tâm	Co Ay La Ai (Who Is She)	49	0	23	26759	432768
Lynk Lee	Tát Nước Đầu Đình	13	0	144	37168	430510
CHOCO	Người Yêu Không Đá	8	0	63	80831	430497
V	Scenery	2	0	28	254066	429927
BLACKPINK	BOOMBAYAH - KR Ver.	42	0	69	32744	428726
Tate McRae	you broke me first	16	0	125	30946	426796
Post Malone	One Right Now	7	0	44	83233	426131
NewJeans	ASAP	3	0	37	220503	425547
Imagine Dragons	Thunder	58	0	82	13510	424272
LeeHi	NO ONE	17	0	15	43950	423126
Mỹ Tâm	Anh Chua Tung Biet	46	0	20	27275	422634
DJ Snake	Taki Taki	35	3	9	19654	422082
Jason Mraz	I'm Yours	55	0	71	14334	421649
RAP VIỆT	Thanh Âm Miền Núi	4	0	122	113662	420374
"ANH TRAI ""SAY HI"""	SÓNG VỖ VỠ BỜ	3	0	132	148223	419140
hooligan.	In The Rain	10	0	86	50642	418616
HuyR	Anh Thanh Niên	15	0	53	40857	417201
Phan Mạnh Quỳnh	Gặp Gỡ, Yêu Đương Và Được Bên Em	7	0	22	101899	416380
"ANH TRAI ""SAY HI"""	DON'T CARE	3	0	130	158581	416278
DaBaby	ROCKSTAR	17	0	100	28415	415680
"ANH TRAI ""SAY HI"""	THI SĨ	3	0	137	149494	415646
Hoàng Thùy Linh	Hạ Phỏm	5	0	61	98855	415353
Lauv	Mean It	13	0	41	42382	415018
Taylor Swift	Wildest Dreams (Taylor's Version)	6	0	25	110338	414964
Chi Xê	Seenderella	3	0	149	152594	414867
MIN	Hôn Anh	7	0	160	65719	411266
BTS	Lights	14	0	13	65200	410372
The Weeknd	In Your Eyes	11	0	24	61167	409938
ERIK	Sau Tat Ca. - Original	26	0	101	21100	409827
gnash	i hate u, i love u	37	0	157	15001	409750
Uyên Linh	Mùa Đông Chưa Bao Giờ Tới	10	0	67	58103	408941
MOMOLAND	BBoom BBoom	32	0	14	24139	408670
Ngọt	Em Dạo Này	40	0	25	20523	408379
RAP VIỆT	101520	7	0	47	83526	408278
V	Snow Flower	2	0	32	246592	408089
24k.Right	Một Nửa Sự Thật	2	0	119	237076	407720
Arcane	Ma Meilleure Ennemie - from the series Arcane League of Legends	2	0	108	239762	407213
Shawn Mendes	Wonder	9	0	38	63861	405422
JanK x N2L	Gió - Official	4	0	105	117648	405385
Văn Mai Hương	Đốt	10	0	26	72381	403527
Doja Cat	Like That	16	0	83	31255	403018
Martin Garrix	Ocean	36	3	7	27120	402668
Skylar Grey	Everything I Need (From Aquaman: Original Motion Picture Soundtrack) - Film Version	14	6	1	54176	402389
Changg	Hướng Dương	10	0	78	59320	402297
Lauv	Feelings	17	0	61	30680	401768
Mark Ronson	Find U Again	16	0	25	36451	401610
Dua Lipa	We're Good	9	0	60	51698	399551
10CM	Tell Me It's Not a Dream	3	0	150	142498	399314
JEON SOMI	DUMB DUMB	10	0	63	55871	397989
Younha	WINTER FLOWER(Feat.RM)	11	0	21	68523	397613
Mr.Siro	Tự Lau Nước Mắt	4	0	138	109542	397254
BTS	Like	5	1	10	172907	396819
NewJeans	ETA	3	0	48	195075	395384
Taylor Swift	Enchanted	4	0	109	117687	394830
AMEE	Beautiful nightmare (interlude)	2	0	71	251200	394124
Taylor Swift	Look What You Made Me Do	46	0	74	14475	393651
Miina	BUỒN không thể BUÔNG (Piano Version)	8	0	104	56921	392862
Trung Quân	Trót Yêu	38	0	120	15906	391594
K/DA	THE BADDEST	8	0	22	94306	389316
Wxrdie	29	2	0	113	215484	388885
Martin Garrix	Summer Days	17	0	37	29204	388676
Khoi Vu	OVER	3	0	157	138245	387720
Jax	Like My Father	10	0	77	50949	386829
Đen	Đưa Nhau Đi Trốn - Chill Version	5	0	173	114290	385789
aespa	Dreams Come True	8	0	60	70817	384768
RM	moonchild	6	1	4	295992	381504
BABYMONSTER	DRIP	2	0	119	202086	379619
Taylor Swift	Maroon	3	0	18	208003	379519
Walk off the Earth	Bet On Me	9	0	132	51205	379259
Taylor Swift	I Can Do It With a Broken Heart	2	0	66	234278	378641
BTS	Run	3	0	59	247544	377139
Adele	Make You Feel My Love	57	0	119	11597	376787
CAPTAIN BOY	Quên Dần Quên	3	0	154	135900	376381
Lost Frequencies	Reality	40	0	28	14659	375049
Hailee Steinfeld	Let Me Go	48	0	63	16741	374860
RAP VIỆT	Ổn Không, Brô	3	0	75	146787	373101
RM	Yun	2	1	9	270402	372910
XXXTENTACION	changes	29	0	48	18905	372742
Quang Hùng MasterD	Dễ Đến Dễ Đi	11	0	130	40054	371886
Shiki	Perfect	2	0	133	207104	371673
ITZY	Not Shy	10	0	27	76193	371583
Phuc Du	Replay trên con Guây	4	0	70	111936	371220
MIN	Em Mới Là Người Yêu Anh (Acoustic Version)	27	0	22	25301	370648
Harry Styles	Adore You	16	0	50	38634	370124
Billie Eilish	No Time To Die	6	1	7	96281	369611
Wxrdie	Thèn Chóa	2	0	136	196045	369298
Osad	Người Âm Phủ	25	1	4	26926	368247
RM	Hectic	2	1	10	265622	367764
Taylor Swift	Love Story (Taylor’s Version)	9	0	43	67987	367430
BTS	Intro: Serendipity	7	0	78	112997	365326
RAP VIỆT	M.A.Y	9	0	53	59999	364307
RAP VIỆT	Nơi Ta Sống	3	0	83	145791	363892
Kimmese	Loving You Sunny	25	0	104	23221	363826
Freak D	Bỏ Em Vào Balo - Lofi	7	0	84	63879	362166
RM	All Day	2	0	13	260074	361934
Post Malone	Wow.	23	0	12	22508	361431
HONNE	no song without you	11	0	65	40727	361347
BTS	134340	14	1	7	138405	360491
RM	Change pt.2	2	0	14	258649	359401
Khói	Nhớ Người Hay Nhớ	10	0	104	44837	359390
Red Velvet	Queendom	7	0	28	91257	358414
Ariana Grande	Last Christmas	8	0	156	65218	358349
Olivia Rodrigo	traitor	11	0	88	52758	357063
Hoàng Thùy Linh	Outro	10	1	10	95903	355787
RAP VIỆT	Bet On Us	3	0	89	136887	355663
Taylor Swift	You're On Your Own, Kid	3	0	21	192178	354909
buitruonglinh	Đường Tôi Chở Em Về (Cukak Remix)	8	0	59	64407	352262
Chuột Sấm Sét	đôi mình	3	0	162	130332	351722
Trash Dee	wo ai ni - orei Remix	4	0	176	92227	351459
RM	Forg_tful	2	0	15	252834	350913
JustaTee	Thang Dien	9	9	2	52117	350681
RM	No.2	2	0	17	249521	349474
RAP VIỆT	What Love Is…	6	0	35	101081	349309
Agust D	Snooze	2	0	34	236013	349192
The Weeknd	Call Out My Name	15	3	3	46478	348387
Ngọt	03 Hay Là	2	0	63	227833	347695
Phùng Khánh Linh	năm ngoái giờ này (after all)	6	0	120	68927	347594
NewJeans	Bubble Gum	2	0	70	202326	347135
BLACKPINK	PLAYING WITH FIRE - KR Ver.	39	0	84	27934	346245
j-hope	= (Equal Sign)	4	0	18	176651	346081
Raiden	Yours	10	0	115	39427	345066
Hoàng Thùy Linh	Lúc Thấy Lúc Không	4	0	23	145807	344288
Shawn Mendes	Teach Me How To Love	7	0	42	79557	343264
Vũ Cát Tường	Em Ơi	4	0	125	130086	342727
Lil Nas X	Panini	16	0	41	32556	342064
BTS	Airplane pt.2	22	3	5	71733	341262
Ariana Grande	God is a woman	31	4	3	34027	340856
Hoàng Duyên	Chàng Trai Sơ Mi Hồng	8	0	77	54530	340447
Obito	Đầu Đường Xó Chợ	2	0	133	191722	339893
Mỹ Tâm	Chuyen Buon	37	0	23	25411	339832
2T	Cưới Đi	12	0	151	32785	337883
Marshmello	Leave Before You Love Me	10	0	106	46782	337649
Kali Uchis	Moonlight	4	0	164	90562	337290
Andree Right Hand	CLME	4	0	178	86814	337195
IVE	Supernova Love	2	0	139	178839	336951
Karik	Nhật Ký Vào Đời	2	0	75	203041	336804
Demi Lovato	Cool for the Summer	6	0	61	78885	336436
Sơn Tùng M-TP	Chúng Ta Không Thuộc Về Nhau	19	0	60	171030	336125
Destiny Rogers	Tomboy	10	0	122	39500	336016
Ariana Grande	don't wanna break up again	2	0	95	193427	335090
XXXTENTACION	SAD!	43	0	16	18570	333953
One Direction	Night Changes	2	0	160	170884	333155
RAP VIỆT	Không Thầy Đố Mày Làm Nên	6	0	42	76550	332084
Mỹ Tâm	Mong Cho Anh	42	0	36	19890	331370
Finn Askew	Roses	9	0	93	44116	331075
tlinh	Em Là Châu Báu	10	0	106	42832	330950
j-hope	Music Box : Reflection	4	0	22	164069	330112
TLDK	Cho Toi Lang Thang	26	0	41	17300	329917
ERIK	Sau Tat Ca - Original	42	0	53	11050	329711
RM	Closer	2	0	20	235448	329532
AMEE	xuân, hạ, thu, đông rồi lại xuân	8	0	15	91969	329246
Jimin	With You - Instrumental	4	0	29	123908	328288
MAX	Blueberry Eyes	11	0	66	40311	328234
Selena Gomez	Look At Her Now	12	0	22	60132	328181
Anh Tú Atus	Bài này không để đi diễn	5	0	101	84191	327744
BTS	Not Today	3	1	9	264992	325574
Hứa Kim Tuyền	Một Ngày Tôi Quên Hết	6	0	73	71829	325516
ENHYPEN	XO (Only If You Say Yes)	2	0	103	185293	325515
347aidan	Dancing in My Room	10	0	123	37650	323660
AMEE	ex’s hate me, Pt.2	2	0	80	193217	322745
aespa	UP - KARINA Solo	2	0	160	163189	322642
BTS	Dynamite - Instrumental	7	0	17	108152	322617
j-hope	Pandora's Box	3	0	13	187739	320802
Taylor Swift	Love Story	15	0	147	24657	319767
Tăng Duy Tân	Ikigai	2	0	157	166678	318745
Troye Sivan	Strawberries & Cigarettes	25	1	9	38361	318082
Jin	Tonight	3	0	24	181569	316656
Zedd	365	15	2	4	49873	316455
Thắng	Hình Trái Tim	4	0	92	105325	316445
JGKiD (Da LAB)	CILU	9	0	86	50916	316276
Tiên Tiên	Câu Trả Lời	15	0	39	34764	316147
Hoàng Thùy Linh	Bắt Vía	4	0	31	130369	314784
Chillies	Bao Nhiêu	5	0	49	91136	314488
Travis Scott	HIGHEST IN THE ROOM	12	0	36	40894	312996
Jin	Abyss	3	0	25	178226	312952
Ngọt	Em Trang Trí	5	0	69	85910	312626
WEAN	AI BIET	12	0	101	34160	310631
Marshmello	Here With Me	17	0	24	27276	310584
tlinh	người đẹp ngủ	2	0	64	190834	309797
Hoàng Thùy Linh	Trưởng Nữ Chạy Trốn	4	0	35	126918	309503
Agust D	SDL	2	0	46	208068	309336
Wiz Khalifa	See You Again	26	0	135	96211	309161
Agust D	Polar Night	2	0	49	203618	308842
Huỳnh Thanh Kiệt	Miên Man	1	0	20	308637	308637
Charlie Puth	I Don’t Think That I Like Her	4	0	86	90437	307874
Nguyễn Trọng Tài	Hong Kong 1 (RnB Version)	23	0	73	22819	307505
Rhymastic	Nụ Cười	14	0	100	29530	306823
TRANG	I Don't Wanna Miss You	9	0	34	62836	306050
T.R.I	Cuộc Gọi Cuối	6	0	85	67114	305604
aespa	Girls	4	0	34	125763	305553
Sơn Tùng M-TP	Chạy Ngay Đi (Sky Tour 2019)	6	0	15	80015	305200
Jack Harlow	First Class	6	0	96	63521	303942
Taylor Swift	The Tortured Poets Department	1	0	40	303895	303895
Melo-D	Just Say Hello	3	0	91	123723	303868
Harry Styles	Lights Up	8	0	24	50232	303309
demxntia	tonight	10	0	157	50948	303291
Adele	Oh My God	3	0	14	155260	302244
Khalid	Saturday Nights	23	0	19	20013	301706
NewJeans	Get Up	2	0	49	194520	298500
Sơn Tùng M-TP	Như Ngày Hôm Qua	11	0	139	37948	298074
Jonas Blue	Rise	29	0	14	20883	297757
TRANG	Bài Hát Của Em	29	0	59	20455	297441
Sam Smith	To Die For	7	0	41	61217	297154
Obito	Biên Giới Long Bình	2	0	73	175860	296445
Billie Eilish	my future	5	0	15	98496	295508
Hà Anh Tuấn	Tháng 4 Là Lời Nói Dối Của Em - Live Version	8	0	156	37250	290706
Hoàng Dũng	Chờ Anh Nhé	10	0	160	32304	290165
W/N	3 1 0 7 7 - W/N ft. ( titie, Duongg )	5	0	108	87216	289938
TWICE	Alcohol-Free	6	0	41	88056	289890
TOMORROW X TOGETHER	Deja Vu	2	0	128	162689	289847
Alan Walker	Alone, Pt. II	10	0	50	39589	288707
Phuc Du	Đừng Gọi Anh Dậy	5	0	44	88340	288669
BLACKPINK	FOREVER YOUNG - KR Ver.	30	0	11	22135	288206
Madison Beer	Reckless	7	0	139	62172	288123
Bùi Anh Tuấn	Nơi Tình Yêu Kết Thúc	2	0	135	157206	287997
j-hope	STOP	3	0	20	168490	287109
Taylor Swift	Lover (Remix)	8	0	15	63010	286984
Híu	Matchanah	7	0	88	50283	286882
Agust D	Interlude : Dawn	2	0	55	192097	286790
Alan Walker	Diamond Heart	28	1	8	18121	286243
Vũ.	Tâm Sự Của Ta	24	0	21	17052	285945
Charlie Puth	Done for Me	28	0	11	40074	285515
Đen	FRIENDSHIP	2	0	111	165295	285476
Việt Anh	Trước Khi Em Tồn Tại	2	0	71	154835	285364
Hoàng Thùy Linh	Miền Đất Hứa	2	0	104	163945	284763
Jin	I will come to you	1	0	68	284550	284550
Drake	In My Feelings	20	4	5	28403	284541
Taylor Swift	Wildest Dreams	12	0	75	32024	284363
BTS	Permission to Dance (Instrumental)	6	0	36	95734	284198
Avicii	The Nights	13	0	16	29981	283713
Zara Larsson	Ruin My Life	22	0	15	22634	283392
CHROMANCE	Wrap Me In Plastic - Marcus Layton Radio Edit	14	0	158	22372	283277
Taylor Swift	My Boy Only Breaks His Favorite Toys	1	0	50	282904	282904
j-hope	Intro	3	0	21	166060	281529
Minh Nhựt	Phonecert	1	0	75	281112	281112
Unknown Artist	Có Chàng Trai Viết Lên Cây	4	3	5	105959	280657
IU	LILAC	3	0	23	127512	279905
Đông Nhi	Đôi Mi Em Đang U Sầu	3	0	48	103658	279358
Avicii	SOS	11	0	18	38829	279299
BTS	Anpanman	20	2	8	61919	278510
Taylor Swift	The Archer	9	0	20	57089	278461
Charlie Puth	How Long	32	0	33	23019	278358
Anh Phan	Tam Giác	5	0	59	83739	278114
(G)I-DLE	LION	13	0	53	36250	276521
Fujii Kaze	まつり	2	0	63	142891	276421
Pop Smoke	What You Know Bout Love	9	0	99	37200	275701
Agust D	Agust D	2	0	53	187386	275364
Kep1er	WA DA DA	7	0	138	45033	274900
Martin Garrix	Scared to Be Lonely	35	0	110	14351	274266
Jimin	Interlude : Showtime	1	0	55	273939	273939
Zedd	Good Thing	10	0	44	38555	272877
Taylor Swift	Question...?	2	0	24	176641	272774
16 Typh	Million Dollar Boy	4	0	80	81085	272316
Why Don't We	Big Plans	20	0	55	19780	271749
j-hope	Future	3	0	25	158435	270956
Camila Cabello	Never Be the Same	32	0	23	31217	270910
j-hope	Safety Zone	3	0	24	159235	270247
Imagine Dragons	Natural	27	0	17	17173	269834
aespa	Illusion	5	0	83	69028	269573
j-hope	What if…	3	0	23	159505	269095
TWICE	MOONLIGHT SUNRISE	3	0	58	112257	268989
Taylor Swift	So Long, London	1	0	53	267591	267591
tlinh	đừng làm nó phức tạp	2	0	112	166639	267509
Obito	Xuất Phát Điểm	2	0	92	163011	267379
Trịnh Thăng Bình	Người Ấy	17	0	135	20622	267022
B Ray	Ghệ Mới	1	0	87	266909	266909
BLACKPINK	Kick It	12	1	3	66013	266572
王宇宙Leto	若月亮没来（若是月亮还没来）	2	0	159	139843	266197
TOMORROW X TOGETHER	Good Boy Gone Bad	4	0	51	95863	266009
Taylor Swift	Is It Over Now? (Taylor's Version) (From The Vault)	2	0	125	139919	265616
Tăng Duy Tân	Dạ Vũ	7	0	174	43996	264688
Mỹ Tâm	Doi La Giac Mo (Nhac Phim Chi Tro Ly Cua Anh)	20	0	17	24223	264078
BTS	Fire	4	0	36	98154	263227
Red Velvet	Zimzalabim	10	0	19	46575	262809
Taylor Swift	Vigilante Shit	2	0	26	169829	262709
Vũ.	Do Ai?	14	0	45	26742	261844
Binz	Luật rừng	4	0	88	75362	261428
Maroon 5	What Lovers Do	42	0	96	12864	261277
MIN	Tìm (Lost)	24	0	65	20827	260975
Khalid	Young Dumb & Broke	34	0	119	11521	259092
Billie Eilish	all the good girls go to hell	17	0	44	20443	258132
The Weeknd	Sacrifice	3	0	34	104315	257840
Passenger	Let Her Go	40	0	97	12972	257765
IVE	HEYA	2	0	157	138488	257578
Tăng Duy Tân	Phải Lòng	4	0	83	74052	257076
Rihanna	Lift Me Up	3	0	54	115896	256065
Landon Austin	Send My Love / Sit Still, Look Pretty (Acoustic Mashup)	11	0	137	25198	254399
Khalid	Love Lies	19	0	18	32281	254009
Linh Thộn	Cháu Xin Lỗi Chú	7	0	109	42999	253627
MIN	Vì Yêu Cứ Đâm Đầu	3	0	150	91326	252987
K/DA	MORE	5	0	34	80177	251888
Ed Sheeran	Best Part of Me	11	0	23	47050	251840
JISOO	Your Love	1	0	99	251666	251666
Stray Kids	Christmas EveL	5	0	93	58591	251519
ITZY	LOCO	4	0	42	83985	251413
Y2K	Lalala	13	0	72	24017	250601
YOARI	TRUE	2	0	167	130539	250308
Trungg I.U	Thuyền Không Bến Đợi	2	0	182	129319	250220
Lana Del Rey	Young And Beautiful	2	0	181	127569	250027
EXO	Cream Soda	2	0	84	138272	249920
Bebe Rexha	Meant to Be	35	0	67	16301	249698
Ava Max	OMG What's Happening	8	0	61	41562	249534
Hoàng Dũng	tình em là đại dương	5	0	109	58975	249298
Thái Đinh	Cố Thức Đến Mùa Cây Thay Lá	8	0	88	40687	249278
Zedd	Funny	9	0	90	32546	248609
RAP VIỆT	Đây Là Rap Việt	6	0	71	49468	248430
RAP VIỆT	Bao Giờ Lấy Vợ	3	0	173	87512	248108
Billie Eilish	you should see me in a crown	19	0	55	17471	248077
Ngọt	Chuyển KÊNH (Sản Phẩm Này Không Phải Là Thuốc)	9	0	27	44843	246460
vaultboy	everything sucks	8	0	117	37444	246204
K-ICM	Một Chiều Mưa Bất Ngờ	2	0	13	152481	244683
Phùng Khánh Linh	Như Hoa Mùa Xuân	2	0	141	123318	243608
Vũ Cát Tường	Ngày Này, Người Con Gái Này	1	0	104	241953	241953
Tiên Tiên	Khi ông mặt trời khóc	3	0	66	107873	241098
BTS	Dynamite - Acoustic Remix	6	0	34	67776	241096
iKON	KILLING ME	23	1	2	33975	240840
K-391	Ignite	29	0	40	13386	240513
BTS	dimple	9	0	31	69518	240233
Taylor Swift	Bejeweled	2	0	35	153281	239770
Vũ Thịnh	Đợi đến tháng 13	2	0	197	124102	239602
Wren Evans	Thói Quen	4	0	132	69552	239129
Bích Phương	Chị Ngả Em Nâng	16	2	6	33168	238731
Hiya	Em Có Nhớ Anh Không ?	2	0	197	122514	238067
RAP VIỆT	SÀI GÒN CÓ EM	5	0	89	53640	237642
Wren Evans	Cứu Lấy Âm Nhạc	1	0	112	236900	236900
Hoàng Tôn	Dành Cho Em	2	0	187	118692	236872
Vũ.	Nhường Lại Em	4	0	92	71794	236650
RealestK	Love Me	4	0	75	70316	236195
JISOO	Hugs & Kisses	1	0	109	235267	235267
Naughty Boy	La La La	7	0	121	43213	234739
Charlie Puth	Patient	31	0	15	18217	233174
Joji	SLOW DANCING IN THE DARK	10	0	82	66880	233109
Girls' Generation	FOREVER 1	4	0	78	81076	232340
Sơn Tùng M-TP	Chúng Ta Không Thuộc Về Nhau (Sky Tour 2019)	5	0	21	68912	231928
BTS	All Night (BTS World Original Soundtrack) [Pt. 3]	7	1	7	76907	231638
The Weeknd	I Was Never There	6	0	110	47373	230970
RAP VIỆT	Nhà Văn Vở	2	0	130	120914	230957
David Guetta	Like I Do	19	0	17	33703	230557
Shawn Mendes	Mercy	23	0	137	14747	230483
RAP VIỆT	Miễn Chê	2	0	134	115611	229748
5 Seconds of Summer	Easier	12	0	42	27236	229626
Marshmello	One Thing Right	8	0	29	42292	229510
Thịnh Suy	Thanh	4	0	54	84073	228827
Taylor Swift	Karma	2	0	37	144517	228616
j-hope	i wonder...	1	0	66	228405	228405
K/DA	POP/STARS	14	3	4	41056	228081
BTS	Skit	3	0	20	125762	227683
Phùng Khánh Linh	quý cô say xỉn (secret sunday)	3	0	75	93850	227218
Ai Higuchi	Akuma no Ko	6	0	117	47940	227128
Drake	God's Plan	26	0	17	26459	227031
John Legend	All of Me	37	0	137	9238	226453
2pillz	tình wá akk	2	0	111	122421	226267
Billie Eilish	Lost Cause	3	0	29	117845	225995
Mesto	Leyla	12	0	80	23874	225836
Tăng Phúc	Đừng Chờ Anh Nữa	7	0	167	34211	225652
Camila Cabello	Easy	10	0	63	31947	225373
RAP VIỆT	Say Bye!	2	0	141	117051	225110
NEIKED	Better Days (NEIKED x Mae Muller x Polo G)	6	0	123	42751	224203
Maroon 5	Nobody's Love	5	0	29	77895	223540
RAP VIỆT	Có Nhiều Cái Khó Nói	2	0	135	113944	222741
Mỹ Tâm	Muộn Màng Là Từ Lúc	11	0	166	22623	222659
Lê Thiện Hiếu	Ooh Just You	7	0	129	38099	222647
Camila Cabello	Bam Bam	5	0	90	62907	222457
24k.Right	Sinh Nhật Của Xinh Nhất	2	0	183	114920	222385
aespa	Black Mamba	6	0	80	54181	222237
RAP VIỆT	Việt Nam Muôn Đời	2	0	139	110978	221806
RAP VIỆT	Khum Hề Giả Trân	2	0	143	115251	221451
Rudimental	These Days	17	0	16	31672	221091
Taylor Swift	But Daddy I Love Him	1	0	73	220849	220849
benny blanco	I Can’t Get Enough (benny blanco, Selena Gomez, J Balvin, Tainy)	10	0	12	36067	219808
Văn Mai Hương	Cơn Mưa Rào	2	0	190	110222	219657
Low G	Tiếp Đất	2	0	93	132493	218773
RAP VIỆT	Mặc Sự Đời!	5	0	58	54759	218738
Sam Smith	I'm Not The Only One	36	0	113	12286	218610
JEON SOMI	XOXO	4	0	45	81076	218076
Da LAB	Thở	6	0	117	41272	217968
Imagine Dragons	Follow You	4	0	58	68253	217849
Emcee L (Da LAB)	Mặt Trời Khóc	4	0	98	65612	217186
Hoàng Dũng	Nep Vao Anh Va Nghe Anh Hat	21	0	69	14551	217167
Justin Bieber	As I Am	4	0	54	73480	216263
Sơn Tùng M-TP	Lạc Trôi (Sky Tour 2019)	5	0	30	62757	215878
EVERGLOW	Adios	10	0	50	37312	215763
24k.Right	Vẫn	2	0	129	116950	215683
James Arthur	Rewrite The Stars	21	0	46	12025	215474
Ariana Grande	breathin	20	1	2	30655	215165
16 Typh	Walk On Da Street	6	0	122	40484	214987
Obito	Soju Love	4	0	99	61472	214951
Thành Đạt	Ngày Mai Người Ta Lấy Chồng	2	0	126	114710	214708
TOMORROW X TOGETHER	Sugar Rush Ride	2	0	50	133157	214704
Bằng Kiều	Cơn Mơ Băng Giá	6	0	154	45276	214601
Chillies	Nếu Ngày Mai Không Đến	10	0	110	28673	213443
Internet Money	Lemonade	8	0	125	30659	213249
RAP VIỆT	Ai Cũng Có Thể Là Quán Quân	2	0	144	106806	213029
Sơn Tùng M-TP	Em Của Ngày Hôm Qua (Sky Tour 2019)	5	0	44	53146	212965
Cardi B	Please Me	10	0	13	31869	212354
Hiền Hồ	Khóc Ở Trong Club	2	0	161	106520	212304
Taylor Swift	Sweet Nothing	2	0	45	138444	211716
The Weeknd	Take My Breath	4	0	46	75148	211558
JAEHYUN	Try Again	5	0	105	48220	211410
GREY D	vaicaunoicokhiennguoithaydoi - Acoustic	4	0	107	59590	211222
SOOBIN	Beautiful Monster	2	0	49	117195	211004
RAP VIỆT	Thành Thật	4	0	49	69374	210938
Taylor Swift	Florida!!!	1	0	79	210836	210836
SEVENTEEN	HOT	4	0	63	76559	210763
Tân Trần	Bỏ Em Vào Balo	6	0	76	55027	209982
TREASURE	JIKJIN	5	0	121	50365	209529
Taylor Swift	Labyrinth	2	0	44	138605	209488
Katy Perry	Daisies	6	0	55	43246	208954
Sam Smith	Diamonds	7	0	70	38928	208385
RAP VIỆT	Mẹ Biết Mẹ Buồn	2	0	151	108445	208131
Katy Perry	Small Talk	10	0	40	36150	208042
Skylar Grey	Everything I Need - Film Version	15	0	56	17041	207946
Trung Quân	Buồn Không Thể Buông	4	0	175	52778	207192
Taylor Swift	You’re Losing Me (From The Vault)	1	0	70	207177	207177
RAP VIỆT	Kéo Em Về Làm Vợ	2	0	142	109207	207150
tlinh	Không Cần Phải Nói Nhiều	3	0	52	91600	207130
(G)I-DLE	Oh my god	6	0	30	59752	206722
Bích Phương	nằm ngủ emru	3	0	35	93495	206049
Lewis Capaldi	Before You Go	11	0	102	23277	205617
YanBi	Giấc Mơ	17	0	14	22793	205466
Low G	Không Thích	4	0	77	68135	205311
Kendrick Lamar	Not Like Us	1	0	136	205114	205114
Alan Walker	Lost Control	22	0	53	11687	204895
BTS	Outro: Tear	18	0	13	49060	203706
Ngọt	06 Quen Lắm	1	0	98	203366	203366
Ngọt	04 Thắp Hương 05 Hoá Vàng	1	0	82	203319	203319
Wren Evans	Trao	3	0	139	75152	203317
Bebe Rexha	Last Hurrah	12	0	29	25330	202893
JISOO	TEARS	1	0	139	202652	202652
David Guetta	Don't Leave Me Alone	20	0	19	17721	202393
Ed Sheeran	Merry Christmas	4	0	101	55584	202132
Bruno Major	Nothing	5	0	119	44077	201971
WEAN	Chương 2 Của Tương Lai	6	0	93	44439	201489
Martin Garrix	High On Life	22	0	18	19435	201433
WHEE!	Bất Chấp	3	0	165	74559	201281
Lee À	1/2	1	0	144	201137	201137
Billie Eilish	NDA	4	0	39	89889	201098
Lil Dicky	Earth	9	0	21	35499	200767
TWICE	CRY FOR ME	5	0	56	64241	200456
Katy Perry	Harleys In Hawaii	7	0	25	49512	200081
BTS	Danger	3	0	42	80384	200031
RAP VIỆT	Nhạc Cho Mẹ	2	0	152	103950	199937
Agust D	What do you think?	3	0	31	118582	199597
Red Velvet	Bad Boy	26	0	41	20778	199539
Lyly	24h	4	0	157	51245	198675
Lady Gaga	Bloody Mary	3	0	143	74306	198600
Avin Lu	Nắng Thủy Tinh	3	0	80	74602	198262
Tuấn Hưng	Tìm Lại Bầu Trời	20	0	19	29867	197727
Đen	Vị Nhà	1	0	130	197713	197713
BTS	Love Maze	14	2	8	63027	197596
Uyên Linh	Nếu Có Một Ngày	16	0	12	21682	196827
Bích Phương	Em Chào Tết	6	0	102	61500	196796
Olivia Rodrigo	enough for you	2	0	36	120097	196772
RAP VIỆT	NGHE - NÓI	4	0	64	70123	196741
Jin	Close to You	1	0	133	196406	196406
Carolina Gaitán - La Gaita	We Don't Talk About Bruno	5	0	126	43926	195996
Hoàng Thùy Linh	Intro	5	0	16	74202	195947
BLACKPINK	WHISTLE - KR Ver.	21	0	96	26477	195913
Taylor Swift	Guilty as Sin?	1	0	87	195162	195162
IZ*ONE	La Vie en Rose	21	0	25	14640	194745
Agust D	People	3	0	26	108294	194566
CARA	This Way	7	0	95	32504	194296
Taylor Swift	the 1	4	0	22	92727	193624
(G)I-DLE	HWAA	4	0	52	69587	193508
JEON SOMI	Fast Forward	2	0	150	102470	193466
TAEYEON	Can't Control Myself	4	0	82	62146	192501
Cardi B	I Like It	26	0	51	11465	192457
Ngọt	Mấy Khi	3	0	61	81323	192414
BTS	Butter (Sweeter Remix)	5	0	105	44113	192337
Future	Life Is Good	8	0	79	26755	191957
ERIK	Lac Nhau Co Phai Muon Doi (Music From “Cho Em Den Ngay Mai”)	1	0	144	191609	191609
BTS	Butter (Cooler Remix)	5	0	107	43808	191550
Avicii	Wake Me Up	23	1	3	33527	191166
RAP VIỆT	Enjoy Cái Moment Này	2	0	177	98833	191139
Trungg I.U	Tình Yêu Buông Tha Cho Chúng Ta	1	0	159	190503	190503
Taylor Swift	"""Slut!"" (Taylor's Version) (From The Vault)"	1	0	69	190163	190163
Taylor Swift	Mastermind	2	0	55	125928	190078
Huyền Tâm Môn	Phố Đã Lên Đèn - Cukak Remix	3	0	49	79573	188960
Post Malone	Psycho	15	0	25	30708	188435
RAP VIỆT	KHÔNG PHẢI TẠI NÓ	4	0	60	65995	187718
Hà Nhi	Chưa Quên Người Yêu Cũ (Live Version)	4	0	128	55497	187026
BTS	Go Go	28	0	33	18810	186989
Ed Sheeran	Overpass Graffiti	3	0	46	80447	186505
OneRepublic	Rescue Me	11	0	64	20056	186125
Tiên Tiên	Lo Xa	5	0	81	47988	185951
TAEYEON	Four Seasons	9	1	8	40316	185742
Pay	Bận Lòng	3	0	145	64259	185612
Hoàng Thùy Linh	Đánh Đố	3	0	81	80239	185302
Axel Johansson	The River	19	0	37	16349	184999
Miley Cyrus	Slide Away	7	0	29	42131	184871
Taylor Swift	Who’s Afraid of Little Old Me?	1	0	100	183574	183574
Alan Walker	Heading Home	7	0	79	34047	183158
Low G	Cypher Nhà Làm	4	0	80	55285	183062
ABBA	Happy New Year	6	0	98	57900	182044
ERIK	Dung co mo	15	0	20	17134	181874
RAP VIỆT	Cậu Ấm, Cô Chén	2	0	149	100329	181490
Kygo	Born To Be Yours	15	0	11	22521	181434
Tóc Tiên	906090	2	0	86	98705	181102
Hoà Minzy	Thị Mầu	2	0	144	95823	180591
Wxrdie	Get Money	1	0	156	180300	180300
Vũ Cát Tường	Chỉ Cần Có Nhau	1	0	171	179787	179787
King Of Rap	Mượn Rượu Tỏ Tình	6	0	128	34679	179747
BTS	Pied Piper	2	0	18	143674	179641
BTS	Paradise	13	1	10	61670	179563
GEMINI	Know me	3	0	94	71053	179428
IZ*ONE	FIESTA	6	0	70	41458	178968
HuyR	Cô Gái M52	18	0	29	15189	178533
NMIXX	DICE	3	0	105	73693	178509
BTS	Permission to Dance (R&B Remix)	5	0	74	53001	178036
Sơn Tùng M-TP	Hãy Trao Cho Anh (Sky Tour 2019)	5	0	49	48644	177965
Rhymastic	Lạc	4	0	84	55363	177847
Hồ Ngọc Hà	Gửi Người Yêu Cũ	10	0	13	37293	177670
Taylor Swift	my tears ricochet	4	0	24	86966	176930
LISA	Rockstar - Extended	1	0	94	176869	176869
Taylor Swift	champagne problems	4	0	42	75849	176789
Taylor Swift	loml	1	0	111	176166	176166
Taylor Swift	Fresh Out The Slammer	1	0	113	176042	176042
Post Malone	Saint-Tropez	7	0	47	36669	176033
Tăng Phúc	Kỳ Vọng Sai Lầm	3	0	143	63912	176032
Avicii	Without You	23	1	6	27738	175496
ITZY	ICY	8	0	37	35558	175434
IU	Blueming	10	0	121	21214	175428
The Weeknd	Cry For Me	1	0	139	175273	175273
WINNER	EVERYDAY	17	1	8	32633	175189
Chillies	Ms. May	4	0	74	58734	175176
Đông Nhi	Giả Vờ Say	16	0	22	21062	175086
Eminem	Godzilla	7	0	67	31578	174468
Saweetie	Best Friend	6	0	169	30686	174287
Taylor Swift	Only The Young - Featured in Miss Americana	5	0	40	48665	173882
SEULGI	28 Reasons	3	0	113	70066	173753
EXO	Let Me In	2	0	177	86897	173586
Ariana Grande	supernatural	1	0	115	173414	173414
RM	Right People, Wrong Place	1	0	108	173081	173081
MONO	Anh Không Thể	3	0	141	59245	172940
Kendrick Lamar	All The Stars	13	0	15	34446	172923
Lady Gaga	Abracadabra	1	0	174	172008	172008
Jack - J97	Dưới Tán Cây Khô Hoa Nở	1	0	195	171033	171033
BLACKPINK	Hope Not	7	1	9	58430	170832
Binz	Hồn Lỡ Sa Vào	1	0	173	170690	170690
The Weeknd	Heartless	7	0	46	39494	170123
(G)I-DLE	Senorita	12	0	20	30649	170019
Metro Boomin	Calling (Spider-Man: Across the Spider-Verse) (Metro Boomin & Swae Lee, NAV, feat. A Boogie Wit da Hoodie)	2	0	172	88566	169739
j-hope	on the street (solo version)	1	0	114	169542	169542
AMEE	anh nhà ở đâu thế	6	0	74	38093	168933
Masew	Thương Nhiều Hơn Nói	17	0	22	16736	168913
TRANG	Thư Cho Anh	21	0	42	11603	168808
League of Legends	Phoenix	7	0	45	38555	168559
Mỹ Tâm	Dau the Ma	21	0	43	18240	168394
Lady Gaga	Stupid Love	4	0	28	68080	167384
Wxrdie	Ca Khúc Cuối	1	0	166	167152	167152
True Damage	GIANTS	4	0	16	62507	167085
Chillies	Những Con Đường Song Song	8	0	125	26268	167076
K-ICM	Tình Là Gì Đây Em Ơi	2	0	49	86895	166958
Beyoncé	Halo	28	0	108	12699	166852
Miley Cyrus	Midnight Sky	5	0	51	47219	166012
Miley Cyrus	Mother's Daughter	8	0	22	36077	165754
j-hope	Blue Side	2	0	35	120839	164897
Thắng	Hướng Dương	1	0	119	164551	164551
Justin Bieber	Honest	2	0	47	103849	164534
SOOBIN	Between us - Vietnamese version	21	0	46	11379	164526
(G)I-DLE	LATATA	20	0	23	15252	164315
UMIE	Không Yêu Xin Đừng Nói (Piano Version)	1	0	156	164106	164106
Anh Khang	Em Gai Mua Cover - Huong Tram ft Anh Khang - Original	17	0	29	14814	164058
TOMORROW X TOGETHER	CROWN	11	0	33	23990	163303
CHUNG HA	Snapping	10	0	82	20811	162913
RAP VIỆT	Anh Chồng Quốc Dân Của Em	3	0	58	72466	162555
Low G	Dáng Xinh	3	0	63	69650	162443
SUNMI	Gashina	28	0	127	11398	162288
Am Mi	Anh Thuong Em Nhat Do - Acoustic Version	9	0	70	24237	162261
NCT DREAM	Candy	2	0	92	99261	162009
Billie Eilish	CHIHIRO	1	0	122	161416	161416
K-ICM	Tình Xa Lúc Ban Chiều - Piano Version	3	0	93	62991	160904
Katy Perry	Cry About It Later	5	0	76	36771	160873
Ed Sheeran	Cross Me	8	0	33	30801	160420
BTS	MIC Drop	19	0	35	18022	160304
Dennis Lloyd	Nevermind	20	0	43	13739	160237
Bruno Mars	Smokin Out The Window	4	0	111	44661	160031
Mabel	Don't Call Me Up	11	0	52	18342	159764
Travis Scott	SICKO MODE	24	0	55	9478	159323
JVKE	this is what falling in love feels like	4	0	157	43730	159064
SHAUN	Bad Habits	10	0	13	25694	158716
BTS	So What	10	0	11	58063	158639
Wxrdie	Anh Freestyle	1	0	179	158280	158280
BTS	I'm Fine	12	1	5	45699	158252
Ariana Grande	imagine	12	0	12	24387	157943
keshi	UNDERSTAND	2	0	185	79922	157840
RAP VIỆT	Hy Vọng	3	0	50	65055	157750
Chị Đẹp Đạp Gió Rẽ Sóng	NẾU ANH LÀ CỦA EM	1	0	191	157535	157535
Chu Thúy Quỳnh	Xem Như Anh Chẳng May	3	0	132	54653	157501
tlinh	ái	1	0	90	157443	157443
Coldplay	My Universe - Instrumental	3	0	36	89274	157415
Marshmello	OK Not To Be OK	6	0	91	32598	157142
Mỹ Tâm	Lanh Lung	20	0	50	16717	156162
Bazzi	Paradise	10	0	54	21742	156072
Lauv	Drugs & The Internet	9	0	41	25691	155414
5 Seconds of Summer	Teeth	8	0	60	27346	155349
SuperM	Jopping	6	0	19	54952	155285
Jonas Brothers	What A Man Gotta Do	6	0	69	29271	154976
ILLIT	Cherish (My Love)	1	0	183	154746	154746
Taylor Swift	I Can See You (Taylor’s Version) (From The Vault)	1	0	65	154732	154732
Obito	Trốn Chạy	1	0	99	154452	154452
Taylor Swift	I Can Fix Him (No Really I Can)	1	0	144	154320	154320
Ariana Grande	true story	1	0	138	154282	154282
Kina Grannis	Can’t Help Falling in Love	20	0	41	11697	154157
The Weeknd	Dancing In The Flames	1	0	153	154141	154141
Fools Garden	Lemon Tree	5	0	89	36801	154132
5 Seconds of Summer	Lie To Me	12	0	31	15054	153718
TWICE	YES or YES	14	0	11	24349	153633
Taylor Swift	Red (Taylor's Version)	3	0	55	72078	153404
David Guetta	I'm Good (Blue)	3	0	149	56699	153264
Andy Williams	It's the Most Wonderful Time of the Year	7	0	72	46263	153227
buitruonglinh	Từng Ngày Như Mãi Mãi	1	0	195	153159	153159
ZAYN	Let Me	13	2	8	29039	153074
BTS	Dynamite - EDM Remix	4	0	46	60251	152750
Bích Phương	Ngày Xuân Long Phụng Sum Vầy	4	0	116	52916	152688
Bích Phương	Tiễn Khách	14	0	17	21857	152470
IU	BBIBBI	16	0	14	20091	152397
DJ Khaled	No Brainer	10	0	12	23965	152363
New Hope Club	Know Me Too Well	3	0	132	58137	152231
TWICE	SCIENTIST	3	0	56	71883	152153
Alec Benjamin	Jesus In LA	8	0	78	22235	152054
The Chainsmokers	Somebody	16	0	26	13314	151929
G-DRAGON	POWER	1	0	179	151866	151866
RAP VIỆT	LOVE SOMEBODY	1	0	196	151605	151605
Taylor Swift	Style (Taylor's Version)	1	0	106	151175	151175
Đặng Trí	Em Ơi Sau Này	1	0	145	150920	150920
Lee Young Ji	Small girl	1	0	127	150501	150501
BTS	Trivia 起 : Just Dance	9	1	6	48169	150405
Taylor Swift	The Alchemy	1	0	157	149895	149895
Sơn Tùng M-TP	Chắc Ai Đó Sẽ Về (Sky Tour 2019)	4	0	53	47014	149819
Glass Animals	The Other Side Of Paradise	4	0	143	40519	149436
Selena Gomez	Feel Me	5	0	71	40869	149050
Thiều Bảo Trâm	Chúng Ta Làm Bạn Được Không?	3	0	127	53473	148882
TWICE	What is Love?	18	0	21	18110	148702
Wxrdie	Cả 2	1	0	194	148625	148625
Brave Girls	Rollin'	4	0	88	49858	148579
Taylor Swift	I Forgot That You Existed	5	0	14	64284	148508
Unknown Artist	NHẠT	9	0	66	20544	148449
David Guetta	Flames	19	0	52	16590	148352
Lauv	Never Not	6	0	91	29287	148333
Taylor Swift	no body, no crime	3	0	47	72236	148324
Martin Garrix	Burn Out	13	1	6	21730	148029
Bruno Mars	That's What I Like	2	0	180	143593	147876
MeloMance	Love, Maybe	3	0	127	50258	147621
Ariana Grande	One Last Time	18	0	120	9827	147587
Kelly Clarkson	Underneath the Tree	5	0	82	49963	147346
Axwell /\ Ingrosso	More Than You Know	21	0	86	12758	147018
BigDaddy	Mê Ly	4	0	64	51051	146734
BTS	FAKE LOVE (Rocking Vibe Mix)	15	1	8	32143	146503
Hoàng Dũng	Vì Một Câu Nói	4	0	115	43179	146242
WILLOW	Wait a Minute!	3	0	121	52323	145837
RM	Nuts	1	0	146	145715	145715
Taylor Swift	the last great american dynasty	3	0	26	83229	145679
John Mayer	New Light	18	0	26	14984	145634
7UPPERCUTS	Đừng Yêu Người Nổi Tiếng	2	0	136	76229	145571
Thanh Hưng	Vạn Sự Tuỳ Duyên	1	0	183	144378	144378
Selena Gomez	Boyfriend	5	0	61	39786	143966
Sam Smith	I’m Ready	5	0	65	36697	143824
EXO	Tempo	12	1	7	33046	143723
Lil Tecca	Ransom	8	0	88	21321	143615
RAP VIỆT	NẮNG	1	0	200	143534	143534
RM	out of love	1	0	150	143424	143424
Taylor Swift	The Smallest Man Who Ever Lived	1	0	168	143417	143417
Tiësto	Jackie Chan	17	0	43	12024	143267
Ngọc Dolil	Cung Anh - Ngoc Dolil, Hagi, STee - Original	19	0	50	11738	143248
Sơn Tùng M-TP	Remember Me (Sky Tour 2019)	4	0	50	48536	143134
My Anh	Nhìn Những Mùa Thu Đi	3	0	115	56286	143057
BAEKHYUN	Candy	4	0	40	50064	142572
aespa	Life's Too Short - English Version	2	0	72	79987	142130
Taylor Swift	Say Don't Go (Taylor's Version) (From The Vault)	1	0	122	142048	142048
16 Typh	Người Chơi Hệ Đẹp - Cukak Remix	5	0	157	31033	141612
Avicii	Heaven	6	0	30	31708	141501
Đen	hai triệu năm - Madihu mix	7	0	96	24891	141116
BTS	Intro: Boy Meets Evil	2	0	32	99809	140988
Ariana Grande	i wish i hated you	1	0	168	140620	140620
j-hope	i don't know	1	0	162	140608	140608
MIN	Y.E.U (L.O.V.E) [Edm Version]	9	1	9	32734	140484
Phương Ly	Little Love (But No Limit)	1	0	124	140261	140261
TOMORROW X TOGETHER	Opening Sequence	3	0	99	58836	140120
The Weeknd	After Hours	5	0	77	36246	140001
tlinh	ghệ iu dấu của em ơi (ft. Khoi Vu)	1	0	105	139968	139968
Mỹ Tâm	Vậy Cũng Vui	6	0	96	30603	139841
Mark Ronson	Nothing Breaks Like a Heart	11	0	21	18723	139575
Bình Gold	Đổi Tư Thế	1	0	192	139507	139507
Ngọt	09 Chuyện Thường	1	0	166	139092	139092
BTS	Outro: Her	6	0	32	57666	139018
X1	FLASH	6	0	39	39303	138597
Shawn Mendes	Summer of Love (Shawn Mendes & Tainy)	3	0	65	55207	138462
j-hope	lock / unlock	1	0	165	138419	138419
Bazzi	Mine	11	0	32	26613	138161
Nhiều người hát	Da Biet Se Co Ngay Hom Qua	16	0	32	14270	137990
Obito	16	1	0	121	137903	137903
Céline Dion	"Ashes - from ""Deadpool 2"" Motion Picture Soundtrack"	13	0	19	21691	137614
Obito	Vô Điều Kiện	1	0	123	137552	137552
Kejo	Biết Đâu Sẽ Mất	1	0	143	137295	137295
SPACESPEAKERS	Everyday	17	0	32	15197	137246
Avicii	Waiting For Love	14	1	4	29390	136989
THE SCOTTS	THE SCOTTS	5	0	78	33050	136671
MAX	IT'S YOU	2	0	167	81022	136573
Ariana Grande	34+35 Remix	4	0	72	52721	136557
Trần Quang Ngọc	Anh đánh rơi người yêu	1	0	38	136451	136451
Trần Quang Ngọc	Yêu một người có lẽ	1	0	39	136448	136448
MOMOLAND	BAAM	16	0	15	18207	136250
OgeNus	Say Yes (Vietnamese Version)	1	0	173	136169	136169
EXID	I Love You	12	0	12	23418	136113
Khalid	My Bad	7	0	29	24810	135361
Agust D	Moonlight	2	0	46	85118	134859
Alan Walker	Live Fast - PUBGM	6	0	42	32747	134808
Juice WRLD	Lucid Dreams	15	0	59	18797	134559
Bùi Lan Hương	"Ngày Chưa Giông Bão (Theme Song From ""Người Bất Tử"")"	4	0	157	35235	134070
Clean Bandit	I Miss You	17	0	80	15185	133905
Jack - J97	Chúng Ta Rồi Sẽ Hạnh Phúc (Hướng Dương Ngược Nắng)	1	0	165	133691	133691
24k.Right	Phù Hộ Cho Con	1	0	181	133391	133391
RM	Domodachi	1	0	165	133337	133337
Stray Kids	Chk Chk Boom	1	0	173	133229	133229
AURORA	Cure For Me	4	0	110	39263	133060
Taylor Swift	This Love (Taylor’s Version)	2	0	55	87152	133016
K-ICM	Hồ Điệp Hoa Niên	2	0	81	67788	132944
SEVENTEEN	MAESTRO	1	0	165	132850	132850
Wxrdie	CẦN GÌ NÓI IU	2	0	145	72150	132754
Ariana Grande	test drive	3	0	58	58855	132718
Ariana Grande	imperfect for you	1	0	184	132616	132616
BTS	No More Dream	2	0	63	93140	132527
CHUNG HA	Gotta Go	13	0	31	15189	132283
T.R.I	Hoa Bấy Bì	2	0	80	75511	132067
Tyga	Freaky Deaky	3	0	117	52288	131611
Quân A.P	Đáp Án Cuối Cùng	2	0	115	68834	130850
Regard	Ride It	7	0	116	21734	130746
Drake	Way 2 Sexy	3	0	60	56108	130622
*NSYNC	Bye Bye Bye	1	0	182	130498	130498
Obito	Con kể Ba nghe	1	0	138	130459	130459
RAP VIỆT	Con Nhà Người Ta	3	0	70	52519	130307
Ariana Grande	Saturn Returns Interlude	1	0	188	129895	129895
Vũ.	Là	19	0	62	9883	129469
"ANH TRAI ""SAY HI"""	NỖI ĐAU NGÂY DẠI	1	0	177	129120	129120
Taylor Swift	Blank Space (Taylor's Version)	1	0	140	129092	129092
RM	Groin	1	0	178	128539	128539
RPT MCK	50/50	1	0	104	128325	128325
BTS	Serendipity (Full Length Edition)	10	1	8	38586	128151
Taylor Swift	mirrorball	3	0	32	72996	128076
Idina Menzel	Into the Unknown	5	0	52	34537	127942
Heize	We don’t talk together	5	0	29	44655	127715
"ANH TRAI ""SAY HI"""	ĐOÁ HỒNG CHƠI VƠI	1	0	195	127580	127580
Obito	Backstage Freestyle	1	0	143	127459	127459
Lady Gaga	I'll Never Love Again - Film Version	14	0	20	14598	127320
Miley Cyrus	Used To Be Young	1	0	115	127318	127318
Hồ Ngọc Hà	Giac Mo Chi La Giac Mo	12	0	18	16644	127106
Taylor Swift	Clara Bow	1	0	200	126949	126949
RM	? (Interlude)	1	0	182	126482	126482
Austin Mahone	Send It	16	0	41	12038	126455
RM	Heaven	1	0	184	126217	126217
Taylor Swift	seven	3	0	34	70187	126162
King Princess	1950	17	0	61	11056	125998
Post Malone	Cooped Up	3	0	148	45117	125866
Apink	Dumhdurum	4	0	62	37981	125851
Martin Garrix	No Sleep	9	0	43	18347	125505
j-hope	what if… (dance mix)	1	0	192	125466	125466
BTS	Outro: Wings	1	0	21	125266	125266
Why Don't We	8 Letters	15	0	43	11421	124988
CHANYEOL	Stay With Me	17	0	75	15442	124728
BTS	Dynamite - Tropical Remix	4	0	49	53305	124609
Quavo	Tough	1	0	179	124412	124412
BTS	Boy In Luv	2	0	72	83971	124375
Calum Scott	Heaven	2	0	90	65996	124125
Tùng Dương	Ngày Chưa Giông Bão	4	0	149	32607	123941
Hoàng Duyên	Mê	3	0	137	45603	123513
hooligan.	NICOT!NE	3	0	154	45579	122928
RM	seoul (prod. HONNE)	8	0	13	44497	122898
BLACKPINK	DDU-DU DDU-DU - Remix	6	0	11	47112	122604
Kygo	"Carry On (from the Original Motion Picture ""POKÉMON Detective Pikachu"")"	8	0	66	18853	122267
16 Typh	CÁM ƠN	1	0	118	122264	122264
Taylor Swift	Miss Americana & The Heartbreak Prince	4	0	16	59457	122137
фрози	supїdo	1	0	122	121773	121773
Demi Lovato	Met Him Last Night	3	0	106	46367	121763
BTS	Begin	2	0	98	69659	121727
BIGBANG	FLOWER ROAD	8	0	18	33518	121695
Lil Nas X	STAR WALKIN' (League of Legends Worlds Anthem)	2	0	107	70998	121675
Ariana Grande	needy	7	0	13	35485	121279
Stray Kids	Lose My Breath	1	0	192	121235	121235
Calvin Harris	Promises	11	0	29	14694	121032
Billie Eilish	"What Was I Made For? [From The Motion Picture ""Barbie""]"	1	0	105	120950	120950
Diplo	Lonely	6	0	88	22571	120418
Red Velvet	Chill Kill	1	0	157	120210	120210
Ariana Grande	pov	4	0	136	30652	119629
Ngọt	GIẢ VỜ	4	0	33	42105	119553
Tùa	Nếu Anh Thấy Lòng Mình Yếu Đuối	3	0	122	44046	119236
Đức Phúc	Người Tình Mùa Đông	2	0	180	61900	119102
Bảo Anh	Như Lời Đồn	13	0	12	17885	119094
tlinh	ghệ iu dấu của em ơi (ft. Hoāng)	1	0	105	118997	118997
Rum	Ôm Trọn Nỗi Nhớ	4	0	156	31576	118981
Ngọt	EM CÓ CHẮC Không (?) (Bài Ca Rebound)	4	0	35	41392	118919
Hà Anh Tuấn	Xuân Thì	4	0	162	34556	118879
NewJeans	Right Now	1	0	193	118700	118700
SPACESPEAKERS	A Veil of Mist	2	0	141	64081	118618
Ed Sheeran	Visiting Hours	3	0	75	51743	118612
RM	Around the world in a day	1	0	199	118589	118589
lucidbeatz	all night	1	0	127	118240	118240
Phùng Khánh Linh	Thành Phố Xa Lạ	12	0	43	13217	118184
Kanye West	Hurricane	3	0	84	44654	117832
NAYEON	ABCD	1	0	184	117759	117759
The Weeknd	Double Fantasy	1	0	112	117688	117688
Kygo	Remind Me to Forget	13	0	59	17149	117653
Megan Thee Stallion	Savage Remix	5	0	113	27105	117521
Taylor Swift	You All Over Me	3	0	107	45250	117402
XXXTENTACION	Arms Around You	12	0	30	13701	117002
Phương Mỹ Chi	Hai Đứa Trẻ	1	0	124	116270	116270
Twenty One Pilots	Level of Concern	4	0	81	32713	116099
Adele	Strangers By Nature	2	0	46	82418	116092
Thiều Bảo Trâm	Love Rosie	3	0	100	45925	115930
Sam Smith	Stay With Me	18	0	127	9000	115647
MIN	Đừng Yêu Nữa, Em Mệt Rồi	2	0	163	59202	115602
Đen	Đố Em Biết Anh Đang Nghĩ Gì (Madihu Remix)	12	0	84	10344	115485
Adele	I Drink Wine	2	0	50	79824	115453
T-ARA	ALL KILL	2	0	54	74515	115422
Miley Cyrus	River	1	0	117	115120	115120
Coldplay	The Scientist	21	0	150	8891	115048
Taylor Swift	Cornelia Street	4	0	21	53966	114910
Taylor Swift	Out Of The Woods (Taylor's Version)	1	0	175	114582	114582
aespa	Welcome To MY World	1	0	125	114554	114554
RAP VIỆT	?	3	0	89	47885	114550
Kiều Chi	Anh Thôi Nhân Nhượng Cover	1	0	200	114252	114252
Binz	021	4	0	94	32363	113915
Lyly	Người Ta Đâu Thương Em	4	0	139	33163	113703
Dean Martin	Let It Snow! Let It Snow! Let It Snow!	4	0	99	44575	113522
Only C	Đau Để Trưởng Thành	2	0	130	61142	113514
Regard	You	3	0	111	43086	112646
Nicki Minaj	Bed	9	0	17	18133	112638
Rita Ora	Let You Love Me	13	0	32	12777	112573
Chillies	Một Cái Tên	3	0	128	43275	112512
Linh Thộn	Anh Yêu Em Cực	2	0	147	63534	112011
GUrbane	Da Key	1	0	199	111926	111926
aespa	Better Things	1	0	145	111892	111892
Bùi Lan Hương	Nhìn Những Mùa Thu Đi - Em Và Trịnh Original Soundtrack	2	0	98	61401	111859
Why Don't We	I Don't Belong In This Club	9	0	84	16263	111784
Travis Scott	FE!N	1	0	200	111708	111708
Taylor Swift	Welcome To New York (Taylor's Version)	1	0	184	111599	111599
Vũ.	Chợt Nhìn Nhau	2	0	140	55737	111392
Dua Lipa	"Swan Song (From the Motion Picture ""Alita: Battle Angel"")"	8	0	22	23587	111389
RAP VIỆT	Chúng Ta Đều Là Người Chiến Thắng	3	0	106	44132	111316
Lil Tjay	Calling My Phone	4	0	171	29375	111195
Khalid	Know Your Worth	4	0	73	32020	111087
Taylor Swift	Now That We Don't Talk (Taylor's Version) (From The Vault)	1	0	187	110810	110810
Taylor Swift	London Boy	4	0	23	51124	110784
Mason Nguyen	Hai Thằng Bịp	1	0	195	110610	110610
StarBoi3	Dick	3	0	122	42998	110311
Justin Bieber	Red Eye	2	0	64	60358	110240
Dynoro	In My Mind	12	0	40	12490	109732
Zac Efron	Rewrite The Stars	11	0	27	25423	109700
Cukak	Đường Tôi Chở Em Về - Remix	3	0	96	44294	109604
HIEUTHUHAI	DYNAMIC DUO	2	0	109	55435	109543
Camila Cabello	Don't Go Yet	3	0	84	48285	109500
SUNMI	Siren	15	0	46	11126	109450
Obito	Champion	1	0	181	109289	109289
Sia	Audio	15	0	55	10995	109267
TEMPEST	Vroom Vroom	1	0	143	108500	108500
The Masked Singer	Gặp Lại Năm Ta 60	1	0	196	108219	108219
OneRepublic	Counting Stars	22	0	135	5388	108102
Hồ Ngọc Hà	Càng Trưởng Thành, Càng Cô Đơn	4	0	97	33355	108026
World the Kid	Cupid Twin Version	1	0	121	107870	107870
Martin Garrix	Used To Love	5	0	98	24428	107548
Binz	Make Me Feel	1	0	200	107186	107186
RPT MCK	00	1	0	123	106967	106967
Ashley O	On A Roll	6	0	73	21614	106837
Ngọt	Đốt	2	0	65	73458	106792
Hailee Steinfeld	Capital Letters	13	0	54	18847	106788
Meghan Trainor	Like I'm Gonna Lose You	17	0	111	9981	106770
Coldplay	Let Somebody Go	2	0	65	58184	106571
Bích Phương	Bao Giờ Lấy Chồng	16	0	48	13212	106209
Billie Eilish	i love you	7	0	98	15966	105660
Bảo Uyên	Những Câu Hỏi Khi Say	1	0	199	105423	105423
tlinh	kết thúc = mở đầu	1	0	163	105342	105342
Taylor Swift	Enchanted (Taylor's Version)	1	0	131	105182	105182
Jamie Miller	Here's Your Perfect	4	0	181	27215	105106
WINNER	REALLY REALLY - KR ver.	17	0	113	10818	104949
Đen	Cô Gái Bàn Bên	7	0	161	17339	104735
BTS	Dope	2	0	55	64564	104611
BTS	Answer : Love Myself	8	1	7	38953	104488
Lauv	Modern Loneliness	4	0	111	28784	104194
Adele	Can I Get It	2	0	57	69752	104084
Taylor Swift	Mr. Perfectly Fine (Taylor’s Version) (From The Vault)	2	0	65	66626	103779
Harry Styles	Late Night Talking	2	0	108	54764	103749
Jonas Brothers	Only Human	6	0	64	22329	103685
RAP VIỆT	Lối Đi Riêng	1	0	154	103599	103599
BTS	Look Here	1	0	39	103539	103539
Lauv	Changes	5	0	77	27536	103352
Rihanna	Take A Bow - Main	18	0	144	10470	103153
RAP VIỆT	Yêu Là Phải Nói	3	0	98	37380	102997
Drake	Don’t Matter To Me	6	2	8	27163	102667
Tyga	Taste	14	0	59	9811	102351
ITZY	SNEAKERS	2	0	110	58746	102349
Kiều Chi	Một Ngày Buồn	1	0	194	102323	102323
EXO	Love Shot	10	0	14	18425	102040
Shawn Mendes	When You're Gone	2	0	107	54581	101903
BTS	BTS Cypher Pt.3: Killer	2	0	115	61020	101613
Stray Kids	S-Class	1	0	138	101320	101320
Sol Silva	016 Tan Du	2	0	142	50812	101222
Skrillex	Don’t Go	3	0	100	38667	101105
BTS	Epiphany	8	0	11	33889	101003
Sơn Tùng M-TP	Skyler	3	0	101	43294	100955
Tóc Tiên	Mình Yêu Đến Đây Thôi	2	0	80	61727	100893
JP Saxe	If The World Was Ending	5	0	171	21080	100409
Isaac	Gia Ngay Dau Dung Noi Thuong Nhau	12	0	39	11630	100274
Lauv	Enemies	12	0	33	12670	100181
Lorde	Solar Power	2	0	69	63328	100160
Đen	Lộn Xộn 2	7	0	145	18875	100080
Xesi	Đắm	3	0	98	43058	100044
Post Malone	Motley Crew	3	0	113	39142	99860
Low G	Phân Thân	2	0	96	59382	99596
Billie Eilish	bellyache	11	0	132	11123	99558
Ali Gatie	What If I Told You That I Love You	5	0	127	23244	99505
Lauv	Love Somebody	3	0	75	38060	99487
RAP VIỆT	Anh Không Xứng	1	0	164	99219	99219
SUNI	Từ Khung Cửa Sổ Này	1	0	158	99001	99001
HuyR	Cô Gái Vàng	4	0	140	26101	98938
Lil Dicky	Freaky Friday	9	0	36	16554	98520
Hiền Hồ	Người Rất Tốt Không Gặp Sẽ Tốt Hơn	1	0	122	98516	98516
Lizzo	Good As Hell	5	0	119	21550	98509
Cukak	Em Là Nhất - Cukak Remix	2	0	141	50975	98339
RAP VIỆT	Thầy Bói Xem Voi	1	0	158	98339	98339
JUUN D	Friendzone (Yeu Ban Duoc Khong)	10	0	36	14142	97868
TOMORROW X TOGETHER	Trust Fund Baby	2	0	109	55812	97840
Khắc Việt	Yêu Lại Từ Đầu	15	0	58	13692	97794
Uyên Linh	Người Hát Tình Ca	7	0	24	30737	97260
Thùy Trang	Anh Thương Em Nhất Mà	6	0	139	17990	96974
Post Malone	Chemical	1	0	134	96963	96963
Music Factory	Cupid Twin Version (Sped Up) - Remix	1	0	140	96843	96843
Alan Walker	Running Out of Roses	3	0	123	36511	96826
TOMORROW X TOGETHER	Lonely Boy (The tattoo on my ring finger)	2	0	114	54870	96780
Ariana Grande	bloodline	6	1	10	32501	96653
DJ Snake	Let Me Love You	13	0	176	10615	96503
RPT MCK	99	1	0	142	96261	96261
Polo G	RAPSTAR	3	0	156	33630	96221
TOMORROW X TOGETHER	Thursday's Child Has Far To Go	2	0	117	54353	96220
NCT 127	Favorite (Vampire)	2	0	98	50133	96187
Little Mix	Woman Like Me	10	0	37	12038	96146
TEMPEST	DIVE	1	0	184	95997	95997
Billie Eilish	TV	1	0	54	95914	95914
GFRIEND	MAGO	3	0	112	39025	95748
WINNER	Hold	3	0	67	37730	95545
Hoàng Duyên	Mưa Hồng	2	0	135	51000	95456
Loud Luxury	Body	12	0	58	9826	95120
IZ*ONE	Secret Story of the Swan	3	0	69	38218	95094
BTS	Crystal Snow	3	0	49	81145	94948
Camila Cabello	Shameless	4	0	47	33609	94942
Dab	Lying to myself	1	0	195	94862	94862
Kygo	Happy Now	11	0	43	12353	94495
Phát Hồ	Cô Thắm Không Về	5	0	76	24433	94311
TEMPEST	Bluetooth	1	0	189	94139	94139
Ngọt	Điểm Đến Cuối Cùng	1	0	98	94019	94019
TAEYEON	Spark	4	0	71	30211	93855
Trần Quốc Cường	Trước Khi Em Tồn Tại	1	0	171	93769	93769
Ed Sheeran	Antisocial	4	0	48	33172	93613
NAOMI	Retrograde	1	0	167	93594	93594
Masiu	Cưới Thôi	3	0	158	32871	93501
BTS	Skit: Billboard Music Awards Speech	1	0	51	93432	93432
ERIK	Đừng Xin Lỗi Nữa	3	0	129	82614	93427
Taylor Swift	invisible string	2	0	43	62855	93410
K-391	Play	5	0	70	26002	92998
RAP VIỆT	Hổng Có Ưa	1	0	177	92794	92794
W/N	Tương 3+1	2	0	103	52556	92665
Taylor Swift	this is me trying	2	0	42	63675	92625
Lauv	Sad Forever	6	0	95	18151	91510
RAP VIỆT	Huhu Haha	1	0	198	91467	91467
Hoài Lâm	Buồn Làm Chi Em Ơi	4	0	140	27600	91333
EXO	Ko Ko Bop	14	0	68	13085	91051
Trần Quang Ngọc	Lời tạm biệt chưa nói	1	0	84	90900	90900
Post Malone	rockstar	15	0	102	10894	90797
Táo	Red Rum	2	0	152	45914	90532
Stray Kids	MANIAC	2	0	120	52950	90178
Taylor Swift	I Think He Knows	3	0	24	50866	90086
Juice WRLD	Smile	3	0	72	36751	89938
911	I Do	1	0	128	89878	89878
Bích Phương	Diệu Kỳ Việt Nam	3	0	137	34972	89804
Taylor Swift	Paper Rings	3	0	27	49955	89658
Alan Walker	Alone	12	0	72	15543	89226
Swedish House Mafia	Moth To A Flame	2	0	93	51926	88631
Đông Nhi	Ngày Đôi Ta Là Của Nhau	4	0	72	28990	88593
Agust D	Intro : DT sugA (Feat. DJ Friz)	1	0	161	88506	88506
Trung Quân	những ngày mưa cô đơn	3	0	137	31328	88397
Billie Eilish	xanny	8	0	63	16232	88155
Đen	Ði Trong Mùa Hè	2	0	149	46699	88092
Jimin	Like Crazy (Deep House Remix)	1	0	164	87861	87861
Ellie Goulding	Sixteen	7	0	115	13884	87740
(G)I-DLE	HANN (Alone)	10	0	20	17439	87643
IU	Love poem	4	0	62	33398	87642
Taylor Swift	illicit affairs	2	0	45	60677	87623
OneRepublic	Start Again	10	0	22	15774	87537
EXO	Hear Me Out	1	0	176	87214	87214
ZAYN	Entertainer	11	0	34	14601	87191
Ngọt	Bạn thỏ tivi nhỏ	1	0	106	86968	86968
Imagine Dragons	Wrecked	2	0	80	51920	86861
RAP VIỆT	DO IT FOR FLY TEAM	2	0	100	49284	86834
GOT7	NOT BY THE MOON	3	0	59	38717	86775
Đen	Mơ	6	0	158	15902	86643
Charlie Puth	Change	11	0	36	18293	86524
Calvin Harris	Giant	8	0	37	14443	86510
Megan Thee Stallion	Savage	4	0	154	23356	86467
Taylor Swift	Back To December (Taylor's Version)	1	0	182	86305	86305
Alan Walker	The Spectre	13	0	93	13458	86256
KYLE	Playinwitme	11	0	64	9748	86102
Olivia Rodrigo	bad idea right?	1	0	200	86041	86041
GREY D	'yêu yêu yêu' mashup	2	0	185	43906	85516
Halsey	Nightmare	4	0	32	29310	85248
Taylor Swift	Afterglow	3	0	34	44680	85080
ØMI	You (Prod. SUGA of BTS)	2	0	81	52435	85022
Chi Pu	Anh Ơi Ở Lại	1	0	180	84987	84987
Jun Phạm	Gật Đầu	10	0	60	10770	84873
Hari Won	Vì Em Vẫn	7	0	64	13873	84780
Inkle	Anh Chua Thuong Em Den Vay Dau	1	0	89	84721	84721
Khoi Vu	Not About Love	2	0	156	44136	84680
Khalid	OTW	11	0	63	9246	84648
BTS	Dynamite - Holiday Remix	2	0	144	43167	84317
Chillies	Who	4	0	146	23868	84236
BTS	Don't Leave Me	8	0	30	18302	84166
Logan Harris	Castle In The Sky	3	0	89	33954	84104
Kha	H In My Arms	3	0	137	31342	83751
Taylor Swift	Daylight	3	0	35	44256	83724
Lauv	Fake	3	0	106	30551	83699
Taylor Swift	evermore	2	0	78	54499	83649
Sam Feldt	Post Malone	5	0	110	19323	83603
Sia	No New Friends	7	0	90	14366	83460
Taylor Swift	betty	2	0	50	56459	83394
NSND Bach Tuyet	Về Nghe Mẹ Ru	2	0	168	42563	83362
The Chainsmokers	Sick Boy	9	0	47	21783	83340
Cá Hồi Hoang	5Am	6	0	151	16324	83288
TAEYEON	Weekend	2	0	90	49555	83094
Charlie Puth	The Way I Am	10	1	6	19685	83014
Avril Lavigne	Head Above Water	8	0	22	14607	82976
Taylor Swift	Style	1	0	190	82811	82811
Mr T	Thu Cuối	8	0	46	18276	82783
BTS	N.O	1	0	75	82650	82650
GiGi Hương Giang	Du Hành Vào Tâm Trí	1	0	55	82559	82559
Nal	Rồi Tới Luôn	3	0	146	29643	82445
Only C	Có Lẽ Anh Chưa Từng	2	0	111	45370	82337
RAP VIỆT	NO LOVE	2	0	128	46251	82281
RAP VIỆT	Né	1	0	196	82078	82078
RM	tokyo	5	1	9	26497	82068
Sabrina Carpenter	Alien	9	0	69	12138	81929
NewJeans	Zero	1	0	177	81882	81882
Le Mousche	In the Night	5	0	177	16397	81744
Trance Demon	Enhanced Depth	5	0	178	16384	81712
Hà Anh Tuấn	Vài Lần Đón Đưa	10	0	76	14171	81698
TOMORROW X TOGETHER	Devil by the Window	1	0	120	81688	81688
甘草片r	Just Say Hello - Acoustic Version	1	0	179	81575	81575
RAP VIỆT	CÒN THỞ CÒN GỠ	2	0	121	46302	81189
RAP VIỆT	Sơn Tinh Thuỷ Tinh	3	0	140	29525	81134
Jimin	Like Crazy (UK Garage Remix)	1	0	185	80969	80969
JayKii	Càng Lớn Càng Cô Đơn	2	0	119	44093	80928
Silk City	Electricity	8	0	30	14398	80768
Ngọt	HẾT THỜI	3	0	48	36520	80732
Taylor Swift	mad woman	2	0	51	55631	80536
Ariana Grande	motive	2	0	76	47858	80499
Lizzo	Truth Hurts	6	0	155	14882	79865
Demi Lovato	I Love Me	3	0	100	30032	79833
Bruno Mars	Skate	2	0	84	45618	79700
The Chainsmokers	Side Effects	8	0	37	13260	79658
Lou Hoàng	Mình Là Gì Của Nhau	2	0	178	41333	79521
Thái Đinh	Em Có Còn Dùng Số Này Không	5	0	155	19306	79461
RAP VIỆT	CÁNH CỬA VÀ NGƯỜI ĐÀN ÔNG	2	0	128	47728	79382
Jay Park	GANADARA (Feat. IU)	2	0	162	41777	79363
Julia Michaels	Heaven	11	0	68	16241	79179
BTS	進撃の防弾(SONPUB REMIX)	1	0	62	79169	79169
Bebe Rexha	Baby, I'm Jealous	3	0	104	29864	79035
EVERGLOW	Bon Bon Chocolat	7	0	117	13838	79008
张紫豪	可不可以 - 抖音热歌	1	0	189	78917	78917
Tessa Violet	Crush	11	0	42	11324	78561
BTS	We On	1	0	50	78460	78460
ENHYPEN	Bite Me	1	0	196	78438	78438
Kim Feel	Someday, The Boy	3	0	93	30543	78399
Shawn Mendes	Stitches	6	0	145	14735	78371
Lil Nas X	SUN GOES DOWN	2	0	118	45295	78335
The Chainsmokers	Family	4	0	138	20991	78205
Ngọt	NỨT (Đôi Chân Đôi Tay Đôi Mắt Trái Tim)	3	0	50	34349	78197
keshi	SOMEBODY	2	0	122	43403	78148
Olivia O'Brien	hate u love u	6	0	178	17678	77929
Kendrick Lamar	N95	2	0	179	41158	77889
Ngọt	VÉ ĐI Thiên Đường (Một Chiều)	3	0	54	33263	77867
Lizzo	Rumors	2	0	83	46370	77802
Ed Sheeran	Eyes Closed	1	0	195	77625	77625
Panic! At The Disco	High Hopes	8	0	48	13300	77511
Adele	Hello	9	0	151	36044	77463
Ngọt	Em Trong Đầu	1	0	133	77434	77434
Võ Hạ Trâm	Về Với Em	1	0	193	77330	77330
Rtee	Chọn Bạn Mà Chơi	2	0	141	41921	77305
Noo Phước Thịnh	Hạnh Phúc Thoáng Qua	12	0	74	7760	77283
Martin Garrix	There for You	13	0	122	8662	77103
Conan Gray	Memories	2	0	180	39869	76897
Hoàng Yến Chibi	Cánh Hoa Tổn Thương	4	0	86	25834	76642
Hà Nhi	Dĩ Vãng Nhạt Nhòa	3	0	188	25828	76584
The Chainsmokers	Everybody Hates Me	6	0	29	28584	76455
TWICE	Dance The Night Away	10	0	38	12233	76270
Phan Mạnh Quỳnh	Đa Đoan	1	0	103	76260	76260
MONSTAR	Badadu	8	0	56	13405	76074
Alec Benjamin	Mind Is A Prison	4	0	135	20261	75894
TAEYEON	Happy	3	0	82	30738	75847
Agust D	Strange	2	0	33	53888	75791
Drake	Nice For What	10	0	47	13256	75786
Alessia Cara	Scars To Your Beautiful	12	0	131	11008	75648
NCT U	Make A Wish (Birthday Song)	3	0	108	30403	75250
Tiên Tiên	Chắc Anh Đang	3	1	8	31517	75248
TOMORROW X TOGETHER	Tinnitus (Wanna be a rock)	1	0	138	74873	74873
Taylor Swift	The Great War	1	0	122	74848	74848
Châu Đăng Khoa	Tinh Nhan Oi	8	0	35	14570	74751
Coldplay	My Universe - SUGA's Remix	2	0	127	42723	74707
BTS	Trivia 承 : Love	6	0	12	32665	74705
Taylor Swift	epiphany	2	0	59	51635	74696
Lauv	Superhero	9	0	36	12890	74444
Zedd	Stay	15	0	154	5529	74277
Rtee	Downtown Baby	2	0	140	38763	74226
Meek Mill	Going Bad	10	0	109	8308	74092
Kehlani	Nights Like This	7	0	35	13810	73574
Orange	Nhìn Vậy Mà Không Phải Vậy	2	0	104	43673	73404
NCT DREAM	Glitch Mode	2	0	187	37921	73398
Ngọt	MẾU MÁO (T.T)	3	0	52	33891	73393
LyLy	24h	8	0	119	9703	73305
Girls' Generation-Oh!GG	Lil’ Touch	8	0	11	19902	73216
Ava Max	Salt	4	0	176	19568	73213
Red Velvet	Power Up	8	0	23	16135	73136
RPT MCK	Đìu Anh Luôn Giữ Kín Trong Tym	2	0	109	40200	73052
Agust D	28	2	0	39	52088	73007
Taylor Swift	Bigger Than The Whole Sky	1	0	126	72973	72973
Doja Cat	I Don't Do Drugs	2	0	102	41061	72912
Bùi Lan Hương	Mặt Trăng	3	0	53	31918	72736
j-hope	Blue Side (Outro)	1	0	67	72619	72619
Wowy	Tết Real Khum?	2	0	156	37150	72477
Khalid	Outta My Head	5	0	41	23316	72333
Lauv	Tattoos Together	4	0	140	19212	72300
Chris Brown	No Guidance	5	0	133	17499	72299
SUNMI	LALALAY 날라리	3	0	49	31597	72160
The Weeknd	Pray For Me	7	0	63	16696	72091
Ngọt	MÀU (Đen Trắng)	3	0	53	33325	71831
Duy B	Hết Nhạc Con Về	2	0	176	36978	71694
BTS	Just One Day	1	0	70	71633	71633
Suboi	Cho Không	4	0	48	23822	71549
Taylor Swift	hoax	2	0	64	48056	71313
TOMORROW X TOGETHER	0X1=LOVESONG (I Know I Love you)	2	0	134	39116	71171
Hoàng Dũng	Ngủ Đi Để Thấy Nhau Còn Hồn Nhiên	2	0	141	37089	70879
Chillies	Mộng Du	2	0	125	38545	70754
Aaron Smith	Dancin	8	0	41	13314	70720
TOMORROW X TOGETHER	Farewell, Neverland	1	0	150	70516	70516
Dua Lipa	Boys Will Be Boys	3	0	138	25385	70491
Khánh Phương	Độ Ta Không Độ Nàng	4	0	54	24298	70130
Vũ Cát Tường	Leader	7	0	19	20127	70026
R3HAB	Lullaby	8	0	65	14650	69909
7UPPERCUTS	No Internet	2	0	120	39134	69784
James Arthur	Naked	8	0	73	15482	69769
Adele	My Little Love	1	0	58	69698	69698
Sia	Cheap Thrills	13	0	137	6177	69532
Bích Phương	Drama Queen	8	0	19	16922	69498
Nguyễn Trọng Tài	Hongkong1 - Official Version - Original	9	0	55	11239	69439
Marshmello	Silence	10	0	119	11295	69276
Agust D	Dear my friend	2	0	48	47688	69231
Bruno Mars	Finesse - Remix; feat. Cardi B	6	0	40	20680	69051
MaziteLo	Tune Of Joy	1	0	30	68625	68625
Pháo	Nói Dối	2	0	183	34276	68367
WENDY	Like Water	2	0	161	34957	68300
MaziteLo	Sleep In My Time	1	0	31	68100	68100
CHUNG HA	Stay Tonight	3	0	133	25715	68033
MaziteLo	Finding Your Strength	1	0	32	67964	67964
RAP VIỆT	Tiến Hoá	2	0	117	34654	67807
MaziteLo	Easy Moves	1	0	33	67694	67694
iKON	Dive - KR Ver.	2	0	52	42399	67393
MONSTAR	ai buồn giơ tay	2	0	111	36561	67380
MaziteLo	Beautiful Chances	1	0	34	67355	67355
SEVENTEEN	Darl+ing	1	0	83	66948	66948
Drake	Girls Want Girls	2	0	99	39023	66790
Miu Lê	Còn Thương Thì Không Để Em Khóc	3	0	100	23551	66779
Ngân Ngân	Người Em Từng Yêu	1	0	169	66487	66487
(G)I-DLE	Uh-Oh	4	0	93	19947	66386
Đen	Anh Đếch Cần Gì Nhiều Ngoài Em - dongvui harmony	1	0	133	66386	66386
Eminem	Lucky You	6	0	20	18481	66319
NCT 127	Kick It	2	0	60	45614	66109
B Ray	Đừng Tin Her	2	0	155	33943	66086
Taylor Swift	peace	2	0	71	45155	65960
Taylor Swift	Death By A Thousand Cuts	2	0	33	44935	65953
TOMORROW X TOGETHER	Happy Fools	1	0	172	65831	65831
Mr.A	Mưa Cứ Rơi	1	0	163	65707	65707
Anne-Marie	Our Song	2	0	149	36512	65674
Michael Bublé	Holly Jolly Christmas	3	0	107	37567	65645
Miley Cyrus	Angels Like You	2	0	151	33256	65540
Ant Saunders	Yellow Hearts	4	0	171	17360	65538
WEAN	LAVIE	2	0	115	38786	65476
Hoàng Yến Chibi	Nu Hon Danh Roi - OST Thang Nam Ruc Ro - Original	11	0	71	8949	65310
Ariana Grande	bad idea	4	0	16	26829	65259
Datmaniac	Thiên Hà Trước Hiên Nhà	2	0	88	36370	65219
Kina	Get You The Moon	4	0	175	17036	65150
Cheung	Da Lau Roi	2	0	127	36979	65077
Sơn Tùng M-TP	Intro	1	0	126	65018	65018
Porter Robinson	Everything Goes On	1	0	98	64760	64760
Martin Garrix	In the Name of Love	12	0	145	10044	64733
Gryffin	Tie Me Down	10	0	93	7481	64593
BTS	Let Go	8	0	53	14507	64565
NCT DREAM	Hot Sauce	2	0	153	34807	64462
Kay Trần	U Mê Em	1	0	172	64434	64434
Taylor Swift	Paris	1	0	144	64340	64340
Tiên Tiên	NOEL Biết Yêu	1	0	170	64123	64123
Avicii	Lonely Together	9	0	21	17933	64094
Childish Gambino	This Is America	6	0	17	17095	64035
TOMORROW X TOGETHER	LO$ER=LO♡ER	2	0	108	37372	63813
Ngọt	Đêm Hôm Qua	1	0	174	63598	63598
Châu Đăng Khoa	Người Lạ Ơi - Hoaprox Remix	11	0	104	6748	63530
TRANG	Tỉnh Giấc Khi Ông Trời Đang Ngủ	3	0	103	23139	63318
Taylor Swift	False God	2	0	39	43371	63277
K-ICM	Túy Họa	2	0	60	43588	63166
TREASURE	BOY	2	0	77	35077	63161
Tate McRae	working	2	0	130	34623	63081
Adele	To Be Loved	1	0	73	63019	63019
Taylor Swift	End Game	9	0	112	12380	62944
Tân Trần	Bỏ Em Vào Balo (Lofi)	1	0	91	62904	62904
RAP VIỆT	Gu Của Anh Là Châu Á	2	0	110	37556	62829
Billie Eilish	come out and play	4	0	16	21861	62795
Coldplay	My Universe - Acoustic Version	2	0	163	32479	62769
Bebe Rexha	Sacrifice	2	0	145	33716	62742
Maggie Lindemann	Pretty Girl - Cheat Codes X CADE Remix	7	0	182	11417	62708
Ariana Grande	MONOPOLY	4	0	37	24953	62613
BOL4	Some	2	0	181	31414	62576
WEAN	I Don't Know	2	0	175	32341	62546
STAYC	STEREOTYPE	2	0	137	34477	62200
Vũ Cát Tường	Tomorrow	3	0	147	22947	62138
BlocBoy JB	Look Alive	8	0	69	15246	62134
K-391	End of Time	3	0	175	21710	62018
Dương Hồng Loan	Vùng Lá Me Bay	6	0	70	12357	61960
HWASA	TWIT	6	0	86	12659	61908
Juice WRLD	Come & Go	2	0	82	35517	61824
Ngọt	Gieo	1	0	181	61567	61567
bbno$	edamame	2	0	140	31460	61141
Ariana Grande	Bad To You	2	0	56	36344	61013
Bazzi	I Don't Think I'm Okay	2	0	79	36375	60878
Harry Styles	Falling	3	0	129	21368	60833
Taylor Swift	Soon You’ll Get Better	2	0	43	41765	60731
Dewie	Roi Mot Ngay	1	0	194	60713	60713
Lennon Stella	Summer Feelings	3	0	166	20757	60676
Drake	What’s Next	2	0	156	32156	60324
Selena Gomez	Baila Conmigo	2	0	149	32777	60289
WINNER	AH YEAH - KR Ver.	4	0	50	23491	60240
Charlie Puth	Charlie Be Quiet!	1	0	137	60236	60236
Sam Smith	I'm Not Here To Make Friends	1	0	200	60192	60192
BigDaddy	Về Nhà Ăn Tết	1	0	153	60119	60119
Jonas Blue	Polaroid	7	0	61	9716	60092
Ink Waruntorn	ถ้าเธอรักใครคนหนึ่ง OST.บุพเพสันนิวาส 2	1	0	136	60034	60034
Phùng Khánh Linh	căn gác mùa hè (sweet summer)	1	0	151	59806	59806
Doja Cat	Streets	2	0	176	30459	59749
Gesaffelstein	Lost in the Fire	5	0	28	16012	59748
BTS	Dynamite - Poolside Remix	2	0	74	40602	59641
Trang Hàn	Lonely Love	1	0	140	59475	59475
Calvin Harris	Over Now	2	0	90	35712	59445
Taylor Swift	All Too Well (Taylor's Version)	1	0	80	59407	59407
OneRepublic	Connection	9	0	83	7624	59399
BLACKPINK	Really	3	1	7	35368	59375
Chris Brown	Don't Check On Me	4	0	148	15255	58997
Lauv	Getting Over You	7	0	82	14944	58949
Đông Nhi	Xin Lỗi Anh Quá Phiền	7	0	34	12766	58935
Bad Bunny	MIA	7	0	31	12997	58916
Thịnh Suy	Thay Doi	1	0	155	58863	58863
Taylor Swift	gold rush	1	0	60	58821	58821
BLACKPINK	SEE U LATER - KR Ver.	9	0	75	8003	58760
BTS	Best Of Me	7	0	40	17545	58616
Taylor Swift	Would've, Could've, Should've	1	0	162	58528	58528
K-ICM	Em Gái Quê	1	0	94	58450	58450
SZA	Nobody Gets Me	1	0	193	58449	58449
Normani	Motivation	4	0	167	15361	58424
Lady Gaga	I'll Never Love Again - Extended Version	7	0	38	11645	58384
Shawn Mendes	Youth feat. Khalid	6	0	33	15284	58381
Red Velvet	RBB (Really Bad Boy)	6	0	23	18525	58300
Billie Eilish	Six Feet Under	5	0	138	12506	58271
Tóc Tiên	1 Cọng Tóc Mai	1	0	107	57729	57729
TOMORROW X TOGETHER	Can't You See Me?	2	0	80	33145	57514
Vũ Cát Tường	Stardom	4	1	10	24158	57469
Kanye West	I Love It (& Lil Pump)	6	0	27	14372	57425
SZA	Power is Power	4	0	53	20486	57362
Đức Phúc	Thế Là Tết	2	0	127	34385	57326
TREASURE	I LOVE YOU	2	0	98	31853	57236
Baby Tate	Hey, Mickey!	1	0	200	57131	57131
Lyly	Anh Đừng Đi	2	0	172	29372	56976
Ariana Grande	NASA	4	0	18	24604	56672
SZA	Good Days	2	0	172	29508	56606
Vũ Cát Tường	Be A Fool	4	1	9	24417	56576
Charlie Puth	Smells Like Me	1	0	133	56571	56571
MAMAMOO	gogobebe	5	0	81	13851	56495
Ngọt	Lần Cuối	1	0	13	56444	56444
Vũ Cát Tường	Một Triệu Năm Ánh Sáng	2	0	183	28267	56270
Ed Sheeran	Celestial	1	0	155	56246	56246
Alan Walker	Different World	6	0	38	13818	56231
Calvin Harris	Stay With Me	1	0	118	56220	56220
MAMAMOO	Egotistic	8	0	39	12231	56210
Julia Michaels	Anxiety	6	0	96	10524	56147
Taylor Swift	High Infidelity	1	0	175	56103	56103
MINO	FIANCÉ	5	0	29	15972	56020
Phan Mạnh Quỳnh	Tết Về Sớm Nhé	2	0	131	34108	55902
Adele	Cry Your Heart Out	1	0	90	55647	55647
Khalid	Up All Night	3	0	123	20367	55647
BTS	21st Century Girl	1	0	85	55251	55251
Low G	Đơn Giản - Champagne Shots Remix	1	0	168	55225	55225
Táo	Tương Tư	2	0	190	28384	55047
Drake	Laugh Now Cry Later	2	0	113	28546	54924
MC MONG	Sick enough to die (Feat. JAMIE)	1	0	100	54798	54798
Charli xcx	1999	5	0	43	11613	54735
BLACKPINK	REALLY - KR Ver.	8	0	52	9343	54640
Trung Quân	Khúc Giao Mùa	1	0	173	54530	54530
T.R.I	Cho Ngày Không Còn Nhau	1	0	174	54528	54528
aespa	Life's Too Short (English Version)	1	0	119	54410	54410
Vũ Cát Tường	San Francisco	4	0	13	22957	54407
LeeHi	HOLO	2	0	122	30784	54354
A Boogie Wit da Hoodie	Look Back At It	6	0	81	10036	54250
Karik	Chưa Từng Vì Nhau	2	0	169	27171	54191
WINNER	MILLIONS	6	0	28	16183	54143
José Feliciano	Feliz Navidad	2	0	151	35398	54092
NCT DREAM	Ridin'	2	0	69	34842	54001
Ngọt	Chuông BÁO THỨC (Sáng Rồi)	2	0	59	32631	53920
AKMU	How can I love the heartbreak, you`re the one I love	3	0	84	22480	53791
Queen	Bohemian Rhapsody - Remastered 2011	7	0	54	9953	53679
Axwell /\ Ingrosso	Dreamer	8	0	120	11795	53599
Adele	All Night Parking	1	0	99	53540	53540
Troye Sivan	Dance To This	8	0	45	11936	53476
TOMORROW X TOGETHER	Anti-Romantic	2	0	174	26911	53474
Rhymastic	Ngổn Ngang	1	0	178	53131	53131
ERIK	Tôi Là Ai Trong Em (Đồi Thông) (Taxi! Em Tên Gì Ost)	6	0	66	12490	53089
William Laura IiO	Dicki Track Anedr	1	0	49	53003	53003
Lana Del Rey	Fuck it I love you	3	0	96	22007	52985
T-ARA	TIKI TAKA	1	0	92	52954	52954
Vũ.	Sau chia tay ta còn gì?	1	0	152	52845	52845
Sam Smith	My Oasis	2	0	110	30218	52843
SYML	Where's My Love - Piano Solo	7	0	115	12661	52803
Nguyễn Đình Vũ	Doi Lua	6	0	72	13550	52765
Felix Jaehn	Close Your Eyes	3	0	160	18100	52678
Phùng Khánh Linh	cô đơn sớm tối	2	0	176	27148	52654
Hailee Steinfeld	Starving	5	0	153	13030	52624
RAP VIỆT	Anh Vẫn OK	2	0	183	26640	52567
William Laura IiO	Lacey Trail Ingv	1	0	50	52447	52447
Vũ.	Cuộc Đối Thoại Không Hồi Kết	1	0	154	52384	52384
Cheat Codes	Only You	8	0	83	7709	52359
Ngọt	(Sau Đây Là) DỰ BÁO THỜI TIẾT (Cho Các Vùng Vào Ngày Mai)	2	0	60	31900	52324
BTS	First Love	1	0	118	52228	52228
Khalid	Eleven	3	0	157	19792	52185
Taylor Swift	Glitch	1	0	198	52155	52155
Gucci Mane	Wake Up in the Sky	8	0	65	9055	52065
William Laura IiO	Howell Station Ssgar	1	0	51	51855	51855
RM	forever rain	5	0	25	16812	51853
William Laura IiO	Alyce Branch Ema	1	0	52	51780	51780
Unknown Artist	Người Khác (pianoRnB)	9	0	114	6768	51752
AMEE	g9 - Outro	2	0	116	26989	51701
Taylor Swift	It’s Nice To Have A Friend	2	0	54	35561	51661
Lê Hiếu	Em Ve Tinh Khoi	8	0	86	8140	51626
Bích Phương	Đoản Xuân Ca	2	0	117	45023	51344
Adele	Set Fire to the Rain	5	0	173	32890	51322
Adele	Hold On	1	0	106	51267	51267
Vũ Cát Tường	Nobody	4	0	14	21886	51265
Taylor Swift	Run	1	0	97	51250	51250
Louis Tomlinson	Back to You	11	0	173	4929	50916
Sơn Tùng M-TP	CƠN MƯA NGANG QUA - REMIX 2022	1	0	152	50905	50905
Joji	Gimme Love	2	0	115	26989	50818
Foudeqush	Con La Brisa	1	0	193	50771	50771
Vo Vinh Du	Vung la Me Bay	10	0	119	6305	50745
Lê Hiếu	Sự Im Lặng Dễ Chịu	6	0	64	10473	50731
NCT 127	Sticker	1	0	81	50585	50585
Rita Ora	Girls	7	0	48	11542	50412
Hoàng Dũng	Khong Con Mua Thu	6	0	58	9531	50284
EXID	Me & You	3	0	41	25400	50265
Taylor Swift	‘tis the damn season	1	0	87	50256	50256
Sơn Tùng M-TP	Chắc Ai Đó Sẽ Về	2	0	174	31150	50101
The Weeknd	Hardest To Love	2	0	106	28548	49878
Vu Trung Quan	Hạ Còn Vương Nắng - Lofi Chill	2	0	194	25063	49782
Joji	Sanctuary	3	0	72	20417	49753
ZAYN	Better	2	0	150	24883	49716
Kris Kross Amsterdam	Whenever	7	0	67	9478	49684
Bảo Uyên	Lúc Em Cần Anh Đang Ở Đâu	1	0	185	49607	49607
NCT 127	Punch	2	0	103	27903	49469
SEVENTEEN	Rock with you	1	0	101	49395	49395
EVERGLOW	LA DI DA	2	0	132	27315	49384
ERIK	Trong Tri Nho Cua Anh Cover - Original	3	0	185	17731	49340
SEVENTEEN	_WORLD	1	0	153	49255	49255
XXXTENTACION	Jocelyn Flores	7	0	46	11447	49244
Lauv	Chasing Fire	7	0	81	10177	49149
EXO	Obsession	2	0	55	31110	49125
PARTYNEXTDOOR	BELIEVE IT	2	0	111	28354	49023
David Sarah UuI	Keira Springs Bsonc	1	0	60	49007	49007
Adele	Woman Like Me	1	0	110	48904	48904
Bích Phương	Gửi Anh Xa Nhớ (Beat)	7	0	67	8644	48822
Jonas Brothers	Cool	4	0	75	16096	48799
Taylor Swift	Carolina	1	0	140	48695	48695
Bùi Anh Tuấn	Đường Về Quê	1	0	198	48675	48675
David Sarah UuI	Klein Lodge Sthe	1	0	61	48675	48675
Ngọt	(Tôi) ĐI TRÚ ĐÔNG	2	0	72	28431	48494
Taylor Swift	I Knew You Were Trouble (Taylor's Version)	1	0	101	48450	48450
IZ*ONE	Violeta	3	0	53	19247	48447
Vũ Cát Tường	One Second	4	0	18	20445	48426
TREASURE	HELLO	1	0	196	48416	48416
David Sarah UuI	Jewel Ford Ivi	1	0	62	48358	48358
MELOH	Understand	1	0	153	48351	48351
K-ICM	Buồn Của Anh	8	0	104	7315	48331
RAP VIỆT	Phiêu Lưu Ký	2	0	166	25823	48303
David Sarah UuI	Deanna Junctions Ninl	1	0	63	48292	48292
tlinh	Xui Hay Vui	1	0	200	48267	48267
Vũ.	Mùa Mưa Ngâu Nằm Cạnh	2	0	190	34668	48266
David Sarah UuI	Garrick Crest Proh	1	0	64	48252	48252
Low G	Thơ	1	0	199	48157	48157
Touliver	Krazy	5	0	179	20285	48048
Vũ Cát Tường	Gucci in Town	4	0	16	20519	47994
Taylor Swift	I Knew You Were Trouble.	4	0	145	14370	47924
Dan Nguyen	Nho Nguoi Yeu	6	0	68	11414	47897
Kiên Trịnh	Diễm Xưa	1	0	150	47826	47826
Tiên Tiên	Chắc Anh Đang (Remix)	9	0	127	6149	47799
Adele	When We Were Young	2	0	110	43119	47744
Ngọc Dolil	Cùng Anh	2	0	16	24627	47623
Kygo	Like It Is	2	0	144	24347	47435
Adele	Love Is A Game	1	0	115	47382	47382
Elton John	Hold Me Closer	1	0	184	47346	47346
Agust D	give it to me	1	0	137	47209	47209
Jess Glynne	I'll Be There	8	0	92	7748	47135
TWICE	Queen of Hearts	1	0	185	47108	47108
Agust D	Burn It	1	0	51	47075	47075
Only C	Người Đáng Thương Là Anh	1	0	165	47044	47044
YanBi	Em Không Quay Về	6	0	90	14418	46999
Nguyên Hà	Dau Nho Gap Tram Lan	2	0	141	25081	46993
V	Christmas Tree - Inst.	1	0	122	46961	46961
Bích Phương	chiếc hộp	1	0	104	46909	46909
WEAN	Celina	1	0	184	46873	46873
Jason Derulo	Goodbye	8	0	104	7088	46868
Miu Lê	Anh Đang Nơi Đâu	8	0	142	7645	46867
RAP VIỆT	NGÀY MAI LÀ TƯƠNG LAI	1	0	107	46708	46708
Billie Eilish	my strange addiction	4	0	85	14190	46465
Alesso	REMEDY	7	0	93	7676	46380
Bích Phương	vâng anh đi đi (liu riu version)	1	0	98	46352	46352
Suboi	Bet On Me	2	0	119	23311	46332
Dua Lipa	Want To	6	0	56	10392	46303
TAEYEON	Blue	3	0	35	22461	46213
6ix9ine	FEFE	7	0	75	8073	46178
Taylor Swift	tolerate it	1	0	99	46090	46090
RAP VIỆT	Rằm Tháng 7	2	0	194	23327	46062
Camila Cabello	Real Friends	8	0	168	9350	45904
Kodak Black	ZEZE	8	0	132	6745	45755
Denise Julia	NVMD	1	0	149	45736	45736
Coldplay	Higher Power	1	0	101	45724	45724
The Weeknd	Is There Someone Else?	1	0	136	45489	45489
NAYEON	LOVE COUNTDOWN	1	0	151	45424	45424
BLACKPINK	See U Later	2	1	9	32823	45365
RAP VIỆT	BỎ TÚI	1	0	130	45342	45342
Alec Benjamin	If We Have Each Other	6	0	150	9153	45318
Dxrk ダーク	RAVE	1	0	156	45297	45297
Shawn Mendes	Youth	3	0	12	18410	45286
Taylor Swift	22 (Taylor's Version)	1	0	117	45247	45247
Camila Cabello	Cry for Me	2	0	80	23923	45178
League of Legends	RISE	7	0	60	8823	45154
Lil Peep	Falling Down - Bonus Track	5	0	33	12859	44925
Emcee L (Da LAB)	Chẳng Biết Điều Gì	2	0	162	23868	44886
ITZY	달라달라 DALLA DALLA	2	0	11	34491	44866
SHAUN	Nocturnal	6	0	47	10628	44797
NCT U	Universe (Let's Play Ball)	1	0	133	44759	44759
Chillies	Vì Sao	1	0	150	44717	44717
(G)I-DLE	DUMDi DUMDi	2	0	149	24571	44655
SZA	The Other Side (from Trolls World Tour)	2	0	151	23417	44616
Ngọt	(Bé)	2	0	83	26435	44546
IU	Give You My Heart	2	0	144	24067	44497
OneRepublic	Apologize	9	0	141	6160	44451
The Weeknd	Gasoline	1	0	139	44445	44445
AMEE	dreAMEE (Intro)	2	0	147	24209	44361
Noo Phước Thịnh	Hanh Phuc Xuan Ngoi	1	0	119	44336	44336
SOOBIN	Đã Đến Lúc	4	0	145	11518	44296
ERIK	Là Mây Trên Bầu Trời Ai Đó	1	0	175	43944	43944
Evan Rachel Wood	All Is Found	2	0	111	22520	43921
MEDUZA	Lose Control	2	0	163	21979	43783
Taylor Swift	happiness	1	0	113	43693	43693
Bazzi	Young & Alive	2	0	171	21909	43677
Vũ Cát Tường	This Love	4	0	23	18239	43648
Only C	Đếm Ngày Xa Em	1	0	167	43644	43644
Juky San	Tuổi Đá Buồn	1	0	170	43155	43155
Andiez	Mảnh Ghép	5	0	50	10125	43070
MARK	Child	1	0	133	42960	42960
Kanye West	Follow God	2	0	102	23436	42942
Ashe	Moral of the Story	2	0	174	22536	42909
Taylor Swift	coney island	1	0	118	42882	42882
JustaTee	Về Nhà Ăn Tết	1	0	126	42699	42699
Lady Gaga	Alice	1	0	55	42649	42649
Enno Aare	Water Ripples	7	0	157	8651	42647
Bruno Mars	Just the Way You Are	8	0	163	6919	42546
RM	everythingoes	4	0	32	16503	42500
Ritt Momney	Put Your Records On	2	0	196	22547	42432
Trịnh Thăng Bình	Lời Chưa Nói	7	0	139	7794	42418
Bích Phương	Xuân Xuân Ơi Xuân Đã Về	1	0	128	42344	42344
Hồ Quỳnh Hương	Anh	5	0	64	12856	42261
Beyoncé	BREAK MY SOUL	1	0	171	42185	42185
YUNGBLUD	11 Minutes	4	0	68	13021	42133
Anne-Marie	Birthday	2	0	143	21818	42008
Idina Menzel	Show Yourself	2	0	110	22560	41868
Alan Walker	Believers	1	0	124	41728	41728
Olivia Rodrigo	1 step forward, 3 steps back	1	0	135	41715	41715
Kha	Trôi	1	0	176	41587	41587
Hồ Ngọc Hà	Chúc Tết Mọi Nhà	1	0	133	41491	41491
Marshmello	Light It Up	3	0	74	16386	41456
Đông Nhi	Xin loi anh qua phien	5	0	62	10577	41431
Vũ Cát Tường	The Party Song	4	0	29	17113	41368
Jadu Jadu	virgo	2	0	184	20963	41298
Tóc Tiên	Trên Chuyến Xe Lên Đà Lạt Chiều Nay	1	0	150	41212	41212
Bela Nemeth	This Moment	6	0	154	10188	41122
Agust D	Honsool	1	0	61	41097	41097
traitimtrongvang	Em Là Điểm Yếu Của Anh	1	0	141	40967	40967
Taylor Swift	We Are Never Ever Getting Back Together (Taylor's Version)	1	0	138	40936	40936
Sam Smith	Love Me More	1	0	176	40916	40916
Calvin Harris	Potion	1	0	181	40890	40890
RAP VIỆT	NGỌN NẾN	1	0	139	40784	40784
BTS	Where You From	1	0	180	40627	40627
Ariana Grande	fake smile	3	0	25	21424	40583
Hứa Kim Tuyền	Sài Gòn Đau Lòng Quá (Live at XHTĐRLX)	1	0	127	40511	40511
Martin Garrix	We Are The People	1	0	130	40390	40390
Calum Scott	Cross Your Mind	1	0	190	40315	40315
OneRepublic	Wanted	2	0	74	24000	40272
Dua Lipa	Future Nostalgia	1	0	62	40258	40258
Tiên Cookie	Tâm Sự Với Người Lạ	8	0	166	6215	40167
hooligan.	When You Knock On The Door	1	0	157	40159	40159
RM	uhgood	4	0	34	16037	39930
Adele	Rolling in the Deep	1	0	125	39888	39888
Đức Phúc	Ta Còn Yêu Nhau	4	0	31	14653	39781
Troye Sivan	Bloom	6	0	41	10955	39751
TOMORROW X TOGETHER	9 and Three Quarters (Run Away)	2	0	128	20182	39710
J. Cole	MIDDLE CHILD	4	0	65	12554	39646
Clean Bandit	Baby	4	0	27	14350	39566
Agust D	Interlude : Set me free	1	0	64	39520	39520
NCT DREAM	Beatbox	1	0	183	39413	39413
NAYEON	NO PROBLEM	1	0	199	39323	39323
Taylor Swift	Message In A Bottle (Taylor's Version) (From The Vault)	1	0	149	39300	39300
Phùng Khánh Linh	lửa gần rơm lâu ngày cũng bén	1	0	155	39219	39219
Tyler, The Creator	EARFQUAKE	3	0	101	15499	39148
Avicii	Levels	4	0	17	20057	39131
(G)I-DLE	MY BAG	1	0	188	39106	39106
The Chainsmokers	Push My Luck	2	0	119	21653	39045
RAP VIỆT	EM	1	0	151	38969	38969
Đức Phúc	Ánh Nắng Của Anh (Chờ Em Đến Ngày Mai OST)	5	0	68	8796	38948
ENHYPEN	Future Perfect (Pass the MIC)	1	0	180	38906	38906
Shawn Mendes	Nervous	5	0	46	12468	38836
Hoàng Dũng	Nắng Thủy Tinh	1	0	200	38816	38816
BTS	Outro: Do You Think It Makes Sense?	1	0	166	38664	38664
The Weeknd	I Heard You’re Married	1	0	163	38608	38608
IU	strawberry moon	1	0	149	38602	38602
Taylor Swift	dorothea	1	0	137	38569	38569
Ariana Grande	ghostin	3	0	28	20410	38454
Taylor Swift	State Of Grace (Taylor's Version)	1	0	154	38432	38432
SEVENTEEN	DON QUIXOTE	1	0	196	38382	38382
The Chainsmokers	Kills You Slowly	3	0	70	15440	38340
Ngọt	RU MÌNH	2	0	102	22813	38316
Tiësto	Ritual	3	0	154	13643	38296
Cá Hồi Hoang	Chờ (Điều Tốt Nhất)	1	0	124	38248	38248
NOTD	I Wanna Know	6	0	96	8109	38230
BTS	Outro: Luv in Skool	1	0	170	38217	38217
LE SSERAFIM	Sour Grapes	1	0	187	38063	38063
Tố My	Duyên Phận	4	0	56	12402	38047
The Weeknd	How Do I Make You Love Me?	1	0	170	38017	38017
BTS	Intro: Never Mind	1	0	171	37978	37978
RAP VIỆT	TẦNG TẦNG LỚP LOVE	1	0	163	37949	37949
BTS	Intro: 2 Cool 4 Skool	1	0	174	37941	37941
BTS	Outro: House of Cards	1	0	177	37815	37815
The Chainsmokers	High	1	0	155	37778	37778
Billie Eilish	Lo Vas A Olvidar	1	0	118	37758	37758
Maroon 5	Payphone	1	0	197	37591	37591
BTS	Outro: Circle Room Cypher	1	0	178	37551	37551
Gracie's Corner	Phonics Song	1	0	191	37494	37494
Quân A.P	Ai Là Người Em Thương	3	0	182	13613	37443
BTS	Like - Slow Jam Remix	1	0	179	37430	37430
BTS	Skit: Soulmate	1	0	182	37377	37377
BTS	Intro: O!RUL8,2?	1	0	183	37338	37338
The Weeknd	Here We Go… Again	1	0	176	37261	37261
Kehlani	up at night	1	0	189	37240	37240
Tiên Cookie	Thưởng Thức Nỗi Buồn	1	0	135	37103	37103
BTS	Skit: R U Happy Now?	1	0	185	37079	37079
BTS	Skit: Circle Room Talk	1	0	186	37001	37001
Maren Morris	The Bones	4	0	165	9935	36920
Maroon 5	Lost	1	0	127	36879	36879
Quang Vinh	Lạnh Từ Trong Tim	1	0	142	36867	36867
Olivia Rodrigo	brutal	1	0	163	36865	36865
BLACKPINK	PLAYING WITH FIRE	1	0	121	36826	36826
BTS	Intro: The Most Beautiful Moment in Life	1	0	187	36825	36825
JEON SOMI	Anymore	1	0	155	36680	36680
BTS	Outro: Love Is Not Over	1	0	191	36649	36649
Logic	Everyday	4	0	76	13079	36606
BTS	I Need U - Remix	1	0	192	36600	36600
Sean Paul	Mad Love	5	0	132	9758	36455
Ngọt	Cho	7	0	154	5621	36428
The Chainsmokers	Beach House	4	0	31	13913	36425
Ariana Grande	Just Look Up (From Don’t Look Up)	1	0	192	36405	36405
BTS	Intro: Skool Luv Affair	1	0	193	36373	36373
Taylor Swift	Treacherous (Taylor's Version)	1	0	171	36360	36360
BTS	Outro: Propose	1	0	196	36315	36315
Taylor Swift	I Bet You Think About Me	1	0	172	36258	36258
BTS	Run - Alternative Mix	1	0	197	36190	36190
Kygo	Stargazing	6	0	181	9052	36121
Juice WRLD	Wandered To LA	1	0	195	36045	36045
ERIK	Chạm Đáy Nỗi Đau	4	0	48	12223	36028
Lady Gaga	911	1	0	64	36024	36024
BTS	We Are Bulletproof, Pt. 2	1	0	187	35995	35995
Jeremy Zucker	always, i'll care	2	0	178	18071	35867
Calum Scott	You Are The Reason - Duet Version	5	0	145	9679	35786
RAP VIỆT	LUCKY BOY	1	0	185	35745	35745
Alan Walker	Man On The Moon	1	0	166	35731	35731
Taylor Swift	Nothing New	1	0	177	35728	35728
Hồ Quỳnh Hương	Bức Thư Tình Thứ Hai	6	0	110	6576	35547
Childish Gambino	Summertime Magic	4	0	35	12455	35536
Katy Perry	Smile	1	0	83	35488	35488
Red Velvet	Rainbow Halo	1	0	192	35453	35453
Taylor Swift	ivy	1	0	149	35436	35436
Kygo	Forever Yours - Avicii Tribute	2	0	159	18171	35400
Omah Lay	Attention	1	0	197	35238	35238
RAP VIỆT	TẶNG MỘT MÓN QUÀ	1	0	189	35234	35234
Major Lazer	Trigger	2	0	151	18506	35205
Đông Nhi	Ket Nguyet	4	0	46	12557	35124
The Weeknd	Less Than Zero	1	0	192	35101	35101
RM	badbye	3	0	33	16124	34956
JSOL	Hiếm Có Khó Tìm	1	0	82	34905	34905
Rhymastic	Giàu Sang	1	0	81	34862	34862
Shawn Mendes	Lost In Japan - Remix	5	0	56	9464	34823
The Ronettes	Sleigh Ride	1	0	158	34789	34789
Daya	Insomnia	3	0	130	12168	34787
Suboi	Lava	1	0	129	34698	34698
Taylor Swift	long story short	1	0	157	34625	34625
HyunA	I'm Not Cool	1	0	143	34560	34560
Dua Lipa	Love Again	1	0	74	34475	34475
Khắc Việt	Chạy Về Nơi Phía Anh	1	0	189	34472	34472
RAP VIỆT	Ở Nhà Quê Mới Lên	1	0	120	34355	34355
Drake	Money In The Grave (Drake ft. Rick Ross)	2	0	102	17719	34327
Mac Miller	Good News	2	0	176	18722	34283
SEUNGRI	1, 2, 3!	4	0	38	12568	34250
Khởi My	Người Yêu Cũ	4	0	107	13047	34224
Nicki Minaj	Do We Have A Problem?	1	0	182	34201	34201
takayan	Bad example	1	0	195	34164	34164
Jessi	Cold Blooded	1	0	163	34133	34133
Taylor Swift	cowboy like me	1	0	160	34112	34112
DJ Khaled	I DID IT	1	0	154	34079	34079
Oda Kirkwood	Blurred Lines	1	0	88	34066	34066
Da LAB	Một Nhà	7	0	151	5853	33960
BigDaddy	Mẩy Thật Mẩy	1	0	161	33816	33816
The Weeknd	Dawn FM	1	0	200	33765	33765
Martin Garrix	These Are The Times	2	0	117	19132	33656
Vũ.	Còn lại gì?	2	0	98	17103	33609
Dua Lipa	Hallucinate	1	0	80	33608	33608
BigDaddy	Ơ Sao Bé Không Lắc	2	0	131	17476	33578
Thành Nghiệp	Khung Trời Khác	1	0	194	33569	33569
David Guetta	Say My Name	5	0	77	8230	33364
Ariana Grande	Side To Side	6	0	168	7423	33150
keshi	TOUCH	1	0	191	32988	32988
Camila Cabello	Living Proof	2	0	158	17862	32946
88rising	Midsummer Madness	6	0	111	7138	32933
FLETCHER	Undrunk	3	0	113	11494	32893
IZ*ONE	Panorama	1	0	168	32869	32869
Ren Ran	飞鸟和蝉	1	0	177	32858	32858
CHUNG HA	PLAY	1	0	99	32843	32843
TAEYEON	What Do I Call You	1	0	171	32705	32705
Kauai45	Just The Two of Us	1	0	179	32698	32698
Camila Cabello	Consequences - orchestra	5	0	86	8661	32682
RAP VIỆT	FALLING ON YOU	1	0	193	32675	32675
Vũ.	Xin Phép Được Cô Đơn	2	0	102	16605	32634
Nguyễn Trần Trung Quân	Trong Trí Nhớ Của Anh	5	0	82	7644	32533
The Chainsmokers	Do You Mean	3	0	135	11767	32406
Kygo	Higher Love	2	0	109	18293	32372
EXO	Don't fight the feeling	1	0	165	32363	32363
Bích Phương	em bỏ hút thuốc chưa? (liu riu version)	1	0	181	32261	32261
Alessia Cara	Out Of Love	3	0	151	11512	32217
Olivia Rodrigo	jealousy, jealousy	1	0	188	32170	32170
Cheat Codes	Put Me Back Together	4	0	130	10595	32114
Why Don't We	Chills	2	0	186	16311	32039
BIGBANG	FXXK IT	4	0	105	10742	31914
Lorde	Mood Ring	1	0	132	31882	31882
SEVENTEEN	Don't Wanna Cry	5	0	176	8869	31871
RAP VIỆT	Ở Lại Đây	1	0	119	31855	31855
Apink	I'm so sick	5	0	65	8391	31843
Hoà Minzy	Tết Nhà Mình	1	0	194	31786	31786
Văn Mai Hương	Như Mùa Tuyết Đầu Tiên (OST Goblin)	1	0	168	31763	31763
TAEYEON	All about you	2	0	143	16453	31745
aespa	Lucid Dream	1	0	178	31711	31711
Lê Thiện Hiếu	5 10 15 20	1	0	159	31698	31698
JUUN D	Dem Mau Xanh	4	0	125	8372	31689
Suboi	Sickerrr	1	0	148	31669	31669
Elton John	After All	1	0	160	31650	31650
Phùng Khánh Linh	cô gái nhân ái	1	0	175	31569	31569
Hoàng Thùy Linh	Fall In Love	5	0	85	8692	31359
Phạm Anh Duy	Phố Mùa Đông	5	0	69	8339	31351
Kygo	Think About You	3	0	67	13076	31121
Taylor Swift	marjorie	1	0	182	31097	31097
Emily	Mượn Rượu Tỏ Tình	1	0	126	30968	30968
Daddy Yankee	Con Calma	3	0	121	11116	30935
Ariana Grande	off the table	1	0	122	30935	30935
Justin Timberlake	Say Something	5	0	136	8719	30926
Lana Del Rey	Doin' Time	2	0	129	17553	30896
JUUN D	Khi Co Don Em Nho Ai	2	0	191	15871	30832
Dan Nguyen	Chuyen Tau Hoang Hon	3	0	49	16885	30784
AMEE	xuân hạ thu đông rồi lại xuân	1	0	177	30768	30768
Nguyên Hà	Trời Sáng Rồi - Trời Sáng Rồi Ta Ngủ Đi Thôi OST	2	0	196	15347	30691
Dua Lipa	Good In Bed	1	0	99	30689	30689
Ngô Anh Đạt	Cô Ấy Nói (Lofi Ver.)	1	0	148	30665	30665
Charmy Pham	Đong Tình	1	0	179	30600	30600
Isaac	Đau Đầu	2	0	164	15344	30510
Chillies	Đường Chân Trời	1	0	185	30506	30506
Thùy Chi	Phiến Lá Tĩnh Lặng	1	0	187	30506	30506
Wxrdie	Youngz	1	0	149	30489	30489
Mayar Jenisk	Longing Heart	1	0	105	30412	30412
Vũ.	Có Thể Là Tại Sao?	2	0	126	15415	30274
Jeremy Zucker	all the kids are depressed	6	0	149	5562	30205
JEON SOMI	Outta My Head	2	0	103	17275	30151
NCT 127	Lemonade	1	0	169	30137	30137
Billie Eilish	ocean eyes	4	0	159	10253	30116
Red Velvet	피카부 Peek-A-Boo	5	0	176	8484	30076
The Chainsmokers	Don't Let Me Down	6	0	176	5389	30042
CKay	love nwantiti	1	0	184	29977	29977
Trịnh Thăng Bình	Bức Bình Phong	1	0	187	29950	29950
Khalid	Suncity	4	0	66	9945	29923
LANY	Thru These Tears	5	0	88	7410	29897
RAP VIỆT	Mình Đồng Da Sắt	1	0	137	29790	29790
Ariana Grande	shut up	1	0	135	29762	29762
M.E.R	Giấc Mơ Rất Thơ	1	0	142	29749	29749
Dua Lipa	Cool	1	0	105	29745	29745
Mỹ Tâm	Con Gai Nhu Em	2	0	119	15351	29679
Khắc Việt	Lieu anh co the yeu em	5	0	74	8074	29666
DJ Snake	Selfish Love	1	0	176	29605	29605
OneRepublic	Run	1	0	190	29598	29598
24kGoldn	Mood (Remix) feat. Justin Bieber, J Balvin & iann dior	1	0	146	29531	29531
Lady Gaga	Free Woman	1	0	87	29483	29483
Kanye West	All Mine	4	0	73	9253	29366
Lady Gaga	Fun Tonight	1	0	88	29296	29296
Halsey	I am not a woman, I'm a god	1	0	158	29284	29284
Selena Gomez	Ring	1	0	71	29261	29261
Various Artists	Sau Tất Cả	1	0	28	29118	29118
VY Jacko	SLOMO	1	0	178	29009	29009
Lady Gaga	Sine From Above	1	0	94	28910	28910
The Kid LAROI	WITHOUT YOU	1	0	191	28905	28905
Alan Walker	Fake A Smile	1	0	167	28805	28805
21 Savage	a lot	3	0	71	11943	28735
Unknown Artist	Xa Em Kỷ Niệm	6	0	139	5477	28693
BTS	Dynamite - Slow Jam Remix	1	0	117	28669	28669
Rum	Kém Duyên	5	0	120	6399	28643
LANY	dancing in the kitchen	1	0	179	28617	28617
Anh Khang	Anh Mơ	4	0	135	9549	28616
Lady Gaga	Enigma	1	0	97	28557	28557
SEVENTEEN	Ready to love	1	0	178	28407	28407
XXXTENTACION	Moonlight	5	0	90	7942	28404
Thùy Chi	Xe Đạp	4	0	160	9409	28403
Justin Bieber	Get Me	1	0	78	28329	28329
Hà Anh Tuấn	Có Chàng Trai Viết Lên Cây	1	0	182	28324	28324
Anne-Marie	To Be Young	1	0	121	28284	28284
Logic	Homicide	2	0	101	14734	28234
Michael Bublé	Love You Anymore	5	0	148	6476	28118
Julia Michaels	Issues	4	0	175	9293	28035
WINNER	Remember	1	0	113	28026	28026
Lệ Quyên	Tinh Lo	2	0	35	14620	27929
ZAYN	Vibez	1	0	196	27917	27917
Bích Phương	em bỏ hút thuốc chưa	1	0	200	27844	27844
BTS	Dynamite - Bedroom Remix	1	0	124	27806	27806
BLACKPINK	WHISTLE	1	0	195	27795	27795
Avicii	Hey Brother	3	0	23	17493	27779
Lauv	2021	1	0	189	27779	27779
Ariana Grande	just like magic	1	0	149	27644	27644
Troye Sivan	Rager teenager!	1	0	121	27622	27622
Eminem	The Ringer	3	0	30	15890	27579
BTS	Dynamite - Midnight Remix	1	0	128	27561	27561
Avicii	Tough Love	2	0	85	16439	27453
Nguyễn Trọng Tài	Giữa Mây Ngàn	1	0	176	27441	27441
B Ray	Do For Love	1	0	199	27370	27370
BTS	MIC Drop (Steve Aoki Remix) [Full Length Edition]	3	0	45	15199	27346
Dua Lipa	Pretty Please	1	0	118	27334	27334
Dua Lipa	Fever	1	0	163	27305	27305
BlankCh3ck	Soft Lips	1	0	178	27297	27297
Thịnh Suy	Mot Dem Say (X) - Original	1	0	23	27281	27281
Ellie Goulding	Hate Me	2	0	186	13966	27234
Khói	anh thèm được ngủ	1	0	188	27200	27200
Ariana Grande	everytime	3	0	38	12671	27191
Marshmello	Proud	2	0	188	13767	27188
iKON	KILLING ME - KR Ver.	4	0	168	7447	26961
tlinh	Lời Cảm Ơn	1	0	198	26944	26944
G-Eazy	Him & I	4	0	173	8502	26932
Vũ.	Hành Tinh Song Song, Pt. 2	2	0	144	14018	26926
SUNMI	pporappippam 보라빛 밤	1	0	126	26924	26924
Mer	Giấc Mơ Rất Thơ	1	0	177	26883	26883
Quỳnh Trang	Chuyện Tình Không Dĩ Vãng	4	0	117	9709	26847
Taylor Swift	Christmas Tree Farm	1	0	90	26714	26714
Missing Seoul	Love Is So Sweet	1	0	138	26619	26619
Wxrdie	Hot	1	0	176	26572	26572
Troye Sivan	Take Yourself Home	1	0	122	26508	26508
Kha	Đoạn Đường Sao Băng	1	0	180	26489	26489
GOT7	Lullaby	4	0	54	9729	26477
MONSTAR	baby i told u	1	0	171	26458	26458
Maroon 5	Wait	3	0	87	14476	26453
Sơn Tuyền	Phố Đêm	3	0	85	10817	26436
Taylor Swift	it’s time to go - bonus track	1	0	199	26396	26396
Phùng Khánh Linh	nhìn em mà xem (look at me now)	1	0	185	26375	26375
Red Velvet	빨간 맛 Red Flavor	4	0	189	8819	26337
Ava Max	Kings & Queens	1	0	132	26295	26295
Epik High	Lovedrunk	3	0	156	9549	26276
RAP VIỆT	Rồng Rắn Lên Mây	1	0	161	26166	26166
Lady Gaga	Is That Alright?	4	0	79	8023	26074
Sofía Reyes	R.I.P.	2	0	83	13786	26035
JustaTee	Da Lo Yeu Em Nhieu - Original	2	0	36	13142	26032
MAMAMOO	Dingga	1	0	164	25947	25947
WAVYVIBE	Miser	1	0	144	25891	25891
Nam Đức	100 Years Love	1	0	192	25888	25888
WEAN	Alone	1	0	84	25853	25853
Jasmine Sokko	HURT	4	0	109	6919	25765
Lady Gaga	Look What I Found	4	0	93	7620	25747
iKON	GOODBYE ROAD - KR Ver.	3	0	49	10603	25721
MIN	Y.E.U (L.O.V.E) [Acoustic Version]	3	0	116	11548	25691
BTS	Dynamite - Retro Remix	1	0	148	25668	25668
Vũ.	Rơi Quá Khứ	2	0	149	13786	25667
Nicki Minaj	Familia	4	0	144	7038	25615
RAP VIỆT	Gặp Nhau Làm Skrrtt	1	0	169	25608	25608
Kanye West	Jail	1	0	193	25544	25544
Lady Gaga	Replay	1	0	125	25537	25537
ZICO	SoulMate	4	0	63	8993	25533
Sia	Genius	3	0	54	9887	25450
Hà Nhi	Dĩ Vãng Nhạt Nhòa - Remake	1	0	190	25434	25434
Troye Sivan	Easy	1	0	138	25302	25302
The Weeknd	Wasted Times	3	0	79	11254	25185
R3HAB	All Around The World (La La La)	2	0	181	12733	25166
Hồ Ngọc Hà	Cạn Dòng Nước Mắt	1	0	149	25117	25117
Frank Sinatra	Let It Snow! Let It Snow! Let It Snow!	2	0	161	18948	25040
OneRepublic	Didn't I	1	0	148	25000	25000
Thịnh Suy	Một Đêm Say	2	0	56	16008	24952
Hoài Lâm	Về Đâu Mái Tóc Người Thương	3	0	105	10789	24940
Quang Huy	Giấc Mơ	1	0	38	24916	24916
Lady Gaga	Plastic Doll	1	0	134	24850	24850
Tố My	Phận Tơ Tằm	4	0	120	7852	24776
Lady Gaga	Chromatica II	1	0	135	24731	24731
Lauv	Invisible Things	1	0	143	24714	24714
Drake	Nonstop	3	0	49	10724	24685
Chan Se Park	Thinkin of You	1	0	160	24662	24662
Joji	Run	1	0	120	24653	24653
Bradley Cooper	Maybe It's Time	4	0	100	7194	24496
IU	Into the I-LAND	1	0	135	24437	24437
RAP VIỆT	Chạy	1	0	156	24350	24350
BANG YEDAM	WAYO	1	0	119	24348	24348
Ellie Goulding	Slow Grenade	1	0	149	24329	24329
Ngọt	Tìm Người Nhà	1	0	152	24300	24300
Da LAB	Dung Ep Toi Uong Ruou	2	0	72	14688	24135
TWICE	MORE & MORE - English Ver.	1	0	158	24072	24072
Mademoiselle	thương	1	0	147	24049	24049
Jawsh 685	Savage Love (Laxed – Siren Beat) [BTS Remix] (Instrumental)	1	0	158	24040	24040
Diplo	Welcome to the Party	4	0	72	8829	24031
Hien Ho	Có Như Không Có	1	0	109	23949	23949
Park Bom	Spring	2	0	60	15825	23889
MINO	Run away	1	0	181	23730	23730
Cao Thái Sơn	Con Đường Mưa	3	0	128	9926	23716
Ariana Grande	make up	2	0	36	16475	23682
Độ Mixi	Stream Đến Bao Giờ	1	0	163	23657	23657
Lana Del Rey	Mariners Apartment Complex	3	0	41	11737	23600
Ái Phương	Đường Về Nhà	3	0	134	8050	23557
Lee So Ra	Song Request 신청곡	3	0	87	10781	23521
Taylor Swift	Gorgeous	3	0	131	9922	23514
Ariana Grande	in my head	2	0	40	16128	23497
Hoang Muoi	Dieu Em Lo So - Hien Thuc	1	0	42	23464	23464
BIGBANG	BANG BANG BANG - KR Ver.	3	0	113	9598	23453
Tóc Tiên	KAHEDA	3	0	138	8661	23420
Ariana Grande	six thirty	1	0	187	23307	23307
Fay	Tình Yêu Khủng Long	1	0	197	23246	23246
James Arthur	Empty Space	4	0	142	6127	23224
Ariana Grande	safety net	1	0	190	23214	23214
Lady Gaga	Babylon	1	0	154	23131	23131
RAP VIỆT	Hạt Cát Bụi Vàng	1	0	200	23035	23035
Lady Gaga	Chromatica I	1	0	156	23010	23010
Justin Bieber	Come Around Me	1	0	138	22917	22917
Samuel Lindon	Tallis One	3	0	149	9890	22850
Zara Larsson	Don't Worry Bout Me	2	0	121	11847	22344
Taylor Swift	Shake It Off	2	0	165	11903	22339
Peter Manos	In My Head	4	0	176	5808	22326
Shawn Mendes	Like To Be You feat. Julia Michaels	4	0	124	6006	22284
Julia Michaels	What A Time	3	0	151	8316	22254
Ngô Kiến Huy	Chẳng Thể Giữ Lấy Chẳng Đành Buông Tay	1	0	173	22218	22218
The Weeknd	Try Me	2	0	54	14438	22198
Chi Pu	Mơ Anh	1	0	163	22175	22175
Isaac	Mùa Viết Tình Ca (Song Ca)	4	0	133	6016	22122
5 Seconds of Summer	Want You Back	3	0	157	9952	22121
Vũ Cát Tường	You Are Mine	3	0	150	8639	22113
Dominic Fike	3 Nights	2	0	165	11488	22103
Joji	Daylight	1	0	169	22086	22086
DAY6	Zombie	1	0	146	22011	22011
Marshmello	Fly	3	0	162	9396	22008
BTS	DNA (Pedal 2 LA Mix)	2	0	44	15744	21988
DJ Khaled	POPSTAR	1	0	169	21982	21982
Noo Phước Thịnh	Chot Thay Em Khoc	1	0	45	21967	21967
Charlie Puth	One Call Away	3	0	170	8700	21944
Hồ Quang Hiếu	Đổi Thay	2	0	77	13381	21944
NCT 127	Sit Down!	1	0	172	21880	21880
The Weeknd	Scared To Live	1	0	173	21774	21774
Mr.Siro	Lắng Nghe Nước Mắt	2	0	97	13972	21756
SEVENTEEN	Left & Right	1	0	168	21693	21693
R3HAB	Rumors	4	0	134	5941	21650
Sista Prod	Eyes Blue Like The Atlantic	1	0	183	21511	21511
Nguyên Hà	Điều Vô Lý Thứ Nhất	3	0	80	7644	21403
Juice WRLD	Righteous	1	0	176	21401	21401
Lady Gaga	1000 Doves	1	0	174	21314	21314
Demi Lovato	Sorry Not Sorry	4	0	181	6968	21136
Khói	tài liệu không có tiêu đề	1	0	179	21091	21091
Doja Cat	Freak	1	0	177	21082	21082
The Weeknd	Alone Again	1	0	188	21015	21015
Chris Brown	Undecided	3	0	161	7623	20957
Ava Max	Who's Laughing Now	1	0	190	20850	20850
Xuân Nghi	umakeme	1	0	191	20744	20744
NCT 127	Boom	1	0	191	20735	20735
T.R.I	Sau Chia Tay...Ai Cũng Khác	1	0	182	20719	20719
KARD	Bomb Bomb	2	0	145	10772	20666
BAEKHYUN	UN Village	1	0	103	20613	20613
Kontra K	Sirenen	1	0	192	20595	20595
Marshmello	You Can Cry	3	0	72	8063	20572
Cá Hồi Hoang	4S	4	0	131	5847	20434
Justin Bieber	Habitual	1	0	164	20206	20206
Olly Alexander (Years & Years)	If You're Over Me	4	0	139	5595	20185
Taylor Swift	Beautiful Ghosts	1	0	128	20171	20171
Hoài Lâm	Cô Đơn Trong Nhà Mình	1	0	194	20155	20155
Bảo Anh	Trái Tim Em Cũng Biết Đau	2	0	103	13359	20142
WAVYVIBE	Goodnight	1	0	198	20066	20066
DatKaa	Dừng Thương	1	0	196	20058	20058
ERIK	Yêu Chưa Bao Giờ Là Sai	2	0	50	10525	20031
Kane Brown	Be Like That	1	0	197	19911	19911
Justin Bieber	Second Emotion	1	0	169	19908	19908
Jeremy Zucker	not ur friend	1	0	194	19864	19864
Selena Gomez	Vulnerable	1	0	134	19803	19803
ERIK	Ăn Sáng Nha - Original Version	1	0	168	19784	19784
BOL4	Leo	1	0	182	19695	19695
Mỹ Linh	Những giấc mơ dài	2	0	86	11431	19641
Charlie Puth	Hard On Yourself	1	0	197	19580	19580
Nguyễn Trọng Tài	Bất Lực	1	0	142	19577	19577
Travis Scott	STARGAZING	3	0	75	8277	19552
Eminem	Venom - Music From The Motion Picture	3	0	108	7097	19538
Selena Gomez	Dance Again	1	0	140	19431	19431
Lệ Quyên	Giac Mo Co That	1	0	18	19336	19336
NCT DREAM	BOOM	1	0	112	18836	18836
Cá Hồi Hoang	Tầng Thượng 102	1	0	200	18808	18808
Vũ Cát Tường	The Old You	1	0	147	18784	18784
EXO-CBX	花요일 Blooming Day	3	0	93	8183	18733
Shawn Mendes	Where Were You In The Morning?	2	0	69	9414	18580
Galantis	Bones	2	0	115	9272	18544
Bùi Lan Hương	Mâu Thuẫn	3	0	103	7025	18143
iKON	I’M OK	2	0	99	9590	18088
Coldplay	Orphans	1	0	157	18037	18037
Ariana Grande	sweetener	2	0	46	11992	17900
Justin Bieber	Changes	1	0	192	17767	17767
Vũ Cát Tường	Gió	1	0	161	17755	17755
Lady Gaga	Music To My Eyes	3	0	114	6752	17715
Lana Del Rey	hope is a dangerous thing for a woman like me to have - but I have it	2	0	72	11096	17686
SHAUN	Lunisolar	3	0	94	7129	17669
XXXTENTACION	BAD!	3	0	121	6694	17604
TRANG	Nếu Anh Cần Tôi	1	0	164	17530	17530
Lady Gaga	Why Did You Do That?	3	0	124	6447	17452
CL	+DONE161201+	1	0	193	17418	17418
Selena Gomez	People You Know	1	0	172	17409	17409
KANGDANIEL	What are you up to	1	0	133	17395	17395
Da LAB	Mot Nha	2	0	181	8741	17356
Thu Minh	Ánh Sáng Đời Tôi	2	0	75	8831	17308
LOONA	So What	1	0	194	17239	17239
Phạm Toàn Thắng	Em Giấu Điều Gì Trong Đôi Mắt	1	0	138	17096	17096
Taylor Swift	...Ready For It?	2	0	129	10420	17007
Demi Lovato	Anyone	1	0	177	16880	16880
Pharrell Williams	Sangria Wine	2	0	62	11071	16869
The Carters	APESHIT	3	0	136	5783	16842
Jay Chou	說好不哭	1	0	151	16804	16804
Sơn Tùng M-TP	Không Phải Dạng Vừa Đâu	3	0	99	7147	16728
Katie Sky	Monsters	1	0	155	16725	16725
Eminem	Fall	2	0	61	10429	16693
Selena Gomez	Crowded Room	1	0	181	16629	16629
Ed Sheeran	Remember The Name	1	0	146	16537	16537
Đức Phúc	Hết Thương Cạn Nhớ	1	0	147	16521	16521
JINU	CALL ANYTIME	1	0	146	16489	16489
Nick Jonas	Right Now	3	0	140	5800	16443
shy martin	Forget to Forget	3	0	116	6443	16420
David Guetta	Better When You're Gone	2	0	151	8532	16399
Tóc Tiên	Vũ Điệu Cồng Chiêng	2	0	114	9766	16372
Zara Larsson	Never Forget You	3	0	173	5411	16029
JayKii	Sao Em No - Original	2	0	74	8460	16018
Lauv	Sims	1	0	156	15921	15921
Martin Garrix	Home	1	0	158	15870	15870
Stormzy	Own It	1	0	189	15855	15855
Panic! At The Disco	Into the Unknown - Panic! At The Disco Version	1	0	191	15817	15817
Strange Imagining	Magnetic	2	0	120	8953	15796
P!nk	What About Us	3	0	177	5683	15730
Eminem	Greatest	2	0	58	10977	15651
Max Richter	A Lamenting Song	2	0	187	8878	15630
TAEYEON	Here I Am	1	0	192	15619	15619
Red Velvet	Umpah Umpah	1	0	169	15616	15616
BLACKPINK	STAY - KR Ver.	2	0	165	10512	15610
Liam Payne	Familiar	3	0	122	6434	15575
Ngoc Lan	Lại Nhớ Người Yêu	2	0	128	9131	15557
The Chainsmokers	You Owe Me	2	0	147	10525	15512
Raiden	The Only	1	0	156	15506	15506
Clean Bandit	Mama	2	0	76	9190	15412
Lana Del Rey	Norman fucking Rockwell	1	0	184	15316	15316
Unknown Artist	Có Một Nơi Như Thế	3	0	137	5890	15286
TAEYEON	Love You Like Crazy	1	0	197	15265	15265
SEVENTEEN	Home	2	0	122	9223	15256
Why Don't We	Talk	3	0	134	5534	15201
Ellie Goulding	Close To Me - Red Velvet Remix	1	0	82	15163	15163
Drake	I'm Upset	3	0	126	5974	15157
TAEYEON	Wine	1	0	199	15121	15121
Quoc-Bao	Tinh Ca Pho	2	0	104	8649	15007
Quang Huy	Vẫn Đợi	2	0	155	10082	14999
Eminem	Not Alike	2	0	68	9853	14994
EXID	Lady	2	0	82	9571	14957
Tiên Tiên	My Everything	2	0	163	9578	14875
Bích Phương	Minh Yeu Nhau Di	1	0	83	14861	14861
Sơn Tùng M-TP	Noi Nay Co Anh	1	0	35	14857	14857
Kiiara	Messy	3	0	163	5187	14826
Bích Phương	Tuổi Gì Mà Chẳng Thích Lì Xì	1	0	159	14822	14822
6ix9ine	TIC TOC	2	0	81	8792	14790
Jonas Blue	Younger	1	0	195	14784	14784
Sigala	We Don't Care	3	0	159	5125	14764
Eminem	Kamikaze	2	0	65	10154	14750
Trịnh Thăng Bình	Mơ	3	0	155	5254	14731
Kanye West	Ghost Town	2	0	78	8441	14639
Ella Mai	Trip	3	0	178	5263	14633
Che Linh & Thah Tuyen	Neu Chung Minh Cach Tro	2	0	139	8672	14531
Alec Benjamin	Demons	1	0	166	14531	14531
BigDaddy	Người Tình Nhỏ Bé	1	0	169	14509	14509
Masew	Buồn Không Em (Masew Remix)	3	0	159	5389	14507
Cá Hồi Hoang	Acid8	1	0	141	14503	14503
Charlie Puth	Mother	1	0	190	14500	14500
Ngô Kiến Huy	Lạc Giữa Nhân Gian	2	0	146	8325	14465
Quang Long	Ve Dau Mai Toc Nguoi Thuong	1	0	92	14396	14396
Uyên Linh	Cảm Ơn Tình Yêu	3	0	161	4923	14348
Hien Thuc	Yêu Dấu Theo Gió Bay	2	0	156	7860	14310
Martin Garrix	Game Over	2	0	65	9704	14276
Liam Payne	For You (Fifty Shades Freed) (& Rita Ora)	2	0	167	9486	14255
Mabel	Mad Love	1	0	147	14224	14224
Chi Dân	Anh Khong Sao Dau	3	0	167	4859	14139
Shawn Mendes	Fallin' All In You	3	0	189	4795	14076
ZAYN	Too Much	2	0	71	8602	14073
Bela Nemeth	Talisman Stallion	2	0	161	7715	13843
WINNER	AIR	2	0	103	8731	13720
Why Don't We	I Still Do	1	0	194	13666	13666
Demi Lovato	Sober	2	0	75	8736	13652
ZAYN	Fingers	2	0	125	7006	13622
Wanna One	Spring Breeze	2	0	82	8524	13557
NHD media	Tinh Yeu Mau Nang	1	0	100	13544	13544
Loote	tomorrow tonight	1	0	190	13390	13390
Lauv	Bracelet	2	0	103	7298	13389
NCT DREAM	Don’t Need Your Love	1	0	158	13377	13377
Lil Nas X	Rodeo	1	0	176	13350	13350
