track_name	album_name	artist_name	genres	release_date	duration_ms	popularity	explicit	is_playable	wks	t10	pk_rank	pk_streams	total_streams
Seven (feat. Latto) (Explicit Ver.)	GOLDEN	Jung Kook	['k-pop']	2023-11-03	183550.0	81.0	True	True	84	84	1	7520027	200422960
Like Crazy	FACE	Jimin	['k-pop']	2023-03-24	212241.0	71.0	False	True	75	67	1	2279475	80209862
Standing Next to You	GOLDEN	Jung Kook	['k-pop']	2023-11-03	206019.0	82.0	False	True	67	56	1	2668061	79103189
Who	MUSE	Jimin	['k-pop']	2024-07-19	170887.0	87.0	False	True	31	30	1	4621573	68731532
Love Me Again	Layover	V	['k-pop']	2023-08-11	182293.0	72.0	False	True	70	50	2	1907238	54773344
Chuyện Đôi Ta (feat. Muộii)	Chuyện Đôi Ta (feat. Muộii)	Emcee L (Da LAB)	['v-pop', 'vietnamese lo-fi', 'vietnam indie', 'vietnamese hip hop']	2021-12-01	208048.0	60.0	False	True	167	32	3	468550	51004318
Chìm Sâu	99%	RPT MCK	['vietnamese hip hop', 'v-pop', 'vietnam indie']	2023-03-02	156303.0	53.0	True	True	155	34	1	582379	49175271
Chúng Ta Của Hiện Tại	Chúng Ta Của Hiện Tại	Sơn Tùng M-TP	['v-pop', 'vinahouse', 'vietnamese hip hop']	2020-12-20	301538.0	58.0	False	True	217	53	1	931581	48017290
nếu lúc đó	ái	tlinh	['v-pop', 'vietnamese hip hop', 'vietnam indie', 'vietnamese lo-fi', 'vinahouse']	2023-08-16	263752.0	57.0	False	True	103	31	1	1611555	47507887
vaicaunoicokhiennguoithaydoi	vaicaunoicokhiennguoithaydoi	GREY D	['v-pop', 'vietnam indie', 'vietnamese lo-fi', 'vietnamese hip hop']	2022-06-20	225862.0	58.0	False	True	139	39	2	529790	47031929
Vì Anh Đâu Có Biết	Vì Anh Đâu Có Biết	Madihu	['v-pop', 'vietnam indie', 'vietnamese hip hop']	2022-08-04	241919.0	59.0	False	True	132	42	2	554094	46803940
Từng Quen	LOI CHOI: The Neo Pop Punk	Wren Evans	['v-pop', 'vietnam indie', 'vietnamese hip hop', 'vietnamese lo-fi', 'vinahouse']	2023-12-17	174545.0	55.0	False	True	69	32	1	2119284	43740710
3D (feat. Jack Harlow)	GOLDEN	Jung Kook	['k-pop']	2023-11-03	201812.0	78.0	True	True	73	23	2	3040222	43562278
Muộn Rồi Mà Sao Còn	Muộn Rồi Mà Sao Còn	Sơn Tùng M-TP	['v-pop', 'vinahouse', 'vietnamese hip hop']	2021-04-29	275905.0	57.0	False	True	199	40	1	1208277	40100840
Không Thể Say	Ai Cũng Phải Bắt Đầu Từ Đâu Đó	HIEUTHUHAI	['v-pop', 'vietnamese hip hop', 'vietnamese lo-fi', 'vietnam indie', 'vinahouse']	2023-10-16	228413.0	64.0	False	True	96	5	7	936223	39069894
Sinh Ra Đã Là Thứ Đối Lập Nhau (feat. Badbies)	Sinh Ra Đã Là Thứ Đối Lập Nhau (feat. Badbies)	Emcee L (Da LAB)	['v-pop', 'vietnamese lo-fi', 'vietnam indie', 'vietnamese hip hop']	2020-12-29	234168.0	59.0	False	True	178	0	17	381862	38836758
Ánh Sao Và Bầu Trời	Ánh Sao Và Bầu Trời	T.R.I	['v-pop', 'vietnamese lo-fi', 'vietnam indie', 'vietnamese hip hop']	2021-09-10	260571.0	57.0	False	True	171	11	1	329462	37701782
Sài Gòn Hôm Nay Mưa	Sài Gòn Hôm Nay Mưa	JSOL	['v-pop', 'vietnamese lo-fi', 'vietnamese hip hop']	2021-05-29	247058.0	56.0	False	True	194	8	3	323601	37299628
Chạy Khỏi Thế Giới Này	Chạy Khỏi Thế Giới Này	Da LAB	['v-pop', 'vietnamese hip hop', 'vietnam indie', 'vietnamese lo-fi', 'vinahouse']	2022-06-30	255429.0	53.0	False	True	134	0	11	468161	36440710
An Thần	An Thần	Low G	['vietnamese hip hop', 'v-pop', 'vietnam indie']	2021-10-21	174286.0	58.0	False	True	173	6	2	399579	36104295
Sau Cơn Mưa	Sau Cơn Mưa	CoolKid	['v-pop', 'vietnamese hip hop']	2023-07-28	154756.0	63.0	False	True	77	9	8	768047	35588817
Chịu Cách Mình Nói Thua	Chịu Cách Mình Nói Thua	RHYDER	['v-pop', 'vietnamese hip hop']	2023-11-22	181558.0	63.0	False	True	65	19	6	902974	35504882
Anh Đã Ổn Hơn	99%	RPT MCK	['vietnamese hip hop', 'v-pop', 'vietnam indie']	2023-03-02	194005.0	56.0	False	True	103	14	3	699345	34628673
Lối Nhỏ	Lối Nhỏ	Đen	['v-pop', 'vietnamese hip hop', 'vietnam indie', 'vietnamese lo-fi']	2019-10-21	252953.0	56.0	False	True	277	29	1	263976	34296306
Đừng Làm Trái Tim Anh Đau	Đừng Làm Trái Tim Anh Đau	Sơn Tùng M-TP	['v-pop', 'vinahouse', 'vietnamese hip hop']	2024-06-08	279208.0	64.0	False	True	37	13	1	3445288	33743764
Đi Về Nhà	Đi Về Nhà	Đen	['v-pop', 'vietnamese hip hop', 'vietnam indie', 'vietnamese lo-fi']	2020-12-20	200000.0	59.0	False	True	217	11	3	627702	33480792
Don't Côi	Don't Côi	RPT Orijinn	['vietnamese hip hop', 'v-pop']	2022-11-20	148880.0	55.0	True	True	113	4	3	451388	33401302
bao tiền một mớ bình yên?	SỐ KHÔNG	14 Casper	['v-pop', 'vietnam indie', 'vietnamese lo-fi']	2023-03-03	300000.0	55.0	False	True	154	2	9	314877	33361925
Có Em	Có em	Madihu	['v-pop', 'vietnam indie', 'vietnamese hip hop']	2022-04-22	218512.0	55.0	False	True	147	6	4	346132	33117230
Buồn Thì Cứ Khóc Đi	Buồn Thì Cứ Khóc Đi	Lynk Lee	['v-pop', 'vietnamese lo-fi', 'vietnamese hip hop', 'vietnam indie']	2019-12-13	222314.0	55.0	False	True	268	4	10	225401	33063699
Exit Sign	Ai Cũng Phải Bắt Đầu Từ Đâu Đó	HIEUTHUHAI	['v-pop', 'vietnamese hip hop', 'vietnamese lo-fi', 'vietnam indie', 'vinahouse']	2023-10-16	201589.0	66.0	False	True	51	25	4	1283117	32544664
Thức Giấc	Thức Giấc	Da LAB	['v-pop', 'vietnamese hip hop', 'vietnam indie', 'vietnamese lo-fi', 'vinahouse']	2021-07-14	269021.0	57.0	False	True	188	12	1	370936	32448944
Lạ Lùng	Lạ Lùng	Vũ.	['v-pop', 'vietnam indie', 'vietnamese lo-fi']	2016-12-24	261616.0	55.0	False	True	358	0	17	259409	32427937
id 072019	id 072019	W/N	['v-pop', 'vietnamese hip hop', 'vietnamese lo-fi', 'vietnam indie']	2023-07-31	271704.0	59.0	False	True	82	10	3	708196	32268074
Left and Right (Feat. Jung Kook of BTS)	CHARLIE	Charlie Puth	['soft pop', 'pop']	2022-10-06	154486.0	69.0	False	True	76	28	1	2322728	32076927
Thích Quá Rùi Nà	Thích Quá Rùi Nà	tlinh	['v-pop', 'vietnamese hip hop', 'vietnam indie', 'vietnamese lo-fi', 'vinahouse']	2023-07-14	178000.0	57.0	False	True	230	0	34	361430	31995363
Thanh Xuân	Thanh Xuân	Da LAB	['v-pop', 'vietnamese hip hop', 'vietnam indie', 'vietnamese lo-fi', 'vinahouse']	2018-08-24	220509.0	54.0	False	True	335	22	1	204075	31848662
3107 3	3107 3 (feat. Nâu, titie, Dươngg)	W/N	['v-pop', 'vietnamese hip hop', 'vietnamese lo-fi', 'vietnam indie']	2021-07-31	240000.0	56.0	False	True	185	8	1	312899	31723473
Butter	Proof	BTS	['k-pop']	2022-06-10	164952.0	70.0	False	True	95	72	1	1846851	31651140
Những Lời Hứa Bỏ Quên	Những Lời Hứa Bỏ Quên	Vũ.	['v-pop', 'vietnam indie', 'vietnamese lo-fi']	2023-12-14	236262.0	54.0	False	True	62	16	1	1678086	31537668
Bước Qua Mùa Cô Đơn	Một Vạn Năm	Vũ.	['v-pop', 'vietnam indie', 'vietnamese lo-fi']	2022-09-09	278823.0	52.0	False	True	216	20	1	339091	31394417
Rồi Ta Sẽ Ngắm Pháo Hoa Cùng Nhau	Rồi Ta Sẽ Ngắm Pháo Hoa Cùng Nhau	Olew	['v-pop', 'vietnamese lo-fi', 'vietnam indie']	2023-01-02	278732.0	51.0	False	True	109	2	8	359170	31192659
Dynamite	BE	BTS	['k-pop']	2020-11-20	199053.0	76.0	False	True	143	52	1	2491980	30421377
ngủ một mình (tình rất tình)	ngủ một mình (tình rất tình)	HIEUTHUHAI	['v-pop', 'vietnamese hip hop', 'vietnamese lo-fi', 'vietnam indie', 'vinahouse']	2022-12-15	192000.0	58.0	False	True	114	8	2	405040	29886930
Nghe Như Tình Yêu	Nghe Như Tình Yêu	HIEUTHUHAI	['v-pop', 'vietnamese hip hop', 'vietnamese lo-fi', 'vietnam indie', 'vinahouse']	2021-07-09	193049.0	60.0	False	True	178	0	35	423511	29385899
double take	rapunzel	Dhruv	[]	2022-01-21	171743.0	74.0	False	True	190	13	8	257561	28570622
Miên Man	Miên Man	Minh Huy	['v-pop', 'vietnamese lo-fi', 'vietnamese hip hop', 'vietnam indie']	2022-06-24	197998.0	52.0	False	True	76	0	11	474231	28494934
đưa em về nhàa	đưa em về nhàa	GREY D	['v-pop', 'vietnam indie', 'vietnamese lo-fi', 'vietnamese hip hop']	2023-04-24	240000.0	57.0	False	True	96	11	3	779286	28301973
shhhhhhh..	shhhhhhh..	WEAN	['v-pop', 'vietnamese hip hop', 'vietnam indie', 'vietnamese lo-fi']	2023-10-07	230675.0	60.0	False	True	72	1	9	580811	28158056
Âm Thầm Bên Em	m-tp M-TP	Sơn Tùng M-TP	['v-pop', 'vinahouse', 'vietnamese hip hop']	2017-04-01	293112.0	59.0	False	True	225	0	34	395787	27479467
3 1 0 7 (feat. Duongg & Nâu)	3 1 0 7 (feat. Duongg & Nâu)	W/N	['v-pop', 'vietnamese hip hop', 'vietnamese lo-fi', 'vietnam indie']	2024-06-26	234938.0	55.0	False	True	189	0	11	217226	27400862
Thích Em Hơi Nhiều	Thích Em Hơi Nhiều	Wren Evans	['v-pop', 'vietnam indie', 'vietnamese hip hop', 'vietnamese lo-fi', 'vinahouse']	2021-06-18	171741.0	52.0	False	True	170	9	1	405591	27366853
có hẹn với thanh xuân	Over The Moon	MONSTAR	['v-pop', 'vietnam indie']	2021-08-01	218026.0	49.0	False	True	161	8	5	301255	27245076
dự báo thời tiết hôm nay mưa	dự báo thời tiết hôm nay mưa - Maxi Single	GREY D	['v-pop', 'vietnam indie', 'vietnamese lo-fi', 'vietnamese hip hop']	2022-11-22	281493.0	57.0	False	True	118	3	7	314352	27138609
Simp Gái 808	Simp Gái 808	Low G	['vietnamese hip hop', 'v-pop', 'vietnam indie']	2023-10-18	161948.0	58.0	True	True	71	4	9	680502	26901384
Chuyện Rằng	Chuyện Rằng	Thịnh Suy	['v-pop', 'vietnam indie', 'vietnamese lo-fi']	2020-08-08	272152.0	51.0	False	True	215	23	5	186985	26547962
Chỉ Một Đêm Nữa Thôi	99%	RPT MCK	['vietnamese hip hop', 'v-pop', 'vietnam indie']	2023-03-02	141760.0	54.0	True	True	99	1	9	434649	26323790
Bài Này Chill Phết	Bài Này Chill Phết	Đen	['v-pop', 'vietnamese hip hop', 'vietnam indie', 'vietnamese lo-fi']	2019	276000.0	54.0	False	True	285	36	1	181120	26216480
Thằng Điên	Thằng Điên	JustaTee	['v-pop', 'vietnamese hip hop', 'vietnam indie', 'vietnamese lo-fi', 'vinahouse']	2022-07-11	234000.0	56.0	False	True	123	0	25	280292	26040292
Bạn Đời	Bạn Đời	Karik	['v-pop', 'vietnamese hip hop', 'vietnam indie', 'vietnamese lo-fi', 'vinahouse']	2023-10-04	300718.0	55.0	False	True	73	11	5	875706	25825689
Tình Đắng Như Ly Cà Phê	Tình Đắng Như Ly Cà Phê	Ngơ	['v-pop', 'vietnam indie', 'vietnamese lo-fi', 'vietnamese hip hop']	2021-03-31	215172.0	50.0	False	True	223	0	15	197844	25715067
Wrong Times	Wrong Times	Puppy	['v-pop', 'vietnamese hip hop']	2023-05-17	211200.0	66.0	False	True	68	12	3	1002819	25314117
tiny love	Tiny Things	Thịnh Suy	['v-pop', 'vietnam indie', 'vietnamese lo-fi']	2021-12-05	158400.0	52.0	False	True	151	8	3	297018	25230726
Dù Cho Mai Về Sau	Dù Cho Mai Về Sau	buitruonglinh	['v-pop', 'vietnamese lo-fi', 'vietnam indie', 'vinahouse']	2020-11-17	233975.0	56.0	False	True	203	1	10	220555	25142258
Chúng Ta Của Tương Lai	Chúng Ta Của Tương Lai	Sơn Tùng M-TP	['v-pop', 'vinahouse', 'vietnamese hip hop']	2024-03-08	249871.0	59.0	False	True	50	16	1	2555804	24664766
Anh Là Ngoại Lệ Của Em	Anh Là Ngoại Lệ Của Em	Phương Ly	['v-pop', 'vietnamese hip hop', 'vietnam indie', 'vinahouse', 'vietnamese lo-fi']	2023-10-05	188108.0	55.0	False	True	72	8	7	777726	24531515
Từng Là	Từng Là	Vũ Cát Tường	['v-pop', 'vietnam indie']	2024-03-01	252500.0	60.0	False	True	51	15	2	1159599	24383957
2AM	2AM	JustaTee	['v-pop', 'vietnamese hip hop', 'vietnam indie', 'vietnamese lo-fi', 'vinahouse']	2022-05-10	258281.0	57.0	False	True	145	0	18	328631	24126034
Em Không Hiểu	Em Không Hiểu	Changg	['v-pop', 'vietnamese lo-fi', 'vietnamese hip hop', 'vietnam indie']	2021-06-28	237419.0	55.0	False	True	189	0	27	238224	23698450
NOLOVENOLIFE	Ai Cũng Phải Bắt Đầu Từ Đâu Đó	HIEUTHUHAI	['v-pop', 'vietnamese hip hop', 'vietnamese lo-fi', 'vietnam indie', 'vinahouse']	2023-10-16	170898.0	61.0	False	True	71	0	24	542111	23467182
bình yên	Bảo Tàng Của Nuối Tiếc	Vũ.	['v-pop', 'vietnam indie', 'vietnamese lo-fi']	2024-09-27	195974.0	60.0	False	True	25	18	4	1394677	23236028
nhắn nhủ	nhắn nhủ	Ronboogz	['v-pop', 'vietnamese hip hop', 'vietnam indie']	2023-12-12	241190.0	60.0	False	True	62	0	14	470432	22796511
One Of The Girls (with JENNIE, Lily Rose Depp)	The Idol Episode 4 (Music from the HBO Original Series)	The Weeknd	[]	2023-06-23	244684.0	88.0	False	True	87	0	11	357970	22624930
Lệ Lưu Ly	Lệ Lưu Ly	Vũ Phụng Tiên	['v-pop', 'vinahouse', 'vietnamese hip hop', 'vietnamese lo-fi']	2023-09-20	200842.0	55.0	False	True	74	10	6	674619	22593683
10 Ngàn Năm	10 Ngàn Năm	PC	['vietnamese hip hop', 'v-pop', 'vietnam indie', 'vietnamese lo-fi']	2019-12-21	240000.0	56.0	False	True	140	0	27	341064	22438499
Chơi Như Tụi Mỹ	Chơi Như Tụi Mỹ	Andree Right Hand	['vietnamese hip hop', 'v-pop', 'vinahouse']	2022-12-30	160848.0	54.0	False	True	92	7	4	582880	22414138
Tại Vì Sao	99%	RPT MCK	['vietnamese hip hop', 'v-pop', 'vietnam indie']	2023-03-02	202880.0	51.0	False	True	105	7	3	455060	22398648
Nàng Thơ	25	Hoàng Dũng	['v-pop', 'vietnam indie', 'vietnamese lo-fi', 'vietnamese hip hop']	2020-12-16	254476.0	49.0	False	True	171	21	2	287727	22103822
Lan Man	Lan Man	Ronboogz	['v-pop', 'vietnamese hip hop', 'vietnam indie']	2023-03-25	216220.0	58.0	False	True	97	0	33	370914	21659309
Cứ Chill Thôi	Cứ Chill Thôi	Chillies	['v-pop', 'vietnam indie', 'vietnamese lo-fi', 'vietnamese hip hop']	2020-07-11	270000.0	50.0	False	True	183	7	5	186191	21575194
tình yêu chậm trễ	Over The Moon	MONSTAR	['v-pop', 'vietnam indie']	2021-08-01	245333.0	54.0	False	True	114	0	46	259629	21380545
Mất Kết Nối	Dữ Liệu Quý	Dương Domic	['v-pop', 'vietnamese hip hop']	2024-11-22	207473.0	69.0	False	True	13	12	2	2123484	20946535
Chết Trong Em	Door To Nowhere	Thịnh Suy	['v-pop', 'vietnam indie', 'vietnamese lo-fi']	2022-11-17	256663.0	52.0	False	True	117	4	4	289666	20837241
Tình cờ yêu em	Tình cờ yêu em	Kuun Đức Nam	['v-pop', 'vietnam indie']	2023-06-10	258471.0	55.0	False	True	78	0	12	445790	20819285
Không Yêu Xin Đừng Nói (Piano Version)	Không Yêu Xin Đừng Nói (Piano Version)	UMIE	['v-pop', 'vietnamese hip hop', 'vinahouse']	2023-10-03	244218.0	48.0	False	True	100	0	37	246294	20799960
Gác Lại Âu Lo (feat. Miu Lê)	Gác Lại Âu Lo	Da LAB	['v-pop', 'vietnamese hip hop', 'vietnam indie', 'vietnamese lo-fi', 'vinahouse']	2020-07-25	282628.0	50.0	False	True	172	32	2	221112	20505375
Mơ	Mơ	Vũ Cát Tường	['v-pop', 'vietnam indie']	2016-01-01	262191.0	59.0	False	True	129	0	21	473030	20320726
Nơi Này Có Anh	m-tp M-TP	Sơn Tùng M-TP	['v-pop', 'vinahouse', 'vietnamese hip hop']	2017-04-01	260117.0	57.0	False	True	291	0	12	345706	20209513
Anh Đánh Rơi Người Yêu Này	Anh Đánh Rơi Người Yêu Này	Andiez	['v-pop', 'vietnamese lo-fi', 'vietnam indie']	2019-07-15	217744.0	54.0	False	True	115	0	19	262317	20172080
Có Ai Thương Em Như Anh	Có Ai Thương Em Như Anh	Tóc Tiên	['v-pop', 'vietnamese lo-fi', 'vietnam indie', 'vietnamese bolero']	2018-01-01	231497.0	52.0	False	True	125	0	20	269455	20134331
3 1 0 7 - 2 (feat. DuongG & Nau)	3 1 0 7 - 2 (feat. DuongG & Nau)	W/N	['v-pop', 'vietnamese hip hop', 'vietnamese lo-fi', 'vietnam indie']	2021-02-04	268524.0	53.0	False	True	194	0	27	195632	19993724
Liệu Giờ (feat. Văn)	Liệu Giờ (feat. Văn)	2T	['v-pop', 'vietnamese hip hop', 'vietnamese lo-fi', 'vietnam indie']	2023-01-07	258668.0	46.0	False	True	186	0	22	201513	19722724
Die With A Smile	Die With A Smile	Lady Gaga	['art pop', 'pop']	2024-08-16	251667.0	97.0	False	True	27	9	4	1106977	19707527
Bước Qua Nhau	Một Vạn Năm	Vũ.	['v-pop', 'vietnam indie', 'vietnamese lo-fi']	2022-09-09	257647.0	50.0	False	True	120	23	1	584785	19449346
Anh Chưa Thương Em Đến Vậy Đâu	Tập 12: The Masked Singer Vietnam	Myra Trần	['v-pop', 'vietnam indie']	2023-01-04	270643.0	51.0	False	True	95	5	6	356477	19092218
Khi Em Lớn	Khi Em Lớn	Orange	['v-pop', 'vietnamese hip hop', 'vietnamese lo-fi', 'vietnam indie', 'vinahouse']	2021-04-20	228094.0	54.0	False	True	172	9	4	237792	19012815
Slow Dancing	Layover	V	['k-pop']	2023-09-08	187026.0	73.0	False	True	29	14	2	1597799	18778293
Yêu Một Người Có Lẽ	Yêu Một Người Có Lẽ	Lou Hoàng	['v-pop', 'vinahouse', 'vietnamese lo-fi']	2016-03-07	253524.0	55.0	False	True	163	0	33	239904	18731489
APT.	rosie	ROSÉ	['k-pop']	2024-12-06	169917.0	88.0	False	True	18	16	2	2215577	18554223
Buồn Hay Vui (feat. RPT MCK, Obito, Ronboogz & Boyzed)	Buồn Hay Vui (feat. RPT MCK, Obito, Ronboogz & Boyzed)	VSOUL	['vietnamese hip hop', 'v-pop', 'vietnam indie']	2023-12-25	291750.0	56.0	False	True	38	11	3	1292749	18527587
Thôi Em Đừng Đi	99%	RPT MCK	['vietnamese hip hop', 'v-pop', 'vietnam indie']	2023-03-02	173397.0	51.0	False	True	79	1	8	394385	18516223
Rồi Em Sẽ Gặp Một Chàng Trai Khác	Tập 14: The Masked Singer Vietnam mùa 2	The Masked Singer	['v-pop']	2023-11-12	303968.0	55.0	False	True	62	0	11	529688	18482647
Bật Nhạc Lên	Bật Nhạc Lên	HIEUTHUHAI	['v-pop', 'vietnamese hip hop', 'vietnamese lo-fi', 'vietnam indie', 'vinahouse']	2020-06-12	200000.0	53.0	False	True	219	0	59	220297	18430466
HÀO QUANG (feat. RHYDER, Dương Domic & Pháp Kiều)	"ANH TRAI ""SAY HI"" (Live Stage 2)"	"ANH TRAI ""SAY HI"""	['v-pop', 'vietnamese hip hop']	2024-08-06	245454.0	61.0	False	True	32	4	6	739010	18412363
Boy With Luv (feat. Halsey)	MAP OF THE SOUL : PERSONA	BTS	['k-pop']	2019-04-12	229773.0	72.0	False	True	202	27	1	1068729	18187934
PHÓNG ZÌN ZÌN	FLVR	tlinh	['v-pop', 'vietnamese hip hop', 'vietnam indie', 'vietnamese lo-fi', 'vinahouse']	2024-09-18	202999.0	64.0	False	True	22	8	4	1229286	18040649
Chờ Đợi Có Đáng Sợ	Chờ Đợi Có Đáng Sợ	Andiez	['v-pop', 'vietnamese lo-fi', 'vietnam indie']	2020-07-20	282666.0	54.0	False	True	139	0	80	200333	17986441
Tò Te Tí	LOI CHOI: The Neo Pop Punk	Wren Evans	['v-pop', 'vietnam indie', 'vietnamese hip hop', 'vietnamese lo-fi', 'vinahouse']	2023-12-17	195000.0	53.0	False	True	50	9	3	1216757	17568429
Cho Tôi Lang Thang	Cho Tôi Lang Thang	Ngọt	['vietnam indie', 'v-pop', 'vietnamese hip hop']	2018-03-27	258784.0	54.0	False	True	220	0	35	215663	17496081
Có Chắc Yêu Là Đây	Có Chắc Yêu Là Đây	Sơn Tùng M-TP	['v-pop', 'vinahouse', 'vietnamese hip hop']	2020-07-06	202105.0	54.0	False	True	170	15	1	406562	17435578
Hư không	tình	Kha	['v-pop', 'vietnamese lo-fi', 'vietnam indie', 'vietnamese hip hop', 'vinahouse']	2023-12-14	354782.0	58.0	False	True	58	0	22	449692	17248382
ĐỢI (Prod. RIO)	ĐỢI (Prod. RIO)	52Hz	['v-pop', 'vietnam indie', 'vietnamese hip hop']	2023-12-15	197000.0	58.0	False	True	59	0	13	565059	17205857
Em Không Khóc (feat. Vũ Phụng Tiên)	Em Không Khóc (feat. Vũ Phụng Tiên)	buitruonglinh	['v-pop', 'vietnamese lo-fi', 'vietnam indie', 'vinahouse']	2022-03-28	269624.0	56.0	False	True	121	0	62	230886	17155198
FRI(END)S	FRI(END)S	V	['k-pop']	2024-03-15	148082.0	77.0	False	True	41	11	1	1729965	17024167
có hẹn với thanh xuân	Hương Mùa Hè	SUNI	['v-pop', 'vietnam indie', 'vietnamese lo-fi', 'vinahouse']	2022-07-24	222000.0	54.0	False	True	115	0	27	227149	16996258
Trái đất ôm Mặt trời	Trái đất ôm Mặt trời	Kai Đinh	['v-pop', 'vietnamese lo-fi', 'vietnam indie']	2023-12-18	194703.0	55.0	False	True	60	4	8	865973	16849603
Mascara	Qua Khung Cửa Sổ	Chillies	['v-pop', 'vietnam indie', 'vietnamese lo-fi', 'vietnamese hip hop']	2021-05-05	293157.0	48.0	False	True	179	28	3	157975	16689255
Phóng Đổ Tim Em	LOI CHOI: The Neo Pop Punk	Wren Evans	['v-pop', 'vietnam indie', 'vietnamese hip hop', 'vietnamese lo-fi', 'vinahouse']	2023-12-17	134267.0	53.0	False	True	54	2	9	843856	16616182
Ngày Đầu Tiên	Ngày Đầu Tiên	Đức Phúc	['v-pop', 'vinahouse', 'vietnam indie']	2022-02-11	208939.0	52.0	False	True	111	12	2	430926	16593558
Kill Bill	SOS	SZA	['r&b']	2022-12-08	153946.0	83.0	False	True	99	7	6	300451	16337774
Em iu	Em iu	Andree Right Hand	['vietnamese hip hop', 'v-pop', 'vinahouse']	2022-01-30	179986.0	54.0	True	True	90	0	18	269824	16290707
My Universe	Music Of The Spheres	Coldplay	[]	2021-10-15	226198.0	72.0	False	True	84	34	1	797211	16283821
TRÀN BỘ NHỚ (feat. Dương Domic)	"ANH TRAI ""SAY HI"", Chung Kết 1"	"ANH TRAI ""SAY HI"""	['v-pop', 'vietnamese hip hop']	2024-08-31	210000.0	61.0	False	True	24	6	5	1032397	16138912
KIM PHÚT, KIM GIỜ (feat. HURRYKNG, HIEUTHUHAI, Negav, Pháp Kiều & Isaac)	"ANH TRAI ""SAY HI"" (Live Stage 4)"	"ANH TRAI ""SAY HI"""	['v-pop', 'vietnamese hip hop']	2024-08-26	295058.0	59.0	False	True	26	6	5	923227	16128397
XTC (Xích Thêm Chút) (Remix)	Rapitalove	Rapital	['vietnamese hip hop', 'v-pop', 'vietnam indie']	2021-06-21	243750.0	54.0	False	True	152	0	87	194027	16073998
MỘNG YU	MỘNG YU	AMEE	['v-pop', 'vietnamese hip hop', 'vietnam indie', 'vietnamese lo-fi']	2024-08-02	202629.0	58.0	False	True	29	7	3	1409741	15946886
Hẹn Gặp Em Dưới Ánh Trăng	Hẹn Gặp Em Dưới Ánh Trăng	MANBO	['vietnamese hip hop', 'v-pop', 'vietnam indie']	2020-09-25	222000.0	62.0	False	True	49	0	20	617169	15651049
Như Anh Đã Thấy Em	Như Anh Đã Thấy Em	PhucXp	['v-pop', 'vietnamese lo-fi', 'vietnam indie']	2022-05-20	302000.0	53.0	False	True	101	0	33	210065	15581231
Suýt Nữa Thì...	Suýt Nữa Thì...	Andiez	['v-pop', 'vietnamese lo-fi', 'vietnam indie']	2018-08-13	281344.0	54.0	False	True	99	0	74	261068	15498836
Crush 2	Crush 2	W/N	['v-pop', 'vietnamese hip hop', 'vietnamese lo-fi', 'vietnam indie']	2019-12-07	119587.0	48.0	False	True	127	0	51	287363	15439425
lời tạm biệt chưa nói	Hương Mùa Hè	GREY D	['v-pop', 'vietnam indie', 'vietnamese lo-fi', 'vietnamese hip hop']	2022-07-24	259114.0	53.0	False	True	110	0	22	204021	15324789
Đánh Đổi (ft. RPT MCK)		Obito							39	2	7	634920	15243260
một đời	một đời	14 Casper	['v-pop', 'vietnam indie', 'vietnamese lo-fi']	2022-12-21	328240.0	55.0	False	True	47	0	28	462820	15019269
Nến Và Hoa	Nến Và Hoa	Rhymastic	['v-pop', 'vietnamese hip hop', 'vietnam indie', 'vinahouse', 'vietnamese lo-fi']	2018-08-19	166000.0	52.0	False	True	223	7	2	183005	14974127
3107 4 (feat. Erik, Nâu)	3107 4 (feat. Erik, Nâu)	W/N	['v-pop', 'vietnamese hip hop', 'vietnamese lo-fi', 'vietnam indie']	2022-07-31	213913.0	55.0	False	True	89	0	24	232435	14867287
Hà Nội (ft. VSTRA)		Obito							39	1	10	524339	14774525
Một Ngàn Nỗi Đau	Một Ngàn Nỗi Đau	Văn Mai Hương	['v-pop', 'vinahouse', 'vietnamese hip hop', 'vietnam indie']	2022-06-23	321904.0	50.0	False	True	104	1	7	290578	14549305
NGÁO NGƠ (feat. HIEUTHUHAI, ERIK, Anh Tú Atus, JSOL & Orange)	"ANH TRAI ""SAY HI"" (Live Stage 3)"	"ANH TRAI ""SAY HI"""	['v-pop', 'vietnamese hip hop']	2024-08-29	252428.0	55.0	False	True	29	4	6	794218	14518582
Ngày Đẹp Trời Để Nói Chia Tay	Ngày Đẹp Trời Để Nói Chia Tay	Lou Hoàng	['v-pop', 'vinahouse', 'vietnamese lo-fi']	2024-06-13	220223.0	59.0	False	True	36	5	4	1058785	14512957
Ghé Qua		TaynguyenSound							150	0	64	245075	14500249
để tôi ôm em bằng giai điệu này	winter warmer	Kai Đinh	['v-pop', 'vietnamese lo-fi', 'vietnam indie']	2022-12-22	264596.0	51.0	False	True	84	0	18	283242	14388792
Em Xinh	ĐẸP	MONO	['v-pop', 'vietnamese hip hop', 'vinahouse']	2023-11-30	183236.0	56.0	False	True	54	2	10	769703	14243938
Bật Tình Yêu Lên	Bật Tình Yêu Lên	Tăng Duy Tân	['v-pop', 'vinahouse', 'vietnamese lo-fi']	2023-02-14	203826.0	52.0	False	True	76	2	4	490522	14187288
Waiting For You	22	MONO	['v-pop', 'vietnamese hip hop', 'vinahouse']	2022-08-18	266004.0	50.0	False	True	59	17	1	626623	14084586
Dreamers [Music from the FIFA World Cup Qatar 2022 Official Soundtrack]	Dreamers [Music from the FIFA World Cup Qatar 2022 Official Soundtrack]	Jung Kook	['k-pop']	2022-11-20	201391.0	70.0	False	True	40	19	1	843690	13951809
ThichThich	ThichThich	Phương Ly	['v-pop', 'vietnamese hip hop', 'vietnam indie', 'vinahouse', 'vietnamese lo-fi']	2022-07-24	241935.0	47.0	False	True	86	1	9	213100	13721785
Yêu Người Có Ước Mơ	Vọng	buitruonglinh	['v-pop', 'vietnamese lo-fi', 'vietnam indie', 'vinahouse']	2022-12-14	296000.0	52.0	False	True	95	0	13	252786	13365506
từ thích thích thành thương thương	dreaAMEE (acoustic version)	AMEE	['v-pop', 'vietnamese hip hop', 'vietnam indie', 'vietnamese lo-fi']	2020-12-16	204230.0	48.0	False	True	130	12	6	201569	13344986
Nấu ăn cho em	Nấu ăn cho em	Đen	['v-pop', 'vietnamese hip hop', 'vietnam indie', 'vietnamese lo-fi']	2023-05-13	241340.0	52.0	False	True	69	1	8	473231	13190186
SAO HẠNG A (feat. HIEUTHUHAI, Dương Domic, Song Luân, Jsol & Trần Đăng Dương)	"ANH TRAI ""SAY HI"", Tập 14"	"ANH TRAI ""SAY HI"""	['v-pop', 'vietnamese hip hop']	2024-09-18	252625.0	60.0	False	True	23	3	7	944950	13118003
At My Worst	PINK PLANET	Pink Sweat$	[]	2021-02-12	170344.0	65.0	False	True	126	7	7	199819	13067138
Bầu Trời Mới	M∞N	Da LAB	['v-pop', 'vietnamese hip hop', 'vietnam indie', 'vietnamese lo-fi', 'vinahouse']	2024-10-05	262495.0	59.0	False	True	20	4	8	959841	13040647
Xin Lỗi	Cái Đầu Tiên	Thắng	['vietnam indie', 'v-pop', 'vietnamese hip hop']	2023-04-30	127114.0	45.0	False	True	70	2	5	641803	12997214
REGRET (feat. Quân A.P, Pháp Kiều, Quang Trung, Ali Hoàng Dương & Lâm Bảo Ngọc)	"ANH TRAI ""SAY HI"" (Live Stage 3)"	"ANH TRAI ""SAY HI"""	['v-pop', 'vietnamese hip hop']	2024-08-29	252307.0	55.0	False	True	29	4	5	818219	12927378
Gone	R	ROSÉ	['k-pop']	2021-03-12	207163.0	66.0	False	True	131	5	2	468524	12811427
STAY (with Justin Bieber)	F*CK LOVE 3+: OVER YOU	The Kid LAROI	[]	2021-07-27	141805.0	78.0	True	True	104	22	1	311564	12737431
Nói Dối	Nói Dối	Ronboogz	['v-pop', 'vietnamese hip hop', 'vietnam indie']	2022-12-12	206139.0	57.0	False	True	68	0	79	259251	12673927
NGỰA Ô	NGỰA Ô	Dangrangto	['vietnamese hip hop', 'v-pop']	2024-10-02	215415.0	63.0	False	True	20	1	9	748266	12550309
Anh Nhớ Ra (feat. TRANG)	Một Vạn Năm	Vũ.	['v-pop', 'vietnam indie', 'vietnamese lo-fi']	2022-09-09	276500.0	52.0	False	True	84	0	19	211850	12488035
Haegeum	D-DAY	Agust D	['k-pop', 'k-rap']	2023-04-21	168926.0	80.0	False	True	44	7	1	1423909	12349494
Winter Ahead (with PARK HYO SHIN)	Winter Ahead (with PARK HYO SHIN)	V	['k-pop']	2024-11-29	234895.0	83.0	False	True	12	10	3	1656843	12159084
Blue Tequila	Blue Tequila	Táo	['vietnamese hip hop', 'v-pop', 'vietnam indie', 'vietnamese lo-fi']	2020-08-27	202624.0	51.0	False	True	177	0	26	136114	12080824
Cruel Summer	Lover	Taylor Swift	[]	2019-08-23	178426.0	85.0	False	True	75	1	5	276618	11958920
Nắng có mang em về	Luv	Shartnuss	['v-pop', 'vietnam indie', 'vietnamese hip hop']	2023-10-21	254304.0	58.0	False	True	54	0	44	357148	11949565
Em Là	22	MONO	['v-pop', 'vietnamese hip hop', 'vinahouse']	2022-08-18	197333.0	52.0	False	True	77	3	8	262424	11822149
Trên Tình Bạn Dưới Tình Yêu	50/50	MIN	['v-pop', 'vietnamese hip hop', 'vietnamese lo-fi', 'vietnam indie', 'vinahouse']	2022-03-21	199266.0	47.0	False	True	129	16	1	349081	11817373
Señorita	Shawn Mendes (Deluxe)	Shawn Mendes	['pop']	2019-06-19	190799.0	75.0	False	True	148	41	1	460259	11785881
Già Cùng Nhau Là Được	Già Cùng Nhau Là Được	Tùng TeA	['vietnamese hip hop', 'vietnam indie', 'v-pop']	2018-11-13	231362.0	50.0	False	True	122	0	70	156415	11750373
Tán Gái 505	Tán Gái 505	Low G	['vietnamese hip hop', 'v-pop', 'vietnam indie']	2021-05-31	155818.0	52.0	False	True	77	0	65	213607	11698842
Nụ hôn Bisou	Nụ hôn Bisou	Lãng	['vietnamese hip hop', 'v-pop']	2022-10-28	156825.0	49.0	False	True	46	1	10	367018	11524660
BADBYE	BADBYE	WEAN	['v-pop', 'vietnamese hip hop', 'vietnam indie', 'vietnamese lo-fi']	2023-06-09	202966.0	57.0	False	True	52	0	20	416895	11520881
LẦN CUỐI (đi bên em xót xa người ơi)	3 (tuyển tập nhạc Ngọt mới trẻ sôi động 2019)	Ngọt	['vietnam indie', 'v-pop', 'vietnamese hip hop']	2019-06-10	222846.0	52.0	False	True	170	2	5	278162	11387427
CHÂN THÀNH (feat. RHYDER, Captain, Quang Hùng MasterD, WEAN & Ali Hoàng Dương)	"ANH TRAI ""SAY HI"" (Live Stage 4)"	"ANH TRAI ""SAY HI"""	['v-pop', 'vietnamese hip hop']	2024-08-26	258000.0	58.0	False	True	27	0	14	548290	11323672
Mượn Rượu Tỏ Tình	Mượn Rượu Tỏ Tình	BigDaddy	['v-pop', 'vietnamese hip hop', 'vinahouse', 'vietnam indie']	2019-01-18	198375.0	49.0	False	True	168	9	1	183537	11312237
number one girl	rosie	ROSÉ	['k-pop']	2024-12-06	216442.0	79.0	False	True	13	10	3	1582670	11185403
Hà Nội	Đánh Đổi	Obito	['v-pop', 'vietnamese hip hop', 'vietnam indie']	2023-10-10	165555.0	59.0	False	True	33	0	12	453116	10925426
Tay To	Rapitalove	Rapital	['vietnamese hip hop', 'v-pop', 'vietnam indie']	2021-06-21	165000.0	50.0	True	True	111	0	58	144296	10865905
Hit Me Up (feat. Nomovodka)	Hit Me Up (feat. Nomovodka)	Binz	['vietnamese hip hop', 'v-pop', 'vinahouse', 'vietnam indie']	2023-10-19	268200.0	47.0	False	True	28	5	4	1097224	10863450
Chăm Hoa	Chăm Hoa	MONO	['v-pop', 'vietnamese hip hop', 'vinahouse']	2024-10-22	211111.0	63.0	False	True	17	1	9	787280	10856632
giá như	giá như	SOOBIN	['v-pop', 'vietnamese hip hop', 'vietnamese lo-fi', 'vietnam indie', 'vinahouse']	2024-04-10	223200.0	58.0	False	True	45	0	13	646137	10805517
Buông Đôi Tay Nhau Ra	m-tp M-TP	Sơn Tùng M-TP	['v-pop', 'vinahouse', 'vietnamese hip hop']	2017-04-01	227492.0	56.0	False	True	84	0	73	215375	10788759
Call Me	LOI CHOI: The Neo Pop Punk	Wren Evans	['v-pop', 'vietnam indie', 'vietnamese hip hop', 'vietnamese lo-fi', 'vinahouse']	2023-12-17	214736.0	46.0	False	True	39	0	12	603389	10706543
My Love Mine All Mine	The Land Is Inhospitable and So Are We	Mitski	[]	2023-09-15	137773.0	84.0	False	True	56	0	30	355124	10638111
Yet To Come	Proof	BTS	['k-pop']	2022-06-10	193593.0	63.0	False	True	39	13	1	1755027	10636514
On The Ground	R	ROSÉ	['k-pop']	2021-03-12	168085.0	67.0	False	True	98	5	1	595967	10621938
bé ơi từ từ	LOI CHOI: The Neo Pop Punk	Wren Evans	['v-pop', 'vietnam indie', 'vietnamese hip hop', 'vietnamese lo-fi', 'vinahouse']	2023-12-17	200727.0	50.0	False	True	30	3	8	876822	10473902
Không Yêu Em Thì Yêu Ai?	Bảo Tàng Của Nuối Tiếc	Vũ.	['v-pop', 'vietnam indie', 'vietnamese lo-fi']	2024-09-27	232647.0	60.0	False	True	21	0	19	715983	10447108
Hãy Trao Cho Anh	Hãy Trao Cho Anh	Sơn Tùng M-TP	['v-pop', 'vinahouse', 'vietnamese hip hop']	2019-07-02	245658.0	49.0	False	True	149	23	1	397123	10446724
tình yêu có nghĩa là gì?	ái	tlinh	['v-pop', 'vietnamese hip hop', 'vietnam indie', 'vietnamese lo-fi', 'vinahouse']	2023-08-16	133784.0	49.0	False	True	46	3	7	526510	10337947
1000 Ánh Mắt	Lặng	Shiki	['vietnamese hip hop', 'v-pop', 'vietnam indie']	2024-06-27	152000.0	60.0	False	True	34	1	8	553753	10221555
Yêu 5	Yêu 5	Rhymastic	['v-pop', 'vietnamese hip hop', 'vietnam indie', 'vinahouse', 'vietnamese lo-fi']	2017-01-01	240000.0	52.0	False	True	170	0	77	131429	10191216
Rainy Days	Layover	V	['k-pop']	2023-08-11	179560.0	66.0	False	True	20	7	3	1850617	10184269
Đã Lỡ Yêu Em Nhiều	Đã Lỡ Yêu Em Nhiều	JustaTee	['v-pop', 'vietnamese hip hop', 'vietnam indie', 'vietnamese lo-fi', 'vinahouse']	2022-07-11	261105.0	54.0	False	True	107	0	132	176006	10117911
toxic till the end	rosie	ROSÉ	['k-pop']	2024-12-06	156685.0	85.0	False	True	11	5	3	1922052	10085055
HOP ON DA SHOW	HOP ON DA SHOW	tlinh	['v-pop', 'vietnamese hip hop', 'vietnam indie', 'vietnamese lo-fi', 'vinahouse']	2024-09-18	175876.0	56.0	True	True	23	4	5	1012873	10022090
Đường Tôi Chở Em Về	Đường Tôi Chở Em Về	buitruonglinh	['v-pop', 'vietnamese lo-fi', 'vietnam indie', 'vinahouse']	2020-07-03	266000.0	57.0	False	True	120	0	14	264638	9870003
Permission to Dance	Permission to Dance	BTS	['k-pop']	2021-07-23	187585.0	69.0	False	True	64	28	1	505613	9832989
Bên Trên Tầng Lầu	Bên Trên Tầng Lầu	Tăng Duy Tân	['v-pop', 'vinahouse', 'vietnamese lo-fi']	2022-06-10	184000.0	45.0	False	True	54	12	1	372198	9822954
Stay Alive (Prod. SUGA of BTS)	Stay Alive (Prod. SUGA of BTS)	Jung Kook	['k-pop']	2022-02-11	210928.0	66.0	False	True	68	8	1	1586444	9806362
Lặng	Anh Trai Vượt Ngàn Chông Gai 2024 - Vòng Concert	Rhymastic	['v-pop', 'vietnamese hip hop', 'vietnam indie', 'vinahouse', 'vietnamese lo-fi']	2024-07-09	139264.0	56.0	False	True	33	2	7	631748	9798859
Christmas Tree	Our Beloved Summer (Original Television Soundtrack), Pt. 5	V	['k-pop']	2021-12-24	209946.0	67.0	False	True	68	7	1	562360	9777261
Tháng Năm	The Playah	SOOBIN	['v-pop', 'vietnamese hip hop', 'vietnamese lo-fi', 'vietnam indie', 'vinahouse']	2020-12-15	225358.0	54.0	False	True	118	3	6	225792	9774997
Kiss Me More (feat. SZA)	Planet Her	Doja Cat	[]	2021-06-25	208666.0	79.0	True	True	98	8	8	209463	9684708
Cheating on You	Cheating on You	Charlie Puth	['soft pop', 'pop']	2019-10-01	196606.0	68.0	False	True	115	0	13	146821	9666200
Trước Khi Em Tồn Tại	Cái Đầu Tiên	Thắng	['vietnam indie', 'v-pop', 'vietnamese hip hop']	2023-04-30	194182.0	51.0	False	True	59	0	22	258426	9652121
We Don't Talk Anymore (feat. Selena Gomez)	Nine Track Mind	Charlie Puth	['soft pop', 'pop']	2016-01-29	217706.0	74.0	False	True	221	0	71	194475	9532656
Life Goes On	BE	BTS	['k-pop']	2020-11-20	207481.0	71.0	False	True	101	4	1	423869	9512304
TÌNH ĐẦU QUÁ CHÉN (feat. Quang Hùng MasterD, Negav, Pháp Kiều & Erik)	"ANH TRAI ""SAY HI"", Tập 14"	"ANH TRAI ""SAY HI"""	['v-pop', 'vietnamese hip hop']	2024-09-18	316000.0	59.0	False	True	23	0	13	729164	9503888
Diamond Cut Diamond		Hoàng Thùy Linh							128	16	1	159492	9340096
golden hour	this is what falling in love feels like (554Hz)	JVKE	[]	2022-10-03	209259.0	72.0	False	True	70	1	6	292395	9336430
Ngõ Chạm	Ngõ Chạm	BigDaddy	['v-pop', 'vietnamese hip hop', 'vinahouse', 'vietnam indie']	2023-03-08	232173.0	47.0	False	True	52	0	41	229429	9297604
MONEY	LALISA	LISA	['k-pop']	2021-09-10	168227.0	66.0	False	True	70	11	1	400537	9103147
BIRDS OF A FEATHER	HIT ME HARD AND SOFT	Billie Eilish	[]	2024-05-17	210373.0	94.0	False	True	40	0	54	328277	8949120
Anh Chỉ Muốn	Anh Chỉ Muốn	Ronboogz	['v-pop', 'vietnamese hip hop', 'vietnam indie']	2023-10-18	167970.0	53.0	False	True	50	0	77	230029	8905135
Dù Cho Mai Về Sau - Acoustic Version	Dù Cho Mai Về Sau (Acoustic Version)	buitruonglinh	['v-pop', 'vietnamese lo-fi', 'vietnam indie', 'vinahouse']	2020-01-12	213490.0	51.0	False	True	116	0	67	175516	8872941
Ngày Mai Em Đi	Ngày Mai Em Đi	Lê Hiếu	['v-pop', 'vietnam indie', 'vietnamese bolero', 'vietnamese hip hop', 'vinahouse']	2017-08-02	218400.0	56.0	False	True	204	3	2	274020	8815981
Dân Chơi Sao Phải Khóc	Dân Chơi Sao Phải Khóc	Andree Right Hand	['vietnamese hip hop', 'v-pop', 'vinahouse']	2024-01-05	210944.0	53.0	False	True	40	0	16	533946	8706194
Running Wild	Happy	Jin	['k-pop']	2024-11-15	151646.0	79.0	False	True	14	3	2	2125667	8703875
Lỡ Say Bye Là Bye	Lỡ Say Bye Là Bye	Changg	['v-pop', 'vietnamese lo-fi', 'vietnamese hip hop', 'vietnam indie']	2021-01-22	214948.0	48.0	False	True	106	2	8	192270	8656000
Em Thích	Em Thích	Sean	['vietnamese lo-fi', 'v-pop', 'vietnamese hip hop', 'vinahouse', 'vietnam indie']	2021-12-03	176150.0	43.0	False	True	88	0	65	168483	8593835
Like Crazy (English Version)	FACE	Jimin	['k-pop']	2023-03-24	212253.0	61.0	False	True	32	6	2	1062322	8548448
Be Mine	MUSE	Jimin	['k-pop']	2024-07-19	207347.0	72.0	False	True	27	1	7	720754	8516808
Pink Venom	BORN PINK	BLACKPINK	['k-pop']	2022-09-16	186964.0	65.0	False	True	54	6	3	932876	8460176
Răng Khôn	Răng Khôn	Phí Phương Anh	['v-pop', 'vietnamese lo-fi', 'vinahouse']	2021-04-21	231585.0	44.0	False	True	102	3	6	230925	8458073
Head In The Clouds	Changes - EP	Hayd	[]	2021-09-17	184559.0	58.0	False	True	67	3	3	356774	8354735
Let Me Down Slowly	Narrated For You	Alec Benjamin	[]	2018-11-16	169353.0	80.0	False	True	195	17	2	68408	8344716
Die For You	Starboy	The Weeknd	[]	2016-11-24	260253.0	82.0	False	True	82	0	49	171257	8276387
Tình Ca Tình Ta	Tình Ca Tình Ta	kis	['v-pop', 'vietnam indie', 'vietnamese lo-fi']	2021-06-30	175255.0	48.0	False	True	85	0	19	139521	8270179
To The Moon	To The Moon	hooligan.	['vietnamese lo-fi', 'v-pop', 'vietnam indie']	2020-07-07	201507.0	44.0	False	True	110	0	18	116533	8254959
Angel Pt. 1 (feat. Jimin of BTS, JVKE & Muni Long)	Angel Pt. 1 (feat. Jimin of BTS, JVKE & Muni Long) [Trailer Version]	Kodak Black	[]	2023-05-17	175802.0	58.0	False	True	18	5	1	2475508	8218536
FLOWER	ME	JISOO	['k-pop']	2023-03-31	174216.0	69.0	False	True	29	5	2	1314468	8202696
Set Me Free Pt.2	Set Me Free Pt.2	Jimin	['k-pop']	2023-03-17	200929.0	65.0	True	True	38	3	1	1200870	8180116
TETVOVEN	TETVOVEN	Wxrdie	['vietnamese hip hop', 'v-pop']	2023-12-03	197230.0	53.0	False	True	39	0	39	362039	8168835
Memories	JORDI (Deluxe)	Maroon 5	['pop']	2021-06-11	189486.0	79.0	False	True	125	25	1	144251	8145275
How You Like That	THE ALBUM	BLACKPINK	['k-pop']	2020-10-02	180956.0	64.0	False	True	104	13	1	593110	8100765
Muốn Nói Với Em	Muốn Nói Với Em	T Team	['v-pop', 'vietnamese hip hop', 'vietnamese lo-fi', 'vietnam indie']	2020-06-06	233513.0	49.0	False	True	135	0	12	97696	8075687
Love is	Love is	Dangrangto	['vietnamese hip hop', 'v-pop']	2023-06-27	266758.0	62.0	False	True	17	0	23	568467	8031434
See Tình	See Tình	Hoàng Thùy Linh	['v-pop', 'vietnamese hip hop', 'vinahouse', 'vietnam indie']	2022-02-20	185002.0	48.0	False	True	68	5	7	213291	8003209
Smeraldo Garden Marching Band (feat. Loco)	MUSE	Jimin	['k-pop']	2024-07-19	182840.0	67.0	False	True	9	5	1	2817972	7990805
Nước Mắt Em Lau Bằng Tình Yêu Mới	Nước Mắt Em Lau Bằng Tình Yêu Mới	Da LAB	['v-pop', 'vietnamese hip hop', 'vietnam indie', 'vietnamese lo-fi', 'vinahouse']	2019-09-12	285741.0	52.0	False	True	72	0	114	158410	7966718
Giấc Mơ Khác	Giấc Mơ Khác	Chillies	['v-pop', 'vietnam indie', 'vietnamese lo-fi', 'vietnamese hip hop']	2023-02-09	223154.0	52.0	False	True	57	0	14	296463	7963169
ex's hate me, Pt.2	dreaAMEE	AMEE	['v-pop', 'vietnamese hip hop', 'vietnam indie', 'vietnamese lo-fi']	2020-06-20	216500.0	55.0	False	True	87	0	13	189465	7867564
Internet Love	Internet Love	VSTRA	['v-pop', 'vietnamese hip hop', 'vietnam indie', 'vietnamese lo-fi']	2021-02-14	219082.0	51.0	False	True	115	0	56	142259	7864980
"Sau Lời Từ Khước (Theme Song From ""MAI"")"	"Sau Lời Từ Khước (Theme Song From ""MAI"")"	Phan Mạnh Quỳnh	['v-pop', 'vietnam indie']	2024-02-14	250122.0	46.0	False	True	21	4	3	964968	7849758
Thắc Mắc?	Thắc Mắc?	Thịnh Suy	['v-pop', 'vietnam indie', 'vietnamese lo-fi']	2019	205567.0	52.0	False	True	52	0	110	211593	7830158
7 rings	thank u, next	Ariana Grande	['pop']	2019-02-08	178626.0	79.0	True	True	156	26	1	98838	7778949
Shut Down	BORN PINK	BLACKPINK	['k-pop']	2022-09-16	175889.0	65.0	False	True	51	4	2	1042174	7756756
People Pt.2 (feat. IU)	D-DAY	Agust D	['k-pop', 'k-rap']	2023-04-21	213995.0	62.0	False	True	33	3	3	825738	7745030
I Am Not Thuy Kieu		Hoàng Thùy Linh							127	13	1	210493	7678762
Cao Ốc 20	Cao Ốc 20	B Ray	['vietnamese hip hop', 'v-pop', 'vinahouse', 'vietnam indie']	2023-05-16	254688.0	55.0	False	True	45	0	109	240540	7655372
Magnetic	SUPER REAL ME	ILLIT	['k-pop']	2024-03-25	160688.0	79.0	False	True	24	5	5	739842	7611298
Bigcityboi (feat. Touliver)	Big City Boi (feat. Touliver)	Binz	['vietnamese hip hop', 'v-pop', 'vinahouse', 'vietnam indie']	2020-07-05	201599.0	38.0	True	True	75	18	1	407040	7559340
Tràn Bộ Nhớ	Dữ Liệu Quý	Dương Domic	['v-pop', 'vietnamese hip hop']	2024-11-22	172500.0	64.0	False	True	13	3	7	794113	7522716
MAKING MY WAY	MAKING MY WAY	Sơn Tùng M-TP	['v-pop', 'vinahouse', 'vietnamese hip hop']	2023-05-05	258006.0	45.0	False	True	23	4	2	1868074	7476733
Mình Anh Thôi	Mình Anh Thôi	Negav	['v-pop', 'vietnamese hip hop', 'vietnam indie']	2024-09-04	212519.0	57.0	False	True	24	0	18	587251	7475745
CATCH ME IF YOU CAN (feat. Quang Hùng MasterD, Negav, Công Dương & Nicky)	"ANH TRAI ""SAY HI"" (Live Stage 2)"	"ANH TRAI ""SAY HI"""	['v-pop', 'vietnamese hip hop']	2024-08-06	256000.0	52.0	False	True	28	0	27	383332	7440392
we can't be friends (wait for your love)	eternal sunshine	Ariana Grande	['pop']	2024-03-08	228639.0	84.0	False	True	35	0	17	469366	7387322
Đánh Đổi	Đánh Đổi	Obito	['v-pop', 'vietnamese hip hop', 'vietnam indie']	2023-10-10	226993.0	58.0	True	True	33	0	61	292681	7384756
2002	Speak Your Mind (Deluxe)	Anne-Marie	[]	2018-04-27	186986.0	75.0	False	True	213	0	21	65221	7377388
Espresso	Espresso	Sabrina Carpenter	[]	2024-04-12	175459.0	85.0	True	True	32	0	13	375510	7340580
Gặp Nhưng Không Ở Lại	Gặp Nhưng Không Ở Lại	Hiền Hồ	['v-pop', 'vinahouse', 'vietnam indie', 'vietnamese lo-fi']	2020-12-08	276777.0	43.0	False	True	84	4	1	267879	7337865
Mắt Xanh	Mắt Xanh	Gill	['vietnamese hip hop', 'v-pop', 'vietnam indie', 'vinahouse']	2022-12-10	169514.0	49.0	True	True	57	0	60	180316	7295675
Tell the kids i love them (ft. Shiki)		Obito							38	0	30	289685	7274687
Có Em Đời Bỗng Vui	Có Em Đời Bỗng Vui	Chillies	['v-pop', 'vietnam indie', 'vietnamese lo-fi', 'vietnamese hip hop']	2023-06-27	247530.0	40.0	False	True	121	1	6	108923	7254143
từ chối nhẹ nhàng thôi	tâm trạng tan hơi chậm một chút	Bích Phương	['v-pop', 'vietnamese hip hop', 'vietnamese lo-fi', 'vinahouse', 'vietnam indie']	2020-05-17	246818.0	47.0	False	True	68	12	1	252135	7252607
Tháng Mấy Em Nhớ Anh?	Tháng Mấy Em Nhớ Anh?	Hà Anh Tuấn	['v-pop', 'vietnam indie']	2021-01-04	300000.0	42.0	False	True	89	6	2	284147	7223581
Sài Gòn Đau Lòng Quá	Sài Gòn Đau Lòng Quá	Hứa Kim Tuyền	['v-pop', 'vietnamese lo-fi', 'vietnam indie']	2021-03-28	308689.0	44.0	False	True	68	9	1	337899	7167098
Phải Chăng Em Đã Yêu? (feat. RedT)	Phải Chăng Em Đã Yêu? (feat. RedT)	Juky San	['v-pop', 'vietnamese lo-fi', 'vietnamese hip hop', 'vietnam indie']	2021-02-12	190000.0	43.0	False	True	78	12	2	317180	7136139
QUAY ĐI QUAY LẠI (feat. HIEUTHUHAI)	"ANH TRAI ""SAY HI"", Chung Kết 1"	"ANH TRAI ""SAY HI"""	['v-pop', 'vietnamese hip hop']	2024-08-31	210491.0	52.0	False	True	23	0	14	573422	7068223
Chàng Trai Bất Tử	Chàng Trai Bất Tử	An Vũ	['v-pop', 'vietnamese lo-fi']	2024-01-11	232994.0	52.0	False	True	39	0	56	267757	7065889
Giữa Đại Lộ Đông Tây	Giữa Đại Lộ Đông Tây	Uyên Linh	['v-pop', 'vietnamese lo-fi', 'vietnam indie']	2021-11-04	226666.0	44.0	False	True	93	1	6	251507	7051410
Anh Đếch Cần Gì Nhiều Ngoài Em	Anh Đếch Cần Gì Nhiều Ngoài Em	Đen	['v-pop', 'vietnamese hip hop', 'vietnam indie', 'vietnamese lo-fi']	2018-11-15	217116.0	50.0	False	True	168	18	1	100002	7033408
Say Yes (Vietnamese Version)	Chọn Gì? Chọn Đi! Mùa 1	Chọn gì? Chọn đi!	['v-pop']	2024-09-11	223200.0	51.0	False	True	23	0	30	452918	7018030
1 Phút	1 Phút	Andiez	['v-pop', 'vietnamese lo-fi', 'vietnam indie']	2017-08-07	375989.0	53.0	False	True	183	0	21	175163	7015412
Take Two	Take Two	BTS	['k-pop']	2023-06-09	229953.0	64.0	False	True	19	5	2	2131906	6823734
hai mươi hai (22) [feat. AMEE]	COLOURS	Hứa Kim Tuyền	['v-pop', 'vietnamese lo-fi', 'vietnam indie']	2022-05-31	238986.0	43.0	False	True	59	7	3	269420	6744922
Peaches (feat. Daniel Caesar & Giveon)	Justice	Justin Bieber	[]	2021-03-19	198081.0	75.0	True	True	71	6	6	214508	6655923
Ditto	Ditto	NewJeans	['k-pop']	2022-12-19	185506.0	75.0	False	True	36	8	1	525224	6655429
yêu anh đi mẹ anh bán bánh mì	yêu anh đi mẹ anh bán bánh mì	Phuc Du	['vietnamese hip hop', 'v-pop', 'vietnamese lo-fi', 'vinahouse', 'vietnam indie']	2023-02-13	252892.0	41.0	False	True	49	0	28	235608	6647618
GIAYPHUT	GIAYPHUT	kidsai	['v-pop', 'vietnamese hip hop', 'vietnam indie']	2021-08-06	205846.0	51.0	False	True	64	0	35	131711	6635886
TRÓI EM LẠI (feat. Quang Hùng MasterD)	"ANH TRAI ""SAY HI"", Chung Kết 1"	"ANH TRAI ""SAY HI"""	['v-pop', 'vietnamese hip hop']	2024-08-31	264615.0	54.0	False	True	24	0	27	444311	6635336
ANH BIẾT RỒI (feat. Rhyder, Jmi Ko)	"ANH TRAI ""SAY HI"", Chung Kết 1"	"ANH TRAI ""SAY HI"""	['v-pop', 'vietnamese hip hop']	2024-08-31	259614.0	52.0	False	True	23	0	19	508333	6607814
em bỏ hút thuốc chưa (feat. traitimtrongvang)	tâm trạng tan hơi chậm một chút	Bích Phương	['v-pop', 'vietnamese hip hop', 'vietnamese lo-fi', 'vinahouse', 'vietnam indie']	2020-05-17	216000.0	45.0	False	True	72	11	1	376511	6602536
Trốn Tìm	Trốn Tìm	Đen	['v-pop', 'vietnamese hip hop', 'vietnam indie', 'vietnamese lo-fi']	2021-05-15	248870.0	47.0	False	True	66	6	1	825252	6503373
Ngã Tư Không Đèn	Chỉ Có Thể Là Anh	TRANG	['vietnam indie', 'v-pop']	2022-06-18	218250.0	46.0	False	True	49	1	10	208711	6498992
Cupid (Twin Ver.) - Live Studio Version OT4	The Beginning	FIFTY FIFTY	['k-pop']	2023-09-22	174116.0	72.0	False	True	25	4	7	482567	6496054
Never Let Go	Never Let Go	Jung Kook	['k-pop']	2024-06-07	166812.0	70.0	False	True	10	5	2	2370268	6484695
ONLY	4 ONLY	LeeHi	['k-ballad', 'k-pop']	2021-09-09	240906.0	73.0	False	True	83	5	8	166509	6453377
Và Thế Là Hết	Và Thế Là Hết	Chillies	['v-pop', 'vietnam indie', 'vietnamese lo-fi', 'vietnamese hip hop']	2018-12-24	291650.0	42.0	False	True	145	0	19	82007	6437342
Leave The Door Open	An Evening With Silk Sonic	Bruno Mars	[]	2021-11-11	242096.0	74.0	False	True	75	10	3	236304	6434820
Thuận Theo Ý Trời	Thuận Theo Ý Trời	Bùi Anh Tuấn	['v-pop', 'vietnamese lo-fi']	2019-11-28	237264.0	50.0	False	True	92	0	62	137463	6417064
Glimpse of Us	SMITHEREENS	Joji	[]	2022-11-04	233453.0	78.0	False	True	49	7	3	464910	6402777
ưng quá chừng	ưng quá chừng	AMEE	['v-pop', 'vietnamese hip hop', 'vietnam indie', 'vietnamese lo-fi']	2023-03-05	81951.0	40.0	False	True	27	3	2	517456	6353598
Vai Lan Don Dua	Vai Lan Don Dua	SOOBIN	['v-pop', 'vietnamese hip hop', 'vietnamese lo-fi', 'vietnam indie', 'vinahouse']	2017-01-27	170666.0	55.0	False	True	197	0	48	273953	6349601
Someone You Loved	Divinely Uninspired To A Hellish Extent	Lewis Capaldi	['soft pop']	2019-05-17	182160.0	82.0	False	True	145	0	18	72849	6338208
Run BTS	Proof	BTS	['k-pop']	2022-06-10	204939.0	71.0	False	True	37	7	2	1201623	6326894
Mưa Tháng Sáu	Mưa Tháng Sáu	Văn Mai Hương	['v-pop', 'vinahouse', 'vietnamese hip hop', 'vietnam indie']	2023-05-24	257142.0	43.0	False	True	36	3	6	557988	6321933
ex's hate me, Pt.2	dreaAMEE	AMEE	['v-pop', 'vietnamese hip hop', 'vietnam indie', 'vietnamese lo-fi']	2020-06-20	216500.0	55.0	False	True	33	0	78	231368	6303180
Khóa Ly Biệt	Tập 13: The Masked Singer Vietnam mùa 2	The Masked Singer	['v-pop']	2023-11-05	312000.0	47.0	False	True	34	0	53	309262	6268633
Đông Kiếm Em	Đông Kiếm Em	Vũ.	['v-pop', 'vietnam indie', 'vietnamese lo-fi']	2015-03-28	246043.0	49.0	False	True	208	0	57	137478	6261786
With you	Our Blues, Pt. 4 (Original Television Soundtrack)	Jimin	['k-pop']	2022-04-24	201905.0	62.0	False	True	34	7	1	971149	6261737
Without Me	Manic	Halsey	[]	2020-01-17	201660.0	78.0	True	True	158	26	3	59530	6247841
Mặt Mộc	Mặt Mộc	Phạm Nguyên Ngọc	['v-pop', 'vietnamese lo-fi', 'vietnam indie']	2022-08-05	214293.0	47.0	False	True	55	0	27	175174	6235974
positions	Positions	Ariana Grande	['pop']	2020-10-30	172324.0	75.0	True	True	102	4	1	175061	6203623
intro (end of the world)	eternal sunshine	Ariana Grande	['pop']	2024-03-08	92400.0	76.0	True	True	30	0	13	471365	6172516
Dành Hết Xuân Thì Để Chờ Nhau	Bảo Tàng Của Nuối Tiếc	Vũ.	['v-pop', 'vietnam indie', 'vietnamese lo-fi']	2024-09-27	288195.0	46.0	False	True	31	0	13	532444	6159361
Cho Mình Em	Cho Mình Em	Binz	['vietnamese hip hop', 'v-pop', 'vinahouse', 'vietnam indie']	2021-04-01	206400.0	53.0	False	True	84	0	32	176075	6159059
2 4	2 4	W/N	['v-pop', 'vietnamese hip hop', 'vietnamese lo-fi', 'vietnam indie']	2024-07-31	199312.0	53.0	False	True	17	2	8	710654	6126408
Một Cú Lừa	tâm trạng tan hơi chậm một chút	Bích Phương	['v-pop', 'vietnamese hip hop', 'vietnamese lo-fi', 'vinahouse', 'vietnam indie']	2020-05-17	208695.0	43.0	False	True	69	10	1	250301	6110843
ĐỢI (SPECIAL VERSION) [ft. WEAN]	ĐỢI (SPECIAL VERSION) [ft. WEAN]	52Hz	['v-pop', 'vietnam indie', 'vietnamese hip hop']	2024-01-31	199278.0	57.0	False	True	30	0	83	267489	6107202
TOKYO Cypher	TOKYO Cypher	Lil Wuyn	['vietnamese hip hop', 'v-pop', 'vietnam indie']	2023-10-12	178823.0	47.0	False	True	30	0	45	293725	6057843
Thủy Triều	Thủy Triều	Quang Hùng MasterD	['v-pop', 'vietnamese lo-fi', 'vinahouse', 'vietnamese hip hop']	2024-02-12	179600.0	56.0	False	True	31	0	69	243210	6014495
Until I Found You (with Em Beihold) - Em Beihold Version	Until I Found You (Em Beihold Version)	Stephen Sanchez	[]	2022-04-22	176440.0	76.0	False	True	49	0	43	190041	6003107
Okeokeoke	Okeokeoke	Low G	['vietnamese hip hop', 'v-pop', 'vietnam indie']	2020-11-09	139276.0	46.0	True	True	59	0	103	169865	5977950
Yên Bình Có Quá Đắt Không	Yên Bình Có Quá Đắt Không	Khiem	['v-pop', 'vietnamese lo-fi', 'vietnam indie']	2024-06-23	248318.0	54.0	False	True	22	0	12	471119	5975863
Vết Mưa	Giải mã	Vũ Cát Tường	['v-pop', 'vietnam indie']	2014-01-01	210067.0	54.0	False	True	45	0	104	221842	5913121
MORE	Jack In The Box	j-hope	['k-pop', 'k-rap']	2022-07-15	180022.0	68.0	False	True	22	8	1	1061184	5908520
Tip Toe	Tip Toe	HYBS	[]	2023-06-20	224725.0	74.0	False	True	33	0	52	264419	5896961
LOVE SAND (feat. HIEUTHUHAI, JSOL, Ali Hoàng Dương & Vũ Thịnh)	"ANH TRAI ""SAY HI"" (Live Stage 2)"	"ANH TRAI ""SAY HI"""	['v-pop', 'vietnamese hip hop']	2024-08-06	235179.0	48.0	False	True	22	0	23	387295	5869522
NGTANOISE	NGTANOISE	VSOUL	['vietnamese hip hop', 'v-pop', 'vietnam indie']	2022-09-12	181185.0	47.0	False	True	41	0	83	172179	5854938
ghệ iu dấu của em ơi	ái	tlinh	['v-pop', 'vietnamese hip hop', 'vietnam indie', 'vietnamese lo-fi', 'vinahouse']	2023-08-16	205138.0	50.0	False	True	40	0	52	196049	5834278
Missing You	Missing You	Phương Ly	['v-pop', 'vietnamese hip hop', 'vietnam indie', 'vinahouse', 'vietnamese lo-fi']	2020-08-18	242857.0	45.0	False	True	65	8	3	199708	5771896
Typa Girl	BORN PINK	BLACKPINK	['k-pop']	2022-09-16	179172.0	62.0	True	True	48	2	3	796576	5732496
Ai Đưa Em Về	Ai Đưa Em Về	TIA	['v-pop', 'vietnamese lo-fi', 'vietnam indie', 'vinahouse', 'vietnamese hip hop']	2019-06-20	233249.0	45.0	False	True	101	0	56	98643	5725469
Cà Phê	50/50	MIN	['v-pop', 'vietnamese hip hop', 'vietnamese lo-fi', 'vietnam indie', 'vinahouse']	2022-03-21	190526.0	48.0	False	True	66	0	19	144130	5720367
trời giấu trời mang đi	dreaAMEE	AMEE	['v-pop', 'vietnamese hip hop', 'vietnam indie', 'vietnamese lo-fi']	2020-06-20	253500.0	51.0	False	True	77	0	52	177255	5697999
Tháng Tư Là Lời Nói Dối Của Em	Fragile	Hà Anh Tuấn	['v-pop', 'vietnam indie']	2021-06-01	310066.0	51.0	False	True	42	0	49	212485	5639525
Ổ Quỷ	Ổ Quỷ	DMT	['vietnamese hip hop', 'v-pop']	2024-02-05	178924.0	48.0	True	True	21	0	15	371344	5627909
Không Còn Em	Không Còn Em	Madihu	['v-pop', 'vietnam indie', 'vietnamese hip hop']	2023-07-20	234791.0	46.0	False	True	31	0	17	276968	5613625
Ngồi Nhìn Em Khóc	Ngồi Nhìn Em Khóc	Sáo	['v-pop', 'vietnam indie']	2023-04-24	273230.0	48.0	False	True	46	0	95	144681	5598699
OMG	NewJeans 'OMG'	NewJeans	['k-pop']	2023-01-02	212253.0	74.0	False	True	34	6	3	415423	5583446
thế giới thần tiên	ái	tlinh	['v-pop', 'vietnamese hip hop', 'vietnam indie', 'vietnamese lo-fi', 'vinahouse']	2023-08-16	170500.0	51.0	False	True	43	0	62	191321	5574152
Bo Xì Bo	LINK	Hoàng Thùy Linh	['v-pop', 'vietnamese hip hop', 'vinahouse', 'vietnam indie']	2022-08-11	172000.0	41.0	False	True	31	4	5	290256	5566253
Anh Luôn Như Vậy	Anh Luôn Như Vậy	B Ray	['vietnamese hip hop', 'v-pop', 'vinahouse', 'vietnam indie']	2023-10-05	212732.0	48.0	False	True	20	2	10	497288	5544707
LIMBO	GABRIEL	keshi	[]	2022-03-25	212784.0	70.0	True	True	32	0	21	316704	5528032
death bed (coffee for your head)	death bed (coffee for your head)	Powfu	[]	2020-02-08	173333.0	76.0	False	True	95	14	2	110649	5502721
Filter	MAP OF THE SOUL : 7	BTS	['k-pop']	2020-02-21	180220.0	64.0	False	True	73	5	1	544133	5500733
Làm Gì Phải Hốt	Làm Gì Phải Hốt	Hoàng Thùy Linh	['v-pop', 'vietnamese hip hop', 'vinahouse', 'vietnam indie']	2020-01-05	189296.0	50.0	False	True	116	0	16	300179	5481224
Cầu Vĩnh Tuy	LOI CHOI: The Neo Pop Punk	Wren Evans	['v-pop', 'vietnam indie', 'vietnamese hip hop', 'vietnamese lo-fi', 'vinahouse']	2023-12-17	151782.0	47.0	False	True	18	0	16	569627	5465084
Giờ Thì	Từng Ngày Như Mãi Mãi	buitruonglinh	['v-pop', 'vietnamese lo-fi', 'vietnam indie', 'vinahouse']	2024-12-12	234166.0	63.0	False	True	10	0	11	710311	5440106
Say Đắm Trong Lần Đầu	Say Đắm Trong Lần Đầu	Winno	['vietnamese hip hop', 'v-pop', 'vietnam indie']	2021-11-09	186160.0	51.0	False	True	56	0	142	148299	5433048
Ừ Thì Chia Tay (feat. RHYDER)	Ừ Thì Chia Tay (feat. RHYDER)	CAPTAIN BOY	['v-pop', 'vietnamese hip hop']	2024-10-23	239307.0	55.0	False	True	17	0	34	423305	5408170
Xin Đừng Nhấc Máy	Xin Đừng Nhấc Máy	B Ray	['vietnamese hip hop', 'v-pop', 'vinahouse', 'vietnam indie']	2021-04-01	187454.0	44.0	False	True	77	1	9	181738	5366270
Ngày Mai Người Ta Lấy Chồng (feat. Voi Bản Đôn)	Tập 2: The Masked Singer Vietnam mùa 2	The Masked Singer	['v-pop']	2023-08-13	317408.0	45.0	False	True	35	0	39	238571	5359051
I'M THINKING ABOUT YOU (feat. RHYDER, WEAN, Đức Phúc, Hùng Huỳnh & tlinh)	"ANH TRAI ""SAY HI"", Tập 8"	"ANH TRAI ""SAY HI"""	['v-pop', 'vietnamese hip hop']	2024-08-12	278400.0	49.0	False	True	19	0	15	533835	5338031
haydeanhduoccungemdau	OXO	SIVAN	['v-pop', 'vietnam indie', 'vietnamese lo-fi']	2022-12-25	228965.0	45.0	False	True	41	0	140	181919	5330355
Attention	Voicenotes	Charlie Puth	['soft pop', 'pop']	2018-05-11	208786.0	78.0	False	True	177	0	21	162557	5314871
Ai Mà Biết Được (feat. tlinh)	BẬT NÓ LÊN	SOOBIN	['v-pop', 'vietnamese hip hop', 'vietnamese lo-fi', 'vietnam indie', 'vinahouse']	2024-06-25	240000.0	50.0	False	True	18	2	9	535264	5277866
Angel Baby	Angel Baby	Troye Sivan	[]	2021-09-09	220779.0	68.0	False	True	57	5	7	216804	5254888
Anh Là Ai? (feat. Dick, DT & UMIE)	Rap Việt Mùa 3 - Vòng 2	RAP VIỆT	['vietnamese hip hop', 'v-pop']	2023-08-09	223783.0	46.0	False	True	24	1	4	457464	5195822
Đá tan	Gieo	Ngọt	['vietnam indie', 'v-pop', 'vietnamese hip hop']	2022-11-25	202166.0	51.0	False	True	43	0	55	168179	5193949
Love of Ghosts		Hoàng Thùy Linh							88	11	2	171975	5183425
comethru	summer,	Jeremy Zucker	[]	2018-09-28	181613.0	68.0	False	True	138	0	16	56370	5172901
Đầu Đường Xó Chợ (ft. Lăng LD)		Obito							35	0	39	246100	5163203
Để Ý	Để Ý	Wren Evans	['v-pop', 'vietnam indie', 'vietnamese hip hop', 'vietnamese lo-fi', 'vinahouse']	2024-06-13	159164.0	49.0	False	True	18	1	10	515495	5142964
I Love You 3000	I Love You 3000	Stephanie Poetri	[]	2019-06-03	209734.0	65.0	False	True	113	9	5	83559	5137415
Mantra	Mantra	JENNIE	['k-pop']	2024-10-10	136627.0	81.0	True	True	13	1	6	1023284	5090332
Ghé Qua	Ghé Qua	PC	['vietnamese hip hop', 'v-pop', 'vietnam indie', 'vietnamese lo-fi']	2018-03-17	237192.0	55.0	False	True	28	0	84	226689	5059199
Gái Độc Thân	Gái Độc Thân	tlinh	['v-pop', 'vietnamese hip hop', 'vietnam indie', 'vietnamese lo-fi', 'vinahouse']	2021-06-30	185175.0	46.0	False	True	86	0	17	142463	5048914
Closer Than This	MUSE	Jimin	['k-pop']	2024-07-19	223301.0	66.0	False	True	13	3	3	1183389	5041683
Blank Space	1989 (Deluxe)	Taylor Swift	[]	2014-01-01	231826.0	77.0	False	True	172	0	51	125211	5032515
bad guy	WHEN WE ALL FALL ASLEEP, WHERE DO WE GO?	Billie Eilish	[]	2019-03-29	194087.0	77.0	False	True	89	20	3	89605	5027830
Có Chàng Trai Viết Lên Cây	Mắt Biếc (Original Motion Picture Soundtrack)	Phan Mạnh Quỳnh	['v-pop', 'vietnam indie']	2019-12-20	305786.0	50.0	False	True	93	7	2	170410	4956109
Lâu Lâu Nhắc Lại	Lâu Lâu Nhắc Lại	Hà Nhi	['v-pop', 'vinahouse', 'vietnamese lo-fi', 'vietnam indie']	2022-09-22	270000.0	44.0	False	True	42	0	28	172183	4912795
Build a Bitch	Build a Bitch	Bella Poarch	[]	2021-05-14	122772.0	63.0	True	True	52	8	3	360207	4903528
Euphoria	Love Yourself 結 'Answer'	BTS	['k-pop']	2018-08-24	228615.0	68.0	False	True	167	2	4	173617	4895864
PHONG	VSTRA	VSTRA	['v-pop', 'vietnamese hip hop', 'vietnam indie', 'vietnamese lo-fi']	2023-11-11	212000.0	49.0	True	True	48	0	29	183675	4886508
Ngày Em Đẹp Nhất	Ngày Em Đẹp Nhất	Tama	['v-pop', 'vietnamese lo-fi', 'vietnam indie']	2023-04-07	303024.0	50.0	False	True	41	0	104	137205	4882950
Để Mị Nói Cho Mà Nghe	Hoàng	Hoàng Thùy Linh	['v-pop', 'vietnamese hip hop', 'vinahouse', 'vietnam indie']	2019-10-20	193877.0	44.0	False	True	94	19	3	139024	4859900
Dịu Dàng Em Đến	Dịu Dàng Em Đến	ERIK	['v-pop', 'vietnamese lo-fi', 'vinahouse', 'vietnam indie']	2021-08-30	185000.0	43.0	False	True	58	0	29	117193	4821415
drivers license	SOUR	Olivia Rodrigo	[]	2021-05-21	242013.0	80.0	True	True	86	1	7	175786	4798246
Track 06	ii-V-I	Tyronee	['v-pop', 'vietnam indie', 'vietnamese hip hop']	2024-12-05	165161.0	62.0	False	True	11	0	15	658324	4788804
Hoa Nở Không Màu	Hoa Nở Không Màu	Hoài Lâm	['v-pop', 'vietnamese bolero', 'bolero', 'vietnamese lo-fi']	2020-05-30	328106.0	30.0	False	True	62	6	7	159552	4749550
Em Đồng Ý (I Do)	Em Đồng Ý (I Do)	Đức Phúc	['v-pop', 'vinahouse', 'vietnam indie']	2023-02-09	203124.0	43.0	False	True	24	3	2	506807	4707264
Play Date	Cry Baby (Deluxe Edition)	Melanie Martinez	[]	2015-08-14	179867.0	69.0	True	True	81	11	2	164683	4695120
Vùng Ký Ức	Qua Khung Cửa Sổ	Chillies	['v-pop', 'vietnam indie', 'vietnamese lo-fi', 'vietnamese hip hop']	2021-05-05	296500.0	47.0	False	True	74	9	1	178359	4683771
The Astronaut	The Astronaut	Jin	['k-pop']	2022-10-28	282463.0	69.0	False	True	23	6	1	820876	4670100
Hai Triệu Năm	Hai Triệu Năm	Đen	['v-pop', 'vietnamese hip hop', 'vietnam indie', 'vietnamese lo-fi']	2019-06-22	216471.0	46.0	False	True	113	5	3	111189	4669461
The Playah (feat. SlimV) - Special Performance	The Playah (feat. SlimV) [Special Performance]	SOOBIN	['v-pop', 'vietnamese hip hop', 'vietnamese lo-fi', 'vietnam indie', 'vinahouse']	2021-05-14	449577.0	44.0	False	True	58	7	5	244380	4621009
THERE'S NO ONE AT ALL	THERE'S NO ONE AT ALL	Sơn Tùng M-TP	['v-pop', 'vinahouse', 'vietnamese hip hop']	2022-04-28	172250.0	42.0	False	True	30	6	1	1015097	4602607
Cũng Đành Thôi	Cũng Đành Thôi	Đức Phúc	['v-pop', 'vinahouse', 'vietnam indie']	2016	272952.0	44.0	False	True	137	0	63	141254	4598631
Cảm Nắng (feat. Rtee)	Cảm Nắng	SUNI	['v-pop', 'vietnam indie', 'vietnamese lo-fi', 'vinahouse']	2017-07-21	228750.0	39.0	False	True	63	0	77	115277	4593943
id T41104 (feat. 267)	id T41104 (feat. 267)	W/N	['v-pop', 'vietnamese hip hop', 'vietnamese lo-fi', 'vietnam indie']	2023-10-31	200000.0	48.0	False	True	24	0	26	344898	4582116
Sao Em Lại Tắt Máy?	Sao Em Lại Tắt Máy?	Phạm Nguyên Ngọc	['v-pop', 'vietnamese lo-fi', 'vietnam indie']	2020	198000.0	46.0	False	True	82	0	103	89122	4557462
Ngày Đầu Sau Chia Tay	Ngày Đầu Sau Chia Tay	Đức Phúc	['v-pop', 'vinahouse', 'vietnam indie']	2024-06-20	276016.0	53.0	False	True	24	0	54	258987	4546681
Cuộc gọi lúc nửa đêm	MỘNGMEE	AMEE	['v-pop', 'vietnamese hip hop', 'vietnam indie', 'vietnamese lo-fi']	2024-08-02	182582.0	49.0	False	True	15	0	11	568782	4475128
Van Gogh (feat. Ashley Alisha)	Van Gogh	Dept	[]	2022-09-18	192186.0	50.0	False	True	27	0	41	316847	4437586
Có Đôi Điều	Lặng	Shiki	['vietnamese hip hop', 'v-pop', 'vietnam indie']	2024-06-27	174000.0	64.0	False	True	8	0	11	749823	4435126
Nếu Những Tiếc Nuối	Bảo Tàng Của Nuối Tiếc	Vũ.	['v-pop', 'vietnam indie', 'vietnamese lo-fi']	2024-09-27	260488.0	52.0	False	True	16	0	47	387220	4403453
Lovesick Girls	THE ALBUM	BLACKPINK	['k-pop']	2020-10-02	192765.0	64.0	False	True	62	6	1	540170	4386162
Heat Waves	Dreamland	Glass Animals	[]	2020-08-07	238805.0	81.0	False	True	60	0	28	121593	4361773
Bông Hoa Đẹp Nhất	Bông Hoa Đẹp Nhất	Quân A.P	['v-pop', 'vietnamese lo-fi', 'vietnam indie']	2020-09-12	315264.0	48.0	False	True	91	0	32	151996	4357434
Đâu Cần Một Bài Ca Tình Yêu	Đâu Cần Một Bài Ca Tình Yêu	Tiên Tiên	['v-pop', 'vietnam indie', 'vinahouse', 'vietnamese lo-fi']	2019-09-19	195514.0	41.0	False	True	109	5	5	63874	4329759
Em Không Sai, Chúng Ta Sai	Em Không Sai, Chúng Ta Sai	ERIK	['v-pop', 'vietnamese lo-fi', 'vinahouse', 'vietnam indie']	2020-05-07	291529.0	55.0	False	True	74	0	25	384742	4311014
Bad Habits	=	Ed Sheeran	['soft pop']	2021-10-25	230746.0	75.0	False	True	60	3	3	255683	4304348
người điên	ái	tlinh	['v-pop', 'vietnamese hip hop', 'vietnam indie', 'vietnamese lo-fi', 'vinahouse']	2023-08-16	147475.0	47.0	False	True	23	1	10	384388	4298371
thank u, next	thank u, next	Ariana Grande	['pop']	2019-02-08	207320.0	76.0	True	True	116	22	1	64714	4297190
Black Swan	MAP OF THE SOUL : 7	BTS	['k-pop']	2020-02-21	198260.0	66.0	False	True	63	12	1	509681	4281676
Thói Quen (25 Mét Vuông) [feat. Gducky]	Thói Quen (25 mét vuông) [feat. Gducky]	Hoàng Dũng	['v-pop', 'vietnam indie', 'vietnamese lo-fi', 'vietnamese hip hop']	2021-11-21	279857.0	36.0	False	True	62	0	39	99537	4280952
Bước Za Đi Xa	Bước Za Đi Xa	Wxrdie	['vietnamese hip hop', 'v-pop']	2024-09-18	168774.0	54.0	False	True	21	0	61	291679	4279139
Arson	Jack In The Box	j-hope	['k-pop', 'k-rap']	2022-07-15	159761.0	64.0	True	True	19	4	1	1014634	4250576
Hype Boy	NewJeans 1st EP 'New Jeans'	NewJeans	['k-pop']	2022-08-01	179026.0	73.0	False	True	38	0	20	167525	4225676
"Đi Giữa Trời Rực Rỡ - From ""Đi Giữa Trời Rực Rỡ"""	"Đi Giữa Trời Rực Rỡ (From ""Đi Giữa Trời Rực Rỡ"")"	Ngô Lan Hương	['v-pop', 'vinahouse', 'vietnamese lo-fi', 'vietnam indie', 'vietnamese hip hop']	2024-08-05	220839.0	59.0	False	True	14	0	41	348854	4217865
Tim Anh Ghen	THE WXRDIES	Wxrdie	['vietnamese hip hop', 'v-pop']	2024-11-12	279605.0	57.0	True	True	14	0	43	392044	4215652
SOLO	SOLO	JENNIE	['k-pop']	2018-11-12	169566.0	65.0	False	True	124	11	2	111867	4213901
Dù Cho Tận Thế	Dù Cho Tận Thế	ERIK	['v-pop', 'vietnamese lo-fi', 'vinahouse', 'vietnam indie']	2025-02-06	233263.0	67.0	False	True	2	2	1	2230677	4210589
Lao Tâm Khổ Tứ	Lao Tâm Khổ Tứ	Thanh Hưng	['v-pop', 'vietnamese lo-fi', 'vinahouse']	2023-03-03	346289.0	46.0	False	True	24	0	122	200639	4191585
Trời hôm nay nhiều mây cực!	Trời hôm nay nhiều mây cực!	Đen	['v-pop', 'vietnamese hip hop', 'vietnam indie', 'vietnamese lo-fi']	2020-08-07	252600.0	42.0	False	True	73	4	1	219394	4191519
Khi Cơn Mơ Dần Phai (feat. Tez & Myra Trần)	Rap Việt Mùa 3 (2023) - Tập 15	RAP VIỆT	['vietnamese hip hop', 'v-pop']	2023-09-03	195840.0	45.0	False	True	16	2	5	739669	4186371
FAKE LOVE	Love Yourself 轉 'Tear'	BTS	['k-pop']	2018-05-18	242333.0	74.0	False	True	133	16	1	222114	4180406
Vì Mẹ Anh Bắt Chia Tay	Vì Mẹ Anh Bắt Chia Tay	Miu Lê	['v-pop', 'vietnamese hip hop', 'vinahouse', 'vietnamese lo-fi']	2022-06-13	261999.0	40.0	False	True	25	7	2	511007	4167999
Pin Dự Phòng	Dữ Liệu Quý	Dương Domic	['v-pop', 'vietnamese hip hop']	2024-11-22	226415.0	58.0	False	True	13	0	38	400582	4152749
Kill This Love	Kill This Love	BLACKPINK	['k-pop']	2019-04-05	189052.0	64.0	False	True	95	11	1	282788	4126714
Phố Không Em	Phố Không Em	Thái Đinh	['vietnam indie', 'v-pop']	2016-02-01	286432.0	42.0	False	True	125	0	62	49079	4120018
Dance Monkey	Dance Monkey (Stripped Back) / Dance Monkey	Tones And I	[]	2019-10-17	209438.0	70.0	False	True	66	14	1	143157	4113403
Hard to Love	BORN PINK	BLACKPINK	['k-pop']	2022-09-16	162569.0	58.0	True	True	34	2	5	720712	4104486
Intentions (feat. Quavo)	Changes	Justin Bieber	[]	2020-02-14	212866.0	71.0	False	True	68	14	1	142282	4093891
34+35	Positions	Ariana Grande	['pop']	2020-10-30	173710.0	72.0	True	True	69	0	14	109835	4078291
greedy	greedy	Tate McRae	[]	2023-09-15	131872.0	82.0	True	True	30	0	107	156741	4054012
Mai Mình Xa	Mai Mình Xa	Thịnh Suy	['v-pop', 'vietnam indie', 'vietnamese lo-fi']	2019-12-20	191007.0	52.0	False	True	28	0	85	190265	4043214
Bảo Tàng	Bảo Tàng	Low G	['vietnamese hip hop', 'v-pop', 'vietnam indie']	2023-11-29	185142.0	51.0	False	True	22	0	33	337851	4034281
Real Love - The Heroes Version	Real Love (The Heroes Version)	My Anh	['v-pop', 'vietnam indie']	2021-07-18	243934.0	34.0	False	True	63	0	32	94073	4020474
ANH ĐÃ LÀM GÌ ĐÂU (feat. Nhật Hoàng & Thùy Chi)	RAP VIỆT 2024, Tập 12	RAP VIỆT	['vietnamese hip hop', 'v-pop']	2024-12-02	297000.0	56.0	False	True	12	0	22	680071	4018943
Simple Love	Simple Love	Obito	['v-pop', 'vietnamese hip hop', 'vietnam indie']	2022-11-28	213721.0	48.0	False	True	31	0	155	145182	4000986
Supernova	Armageddon - The 1st Album	aespa	['k-pop']	2024-05-27	178880.0	67.0	False	True	18	0	15	374331	3999184
drinks or coffee	rosie	ROSÉ	['k-pop']	2024-12-06	133113.0	76.0	False	True	11	0	25	650026	3985327
ĐÂU PHẢI VỢ ANH (feat. Dangrangto)	RAP VIỆT 2024, Tập 4	RAP VIỆT	['vietnamese hip hop', 'v-pop']	2024-10-14	184000.0	53.0	False	True	15	0	48	367774	3976311
Có Đâu Ai Ngờ	Có Đâu Ai Ngờ	Cầm	['v-pop', 'vietnamese lo-fi', 'vinahouse', 'vietnamese hip hop']	2022-09-08	220000.0	38.0	False	True	37	0	23	173723	3968554
LALISA	LALISA	LISA	['k-pop']	2021-09-10	200689.0	63.0	False	True	39	7	1	506931	3967435
Chim Quý Trong Lồng	Chim Quý Trong Lồng	K-ICM	['v-pop', 'vinahouse', 'vietnam indie', 'vietnamese lo-fi', 'vietnamese hip hop']	2021-07-12	343061.0	13.0	False	True	30	7	4	232108	3959710
INDUSTRY BABY (feat. Jack Harlow)	INDUSTRY BABY (feat. Jack Harlow)	Lil Nas X	[]	2021-07-23	212000.0	70.0	True	True	52	0	13	118427	3924364
Blinding Lights	After Hours	The Weeknd	[]	2020-03-20	200040.0	84.0	False	True	97	0	39	108889	3924240
LƯỚT TRÊN CON SÓNG (feat. Dangrangto)	RAP VIỆT 2024, Tập 11	RAP VIỆT	['vietnamese hip hop', 'v-pop']	2024-11-26	251176.0	55.0	False	True	13	0	27	585958	3894736
Va Vào Giai Điệu Này (feat. RPT MCK)	Rap Việt Tập 15	RAP VIỆT	['vietnamese hip hop', 'v-pop']	2020-11-08	197209.0	42.0	False	True	57	5	2	243669	3880483
Là Anh	Là Anh	Phạm Lịch	['vinahouse', 'v-pop', 'vietnamese lo-fi']	2023-03-10	212395.0	42.0	False	True	22	0	14	361586	3877342
Shinunoga E-Wa	HELP EVER HURT NEVER	Fujii Kaze	['j-pop']	2020-05-20	185573.0	73.0	False	True	36	0	58	139054	3869515
You & Me	JENNIE Special Single [You & Me]	JENNIE	['k-pop']	2023-10-06	179164.0	67.0	False	True	17	1	7	565826	3866101
Bad Decisions (with BTS & Snoop Dogg)	Bad Decisions (with BTS & Snoop Dogg)	benny blanco	[]	2022-08-05	172714.0	62.0	False	True	17	5	1	1026899	3851159
Đi Giữa Trời Rực Rỡ (Original Soundtrack from “Đi Giữa Trời Rực Rỡ”)		SK Pictures							12	0	34	425322	3844994
Yêu Nắm	Yêu Nắm	BigDaddy	['v-pop', 'vietnamese hip hop', 'vinahouse', 'vietnam indie']	2024-02-13	227076.0	47.0	False	True	17	0	26	389753	3843856
Thương Em Là Điều Anh Không Thể Ngờ	Thương Em Là Điều Anh Không Thể Ngờ	Noo Phước Thịnh	['v-pop', 'vinahouse', 'vietnamese lo-fi']	2018-12-18	308458.0	46.0	False	True	130	4	4	37629	3825976
Cắt Đôi Nỗi Sầu	Cắt Đôi Nỗi Sầu	Tăng Duy Tân	['v-pop', 'vinahouse', 'vietnamese lo-fi']	2023-09-27	182000.0	45.0	False	True	17	0	15	400521	3822518
Lửng Lơ	Lửng Lơ	Masew	['v-pop', 'vietnamese hip hop', 'vinahouse', 'vietnamese lo-fi', 'vietnam indie']	2019-04-01	267243.0	51.0	True	True	41	0	135	160862	3817538
Có Em Chờ	Có Em Chờ	MIN	['v-pop', 'vietnamese hip hop', 'vietnamese lo-fi', 'vietnam indie', 'vinahouse']	2020-06-30	234000.0	49.0	False	True	26	0	139	179836	3806113
Có Người	Inner Me	Vũ Cát Tường	['v-pop', 'vietnam indie']	2019-11-30	236000.0	40.0	False	True	84	3	9	77684	3796467
As It Was	Harry's House	Harry Styles	[]	2022-05-20	167303.0	83.0	False	True	52	0	29	112608	3775623
Girl Hà Nội (ft. Dangrangto, Lu, Rem)		SIXTYUPTOWN							21	0	95	257325	3773217
Nâng Chén Tiêu Sầu	Nâng Chén Tiêu Sầu	Bích Phương	['v-pop', 'vietnamese hip hop', 'vietnamese lo-fi', 'vinahouse', 'vietnam indie']	2024-03-08	185277.0	40.0	False	True	14	1	7	663676	3764012
Gieo Quẻ (feat. Đen)	LINK	Hoàng Thùy Linh	['v-pop', 'vietnamese hip hop', 'vinahouse', 'vietnam indie']	2022-08-11	198947.0	42.0	False	True	31	6	1	283351	3742274
Phút Ban Đầu	Phút Ban Đầu	Vũ.	['v-pop', 'vietnam indie', 'vietnamese lo-fi']	2013-03-28	243226.0	46.0	False	True	163	0	49	53519	3728623
Super Shy	NewJeans 'Super Shy'	NewJeans	['k-pop']	2023-07-07	154666.0	75.0	False	True	21	0	12	346998	3727492
MOIEM	MOIEM	Dangrangto	['vietnamese hip hop', 'v-pop']	2024-11-06	191834.0	57.0	False	True	15	0	46	327963	3724674
Yours	Jirisan (Original Television Soundtrack) Pt. 4	Jin	['k-pop']	2021-11-07	264840.0	61.0	False	True	41	3	2	477000	3704263
Forget About Her	KOSMIK	JustaTee	['v-pop', 'vietnamese hip hop', 'vietnam indie', 'vietnamese lo-fi', 'vinahouse']	2022-10-31	217500.0	54.0	False	True	25	0	31	229069	3701940
Shape of You	÷ (Deluxe)	Ed Sheeran	['soft pop']	2017-03-03	233712.0	83.0	False	True	171	0	20	36516	3686513
ON	MAP OF THE SOUL : 7	BTS	['k-pop']	2020-02-21	246380.0	66.0	False	True	68	7	1	332742	3663795
Easy On Me	30	Adele	['soft pop']	2021-11-19	224694.0	79.0	False	True	34	6	1	473784	3650143
Fortnight (feat. Post Malone)	THE TORTURED POETS DEPARTMENT	Taylor Swift	[]	2024-04-18	228965.0	80.0	False	True	13	3	2	868194	3629659
Mười Năm (Lộn Xộn 3)	Mười Năm (Lộn Xộn 3)	Đen	['v-pop', 'vietnamese hip hop', 'vietnam indie', 'vietnamese lo-fi']	2019-02-01	257560.0	53.0	False	True	125	0	17	46196	3616774
Perfect	÷ (Deluxe)	Ed Sheeran	['soft pop']	2017-03-03	263400.0	83.0	False	True	173	0	25	31836	3597185
thay mọi cô gái yêu anh	thay mọi cô gái yêu anh	AMEE	['v-pop', 'vietnamese hip hop', 'vietnam indie', 'vietnamese lo-fi']	2022-02-06	215257.0	43.0	False	True	35	1	6	236837	3568081
MD Anniversary	MD Anniversary	BAN	['v-pop', 'vietnamese hip hop']	2023-10-10	140136.0	45.0	False	True	19	0	52	232861	3551976
Khi Mà	Khi Mà	Ronboogz	['v-pop', 'vietnamese hip hop', 'vietnam indie']	2022-12-12	228630.0	54.0	False	True	25	0	147	205822	3502621
id thang máy (feat. 267)	id thang máy (feat. 267)	W/N	['v-pop', 'vietnamese hip hop', 'vietnamese lo-fi', 'vietnam indie']	2024-07-31	131050.0	47.0	False	True	12	1	10	599202	3492652
Chưa Quên Người Yêu Cũ	Chưa Quên Người Yêu Cũ	Hà Nhi	['v-pop', 'vinahouse', 'vietnamese lo-fi', 'vietnam indie']	2022-08-03	302465.0	45.0	False	True	43	0	36	167488	3482870
Flowers	Endless Summer Vacation	Miley Cyrus	[]	2023-08-18	200600.0	84.0	False	True	18	2	7	299054	3450105
Qua Khung Cửa Sổ	Qua Khung Cửa Sổ	Chillies	['v-pop', 'vietnam indie', 'vietnamese lo-fi', 'vietnamese hip hop']	2021-05-05	299090.0	38.0	False	True	44	2	4	204370	3443768
Có Không Giữ Mất Đừng Tìm	Có Không Giữ Mất Đừng Tìm	Trúc Nhân	['v-pop', 'vietnam indie']	2022-05-12	215908.0	41.0	False	True	29	4	5	259784	3440230
Ngày Tận Thế (feat. Da LAB, Touliver)	Ngày Tận Thế (feat. Da LAB, Touliver)	Tóc Tiên	['v-pop', 'vietnamese lo-fi', 'vietnam indie', 'vietnamese bolero']	2020-02-21	232166.0	40.0	False	True	79	0	15	102974	3439536
Still With You	Still With You	Jung Kook	['k-pop']	2020-06-05	239905.0	74.0	False	True	16	3	3	677562	3431202
ĐẦU ĐỘI SỪNG (feat. Quân A.P, HURRYKNG & Hùng Huỳnh)	"ANH TRAI ""SAY HI"" (Live Stage 2)"	"ANH TRAI ""SAY HI"""	['v-pop', 'vietnamese hip hop']	2024-08-06	213818.0	46.0	False	True	17	0	48	308446	3425109
Mot Dem Say (X)	Mot Dem Say (X)	Thịnh Suy	['v-pop', 'vietnam indie', 'vietnamese lo-fi']	2019-06-11	233713.0	50.0	False	True	34	0	71	139557	3424228
Lạc Vào Trong Mơ	Lạc Vào Trong Mơ	SimonC	['v-pop', 'vietnamese lo-fi', 'vinahouse']	2022-04-08	172774.0	40.0	False	True	43	0	56	136857	3422626
Girls Like You	Red Pill Blues (Deluxe)	Maroon 5	['pop']	2018-06-15	215229.0	65.0	True	True	114	18	2	46474	3421161
ngủ một mình (tình rất tình)	ngủ một mình (tình rất tình)	HIEUTHUHAI	['v-pop', 'vietnamese hip hop', 'vietnamese lo-fi', 'vietnam indie', 'vinahouse']	2022-12-15	192000.0	58.0	False	True	27	0	21	200562	3386123
Hương (feat. Negav)	hương	Văn Mai Hương	['v-pop', 'vinahouse', 'vietnamese hip hop', 'vietnam indie']	2021-01-23	210285.0	47.0	False	True	34	3	7	185884	3366413
Dân Chơi Xóm (feat. RPT MCK & JustaTee)	Rap Việt Tập 16	RAP VIỆT	['vietnamese hip hop', 'v-pop']	2020-11-16	153402.0	38.0	False	True	34	6	3	275246	3365626
Here With Me	Petals to Thorns	d4vd	[]	2023-05-26	242484.0	81.0	False	True	34	0	70	137209	3364156
Em Khong The	Em Khong The	Tiên Tiên	['v-pop', 'vietnam indie', 'vinahouse', 'vietnamese lo-fi']	2018-10-27	250773.0	46.0	False	True	128	11	1	98723	3356472
Lily	Different World	Alan Walker	[]	2018-12-14	195840.0	67.0	False	True	111	1	10	41216	3351810
Rockstar	Rockstar	LISA	['k-pop']	2024-06-27	138213.0	77.0	True	True	9	2	8	821784	3316122
Đi Đu Đưa Đi	Đi Đu Đưa Đi	Bích Phương	['v-pop', 'vietnamese hip hop', 'vietnamese lo-fi', 'vinahouse', 'vietnam indie']	2019-08-24	220169.0	36.0	False	True	67	9	5	96000	3314657
LOST!	Right Place, Wrong Person	RM	['k-pop', 'k-rap']	2024-05-24	233013.0	70.0	True	True	9	2	1	1550229	3302204
Việc Nên Làm	GOLDEN BOY	Rocky CDE	['vietnamese hip hop', 'v-pop']	2024-01-06	274212.0	53.0	False	True	18	0	95	228851	3288763
Sweet Night	ITAEWON CLASS (Original Television Soundtrack) Pt. 12	V	['k-pop']	2020-03-13	214258.0	66.0	False	True	68	2	1	189261	3259608
Save Your Tears	After Hours	The Weeknd	[]	2020-03-20	215626.0	81.0	True	True	47	0	17	152997	3244522
overtired	overtired	Dab	['v-pop', 'vietnamese hip hop', 'vietnam indie']	2021-10-23	174235.0	46.0	False	True	34	0	126	153177	3240851
Sweet but Psycho	Heaven & Hell	Ava Max	[]	2020-09-18	187436.0	77.0	False	True	110	0	13	44305	3232325
Say Sóng	Khu Vườn Tình	Tăng Duy Tân	['v-pop', 'vinahouse', 'vietnamese lo-fi']	2024-10-29	206315.0	55.0	False	True	15	0	59	309589	3225177
Lover	Lover	Taylor Swift	[]	2019-08-23	221306.0	81.0	False	True	55	5	2	166762	3224379
Psycho	‘The ReVe Festival’ Finale	Red Velvet	['k-pop']	2019-12-23	210560.0	66.0	False	True	64	9	1	205528	3219700
Always Remember Us This Way	A Star Is Born Soundtrack (Without Dialogue)	Lady Gaga	['art pop', 'pop']	2018-10-05	210200.0	80.0	False	True	109	2	3	102525	3216822
Slow Dancing (Piano Ver.)	Layover	V	['k-pop']	2023-09-08	188093.0	60.0	False	True	12	3	7	562750	3215604
Lilith (feat. SUGA of BTS) (Diablo IV Anthem)	Lilith (feat. SUGA of BTS) (Diablo IV Anthem)	Halsey	[]	2023-06-05	180933.0	57.0	True	True	8	3	4	1111902	3201873
À Lôi	À Lôi	Double2T	['v-pop', 'vietnamese hip hop']	2023-07-14	197333.0	39.0	False	True	17	0	19	276479	3187750
Blue	Layover	V	['k-pop']	2023-09-08	149853.0	63.0	False	True	11	2	4	982650	3186212
luther (with sza)	GNX	Kendrick Lamar	['hip hop', 'west coast hip hop']	2024-11-22	177598.0	89.0	False	True	13	0	30	500913	3158986
abcdefu	abcdefu	GAYLE	[]	2021-08-13	168601.0	70.0	True	True	31	1	10	142359	3147222
Attention	NewJeans 1st EP 'New Jeans'	NewJeans	['k-pop']	2022-08-01	180066.0	71.0	False	True	29	0	13	194479	3141528
Mang Tiền Về Cho Mẹ	Mang Tiền Về Cho Mẹ	Đen	['v-pop', 'vietnamese hip hop', 'vietnam indie', 'vietnamese lo-fi']	2022-01-04	405360.0	47.0	False	True	34	4	3	386620	3134767
Nàng Thơ	25	Hoàng Dũng	['v-pop', 'vietnam indie', 'vietnamese lo-fi', 'vietnamese hip hop']	2020-12-16	254476.0	49.0	False	True	19	16	2	206344	3134620
On My Way	On My Way	Alan Walker	[]	2019-03-21	193797.0	69.0	True	True	81	7	4	63761	3120685
deja vu	SOUR	Olivia Rodrigo	[]	2021-05-21	215506.0	80.0	True	True	61	0	40	109160	3118711
Tình Bạn Diệu Kỳ	Tình Bạn Diệu Kỳ	Ricky Star	['v-pop', 'vietnamese hip hop', 'vietnam indie']	2021-02-23	203666.0	27.0	False	True	26	5	2	314820	3102774
two years	rosie	ROSÉ	['k-pop']	2024-12-06	167748.0	71.0	False	True	11	0	26	649340	3093822
Can We Kiss Forever?	Can We Kiss Forever?	Kina	[]	2018-08-31	187931.0	67.0	False	True	61	0	14	67802	3088662
Là Do Em Xui Thôi	Là Do Em Xui Thôi	Khói	['vietnamese hip hop', 'v-pop', 'vietnamese lo-fi', 'vietnam indie']	2020	290366.0	35.0	False	True	40	0	85	103284	3084944
LÀN ƯU TIÊN	LÀN ƯU TIÊN	MOPIUS	['v-pop']	2024-12-03	203428.0	56.0	False	True	11	0	51	364302	3058060
girls like me don't cry	girls like me don't cry	thủy	[]	2022-10-06	213640.0	62.0	False	True	25	0	25	160647	3056486
Chúng Ta Sau Này	Chúng Ta Sau Này	T.R.I	['v-pop', 'vietnamese lo-fi', 'vietnam indie', 'vietnamese hip hop']	2021-01-29	211200.0	51.0	False	True	61	0	73	67895	3055293
Baby Gọi Cho Anh (feat. CAPTAIN & UMIE)	Rap Việt Mùa 3 - Vòng 2	RAP VIỆT	['vietnamese hip hop', 'v-pop']	2023-08-09	178252.0	44.0	False	True	14	1	8	380466	3051108
không một bài hát nào có thể diễn tả cảm xúc của em lúc này. (feat. Thanh Bui)	LINK	Hoàng Thùy Linh	['v-pop', 'vietnamese hip hop', 'vinahouse', 'vietnam indie']	2022-08-11	240500.0	36.0	False	True	28	1	7	245154	3035667
Ice Cream (with Selena Gomez)	THE ALBUM	BLACKPINK	['k-pop']	2020-10-02	175813.0	59.0	False	True	42	8	2	304673	3019568
Lý Do Nào Để Quay Lại Với Nhau	Lý Do Nào Để Quay Lại Với Nhau	PAR SG	['vietnamese hip hop', 'vietnamese lo-fi', 'v-pop', 'vietnam indie']	2022-05-20	116142.0	53.0	False	True	28	0	104	133816	3017900
thật quá đáng.. để yêu	thật quá đáng.. để yêu	NICKY	['v-pop', 'vietnam indie', 'vietnamese hip hop']	2024-10-09	186000.0	51.0	False	True	13	0	71	308995	3012506
For Us	Layover	V	['k-pop']	2023-09-08	171160.0	64.0	False	True	11	2	5	801237	2998241
lovely (with Khalid)	lovely (with Khalid)	Billie Eilish	[]	2018-04-19	200185.0	83.0	False	True	147	0	37	33953	2995295
Shay nắnggg	Shay nắnggg	AMEE	['v-pop', 'vietnamese hip hop', 'vietnam indie', 'vietnamese lo-fi']	2022-06-06	208301.0	48.0	False	True	37	0	13	206182	2993408
WALK (feat. HURRYKNG, HIEUTHUHAI, Negav, Pháp Kiều & Isaac)	"ANH TRAI ""SAY HI"", Tập 10"	"ANH TRAI ""SAY HI"""	['v-pop', 'vietnamese hip hop']	2024-08-18	232258.0	47.0	False	True	14	0	41	321176	2986058
Không Phải Gu	Ai Cũng Phải Bắt Đầu Từ Đâu Đó	HIEUTHUHAI	['v-pop', 'vietnamese hip hop', 'vietnamese lo-fi', 'vietnam indie', 'vinahouse']	2023-10-16	201407.0	52.0	True	True	20	0	51	222562	2970902
MONTERO (Call Me By Your Name)	MONTERO	Lil Nas X	[]	2021-09-17	137704.0	71.0	True	True	44	0	21	142797	2957649
SHEESH	BABYMONS7ER	BABYMONSTER	['k-pop']	2024-04-01	170356.0	74.0	False	True	15	0	45	296478	2941134
Snowman	Everyday Is Christmas (Deluxe Edition)	Sia	[]	2018-11-01	165900.0	77.0	False	True	34	0	22	205560	2939338
Một Năm Mới Bình An	m-tp M-TP	Sơn Tùng M-TP	['v-pop', 'vinahouse', 'vietnamese hip hop']	2017-04-01	247196.0	55.0	False	True	16	0	19	581312	2929790
Và Ngày Nào Đó	Và Ngày Nào Đó	Trung Quân	['v-pop', 'vietnam indie', 'vietnamese lo-fi']	2022-09-13	262311.0	40.0	False	True	32	0	68	105857	2927358
Don't Start Now	Future Nostalgia	Dua Lipa	['pop']	2020-03-27	183290.0	77.0	False	True	63	5	3	108874	2911792
3am	rosie	ROSÉ	['k-pop']	2024-12-06	154050.0	72.0	False	True	11	0	34	576294	2907661
VỀ QUÊ (feat. Mikelodic & Đặng Thái Bình)	Rap Việt Mùa 3 (2023) - Tập 3	RAP VIỆT	['vietnamese hip hop', 'v-pop']	2023-06-11	177230.0	34.0	False	True	16	0	25	246754	2895584
Đường Một Chiều	Đường Một Chiều	Huỳnh Tú	['v-pop', 'vietnamese hip hop', 'vietnam indie', 'vietnamese lo-fi']	2022-08-17	287021.0	47.0	False	True	67	0	114	145160	2886100
Một Ngày Chẳng Nắng	Một Ngày Chẳng Nắng	Pháo	['v-pop', 'vinahouse', 'vietnamese hip hop']	2023-04-28	192997.0	40.0	False	True	20	0	46	201152	2875331
"Hẹn Một Mai - From"" 4 Năm 2 Chàng 1 Tình Yêu"""	"Hẹn Một Mai (From"" 4 Năm 2 Chàng 1 Tình Yêu"")"	Bùi Anh Tuấn	['v-pop', 'vietnamese lo-fi']	2024-03-04	259915.0	50.0	False	True	20	0	109	174790	2856101
gameboy	rosie	ROSÉ	['k-pop']	2024-12-06	166742.0	72.0	False	True	11	0	35	574024	2850864
Bắt Cóc Con Tim	Bắt Cóc Con Tim	Lou Hoàng	['v-pop', 'vinahouse', 'vietnamese lo-fi']	2022-06-30	197549.0	40.0	False	True	24	4	9	224464	2850383
Càng Cua	Càng Cua	Low G	['vietnamese hip hop', 'v-pop', 'vietnam indie']	2022-02-03	139813.0	45.0	False	True	26	0	66	139759	2849939
stay a little longer	rosie	ROSÉ	['k-pop']	2024-12-06	246606.0	73.0	False	True	11	0	36	557369	2841058
Từng Ngày Yêu Em	Từng Ngày Như Mãi Mãi	buitruonglinh	['v-pop', 'vietnamese lo-fi', 'vietnam indie', 'vinahouse']	2024-12-12	225882.0	61.0	False	True	7	0	19	606924	2837932
good 4 u	SOUR	Olivia Rodrigo	[]	2021-05-21	178146.0	78.0	True	True	49	0	19	137805	2836303
I'll Be There	I'll Be There	Jin	['k-pop']	2024-10-25	181677.0	73.0	False	True	3	2	5	1433598	2821049
Unholy (feat. Kim Petras)	Unholy (feat. Kim Petras)	Sam Smith	['soft pop']	2022-09-22	156943.0	74.0	False	True	27	0	38	151343	2817327
NGÂN	FLVR	tlinh	['v-pop', 'vietnamese hip hop', 'vietnam indie', 'vietnamese lo-fi', 'vinahouse']	2024-09-18	158905.0	52.0	False	True	11	0	42	390732	2815143
Hoa Hải Đường	Hoa Hải Đường	Jack - J97	['v-pop', 'vietnamese lo-fi', 'vinahouse']	2020-09-22	229589.0	44.0	False	True	51	1	7	126072	2812940
Em Bé	Em Bé	AMEE	['v-pop', 'vietnamese hip hop', 'vietnam indie', 'vietnamese lo-fi']	2020-09-22	192000.0	48.0	False	True	57	0	48	133343	2811427
Her Summer	Her Summer	Vũ.	['v-pop', 'vietnam indie', 'vietnamese lo-fi']	2019-07-18	224589.0	39.0	False	True	85	4	3	112428	2787333
Em Hát Ai Nghe	Em Hát Ai Nghe	Orange	['v-pop', 'vietnamese hip hop', 'vietnamese lo-fi', 'vietnam indie', 'vinahouse']	2021-08-18	279152.0	48.0	False	True	48	0	32	87729	2786838
dance all night	rosie	ROSÉ	['k-pop']	2024-12-06	214950.0	70.0	False	True	11	0	46	452271	2785474
Creepin' (with The Weeknd & 21 Savage)	HEROES & VILLAINS	Metro Boomin	[]	2022-12-02	221520.0	78.0	True	True	27	0	53	127075	2783263
Cheri Cheri Lady	Cheri Cheri Lady	Maléna	[]	2022-10-31	143227.0	37.0	False	True	21	0	32	227046	2781649
For Youth	Proof	BTS	['k-pop']	2022-06-10	264480.0	60.0	False	True	14	4	3	1077497	2769912
Lời Đường Mật		Artist Page Redirect Cleanup 2023							44	0	29	99226	2763678
Đúng Cũng Thành Sai	Đúng Cũng Thành Sai	Mỹ Tâm	['v-pop', 'vietnamese bolero', 'vietnam indie']	2020-10-01	287359.0	43.0	False	True	59	0	15	110063	2763657
Sunflower - Spider-Man: Into the Spider-Verse	Spider-Man: Into the Spider-Verse (Soundtrack From & Inspired by the Motion Picture)	Post Malone	[]	2018-12-14	158040.0	77.0	False	True	94	8	4	113046	2755108
TUYẾT TRÊN PHỐ (feat. Gill)	RAP VIỆT 2024, Tập 2	RAP VIỆT	['vietnamese hip hop', 'v-pop']	2024-09-30	222800.0	50.0	False	True	13	0	69	278339	2734661
Gene	Gene	Binz	['vietnamese hip hop', 'v-pop', 'vinahouse', 'vietnam indie']	2019-05-12	228000.0	39.0	False	True	82	0	43	56602	2733258
Paint The Town Red	Paint The Town Red	Doja Cat	[]	2023-08-04	231750.0	75.0	True	True	16	0	24	299187	2728062
Daechwita	D-2	Agust D	['k-pop', 'k-rap']	2020-05-22	225668.0	71.0	True	True	22	3	1	554436	2716931
Vừa Hận Vừa Yêu	Vừa Hận Vừa Yêu	Trung Tu	['v-pop', 'vietnamese lo-fi', 'vinahouse']	2024-06-25	157239.0	43.0	False	True	11	0	24	382008	2715475
Băng Qua Cầu Giấy	THE WXRDIES	Wxrdie	['vietnamese hip hop', 'v-pop']	2024-11-12	206162.0	52.0	True	True	12	0	41	378885	2693304
Unstoppable	This Is Acting	Sia	[]	2016-01-29	217746.0	76.0	False	True	53	0	68	74936	2687844
So Close	So Close	Binz	['vietnamese hip hop', 'v-pop', 'vinahouse', 'vietnam indie']	2019-08-24	199578.0	37.0	False	True	86	0	55	44441	2685847
Cupid (Twin Ver.) - Live Studio Version OT4	The Beginning	FIFTY FIFTY	['k-pop']	2023-09-22	174116.0	72.0	False	True	15	0	26	270598	2672661
All I Want for Christmas Is You	Merry Christmas	Mariah Carey	['christmas']	1994-10-28	241106.0	77.0	False	True	35	1	10	197932	2669032
Trương Đình Hoàng	VANLOVE	Lil Van	['vietnamese hip hop', 'v-pop']	2024-04-17	219036.0	54.0	False	True	10	0	39	416460	2668044
Light Switch	CHARLIE	Charlie Puth	['soft pop', 'pop']	2022-10-06	187703.0	67.0	False	True	33	0	14	175740	2667964
Pretty Savage	THE ALBUM	BLACKPINK	['k-pop']	2020-10-02	199122.0	62.0	False	True	45	3	2	411896	2641628
Dancing With Your Ghost	Dancing With Your Ghost	Sasha Alex Sloan	[]	2019-06-28	197732.0	73.0	False	True	84	0	81	38654	2635550
Happy For You (feat. Vũ.)	Happy For You (feat. Vũ.)	Lukas Graham	[]	2021-07-02	226402.0	34.0	False	True	33	4	1	327185	2628013
Tái Sinh	MULTIVERSE	Tùng Dương	['v-pop', 'vietnam indie']	2024-11-16	240000.0	56.0	False	True	11	0	76	291826	2624414
Người Hãy Quên Em Đi	Tâm 9	Mỹ Tâm	['v-pop', 'vietnamese bolero', 'vietnam indie']	2017-12-06	232481.0	43.0	False	True	101	19	1	97339	2624072
Woman	Planet Her	Doja Cat	[]	2021-06-25	172626.0	79.0	True	True	50	0	43	81607	2619222
Tally	BORN PINK	BLACKPINK	['k-pop']	2022-09-16	184248.0	61.0	True	True	18	1	8	551125	2612754
Đau Nhất Là Lặng Im	Đau Nhất Là Lặng Im	ERIK	['v-pop', 'vietnamese lo-fi', 'vinahouse', 'vietnam indie']	2022-02-17	286153.0	49.0	False	True	17	3	3	295145	2602486
Mời Em	THE WXRDIES	Wxrdie	['vietnamese hip hop', 'v-pop']	2024-11-12	203687.0	57.0	True	True	11	0	69	283176	2601511
Astronaut In The Ocean	Astronaut In The Ocean	Masked Wolf	[]	2021-01-06	132780.0	67.0	True	True	31	0	18	146740	2600729
đứa nào làm em buồn?	đứa nào làm em buồn?	Phuc Du	['vietnamese hip hop', 'v-pop', 'vietnamese lo-fi', 'vinahouse', 'vietnam indie']	2022-08-08	252539.0	39.0	False	True	22	1	3	293810	2600591
Heather	Kid Krow	Conan Gray	[]	2020-03-20	198040.0	81.0	False	True	65	0	62	180923	2597934
too bad for us	rosie	ROSÉ	['k-pop']	2024-12-06	236248.0	69.0	False	True	11	0	39	477061	2575078
Đi Để Trở Về	Đi Để Trở Về	SOOBIN	['v-pop', 'vietnamese hip hop', 'vietnamese lo-fi', 'vietnam indie', 'vinahouse']	2017-01-17	202084.0	55.0	False	True	19	0	45	352882	2574824
Think About U	Think About U	Kay Chau Anh	['v-pop']	2024-11-11	172015.0	54.0	False	True	13	0	102	251298	2562484
Past Lives	Past Lives	Jasper	['lo-fi']	2020-09-26	99310.0	33.0	False	True	50	0	73	72628	2558626
Pano	Pano	Zack Tabudlo	['opm', 'harana', 'p-pop', 'kundiman', 'pinoy r&b', 'pinoy indie']	2021-12-06	254400.0	64.0	False	True	21	0	16	179599	2556477
"Nhắm Mắt Thấy Mùa Hè - From ""Nhắm Mắt Thấy Mùa Hè"""	"Nhắm Mắt Thấy Mùa Hè (From ""Nhắm Mắt Thấy Mùa Hè"")"	Nguyên Hà	['v-pop', 'vietnam indie']	2018	282857.0	47.0	False	True	84	0	71	43265	2552841
Sau Lưng Anh Có Ai Kìa	Sau Lưng Anh Có Ai Kìa	Thiều Bảo Trâm	['v-pop', 'vietnamese lo-fi']	2022-04-11	302640.0	41.0	False	True	26	2	5	216673	2545636
yêu thì yêu không yêu thì yêu	dreaAMEE	AMEE	['v-pop', 'vietnamese hip hop', 'vietnam indie', 'vietnamese lo-fi']	2020-06-20	190285.0	36.0	False	True	42	2	7	124393	2544289
Hôm Nay Tôi Buồn - Remastered 2023	Hôm Nay Tôi Buồn (The 5th Anniversary)	Phùng Khánh Linh	['v-pop', 'vietnam indie', 'city pop']	2023-02-01	275820.0	41.0	False	True	138	0	13	31844	2504703
Stuck with U (with Justin Bieber)	Stuck with U	Ariana Grande	['pop']	2020-05-08	228482.0	76.0	False	True	62	6	3	144945	2502500
Ai Đưa Em Về	Ai Đưa Em Về	TIA	['v-pop', 'vietnamese lo-fi', 'vietnam indie', 'vinahouse', 'vietnamese hip hop']	2019-06-20	233249.0	45.0	False	True	81	0	69	61188	2500994
Đi Qua Mùa Hạ	Đi Qua Mùa Hạ	Thái Đinh	['vietnam indie', 'v-pop']	2019-07-14	283262.0	41.0	False	True	89	0	95	45685	2500271
Chưa Được Yêu Như Thế	Chỉ Có Thể Là Anh	TRANG	['vietnam indie', 'v-pop']	2022-06-18	254000.0	49.0	False	True	15	0	61	239626	2496835
Là Từ Lúc (Since)	Là Từ Lúc (Since)	Nguyễn Minh Xuân Ái	['v-pop', 'vietnam indie']	2021-03-02	266657.0	47.0	False	True	17	0	97	188570	2495987
Vệ Tinh (Live at GENfest 24)	HIEUTHUHAI (Live at GENfest 24)	HIEUTHUHAI	['v-pop', 'vietnamese hip hop', 'vietnamese lo-fi', 'vietnam indie', 'vinahouse']	2025-02-24	170709.0	0.0	False	True	31	0	90	104519	2483767
Quyền Anh	LOI CHOI: The Neo Pop Punk	Wren Evans	['v-pop', 'vietnam indie', 'vietnamese hip hop', 'vietnamese lo-fi', 'vinahouse']	2023-12-17	179008.0	40.0	False	True	10	0	35	410135	2481942
on the street (solo version)	HOPE ON THE STREET VOL.1	j-hope	['k-pop', 'k-rap']	2024-03-29	191602.0	63.0	False	True	11	1	2	662260	2474656
Shivers	=	Ed Sheeran	['soft pop']	2021-10-25	207853.0	79.0	False	True	37	1	10	134954	2461051
Sau Này, Hãy Gặp Lại Nhau Khi Hoa Nở	Hôm Qua Hôm Nay Và Sau Này	Nguyên Hà	['v-pop', 'vietnam indie']	2020-10-06	276480.0	37.0	False	True	59	1	9	87875	2460023
Người Ta Có Thương Mình Đâu	Người Ta Có Thương Mình Đâu	Trúc Nhân	['v-pop', 'vietnam indie']	2018-07-17	228121.0	39.0	False	True	109	7	2	45521	2453327
BLACKJACK	The Playah	SOOBIN	['v-pop', 'vietnamese hip hop', 'vietnamese lo-fi', 'vietnam indie', 'vinahouse']	2020-12-15	196742.0	39.0	False	True	30	4	6	195835	2439008
"Ngày Chưa Giông Bão (Theme Song From ""Người Bất Tử"")"	"Ngày Chưa Giông Bão (Theme Song From ""Người Bất Tử"")"	Bùi Lan Hương	['v-pop', 'vietnam indie']	2018-10-18	212000.0	42.0	False	True	100	0	12	55072	2434055
Moonlit Floor (Kiss Me)	Moonlit Floor (Kiss Me)	LISA	['k-pop']	2024-10-03	155757.0	79.0	False	True	8	0	34	437426	2430938
Tình Nào Không Như Tình Đầu	Tình Nào Không Như Tình Đầu	Trung Quân	['v-pop', 'vietnam indie', 'vietnamese lo-fi']	2020-03-09	281960.0	37.0	False	True	43	1	10	113600	2425034
Từng Là Của Nhau	Từng Là Của Nhau	Bảo Anh	['v-pop', 'vietnamese lo-fi', 'vinahouse', 'vietnamese bolero', 'vietnam indie']	2022-08-30	269473.0	42.0	False	True	25	0	12	204511	2420762
id 2022 (feat. 267)	id 2022 (feat. 267)	W/N	['v-pop', 'vietnamese hip hop', 'vietnamese lo-fi', 'vietnam indie']	2023-12-31	242401.0	47.0	False	True	14	0	61	269936	2418939
The Planet	The Planet	BTS	['k-pop']	2023-05-12	178156.0	58.0	False	True	7	1	2	1016271	2413585
Thấy Chưa	Gieo	Ngọt	['vietnam indie', 'v-pop', 'vietnamese hip hop']	2022-11-25	232204.0	48.0	False	True	29	0	43	137242	2411587
That That (prod.&feat. SUGA of BTS)	PSY 9th	PSY	['k-pop']	2022-04-29	174646.0	66.0	False	True	10	4	2	1008814	2411142
Một Mình Có Buồn Không (feat. Lou Hoàng)	Một Mình Có Buồn Không	Thiều Bảo Trâm	['v-pop', 'vietnamese lo-fi']	2020-10-21	266285.0	35.0	False	True	28	2	7	167393	2403732
Girl Of My Dreams (with SUGA of BTS)	Fighting Demons (Deluxe)	Juice WRLD	['melodic rap', 'emo rap']	2022-03-18	226149.0	61.0	True	True	21	3	1	498962	2402077
Tình Yêu Vĩ Mô	LOI CHOI: The Neo Pop Punk	Wren Evans	['v-pop', 'vietnam indie', 'vietnamese hip hop', 'vietnamese lo-fi', 'vinahouse']	2023-12-17	183529.0	39.0	False	True	10	0	36	405829	2396239
Santa Tell Me	Santa Tell Me	Ariana Grande	['pop']	2014-11-24	204093.0	74.0	False	True	31	0	14	168632	2396133
Chập Chờn	Dữ Liệu Quý	Dương Domic	['v-pop', 'vietnamese hip hop']	2024-11-22	192558.0	54.0	False	True	12	0	93	253551	2393466
Yêu Em 2 Ngày	Yêu Em 2 Ngày	Dương Domic	['v-pop', 'vietnamese hip hop']	2024-03-08	224117.0	54.0	False	True	14	0	123	215716	2391927
Mad at Disney	(MORE) Unsponsored Content	salem ilese	[]	2022-10-07	136838.0	62.0	False	True	49	0	30	70248	2382911
BAO LỜI CON CHƯA NÓI (feat. Dương Domic, Anh Tú Atus, Song Luân, Quang Trung & Anh Tú)	"ANH TRAI ""SAY HI"" (Live Stage 4)"	"ANH TRAI ""SAY HI"""	['v-pop', 'vietnamese hip hop']	2024-08-26	333000.0	49.0	False	True	13	0	59	274641	2381098
Hẹn Ước Từ Hư Vô - Live	Hẹn Ước Từ Hư Vô (Live)	Mỹ Tâm	['v-pop', 'vietnamese bolero', 'vietnam indie']	2022-03-02	247553.0	43.0	False	True	29	0	13	173349	2380351
Bùa Yêu	Dramatic	Bích Phương	['v-pop', 'vietnamese hip hop', 'vietnamese lo-fi', 'vinahouse', 'vietnam indie']	2018-11-21	241649.0	39.0	False	True	111	19	1	90792	2358694
White Christmas (with V of BTS)	White Christmas (with V of BTS)	V	['k-pop']	2024-12-06	173033.0	72.0	False	True	3	1	5	1716780	2352002
Em Đã Biết (feat. Rtee)	Em Đã Biết	SUNI	['v-pop', 'vietnam indie', 'vietnamese lo-fi', 'vinahouse']	2016-03-17	261321.0	43.0	False	True	34	0	100	116688	2350654
I Like Me Better	I met you when I was 18. (the playlist)	Lauv	[]	2018-05-31	197436.0	80.0	False	True	122	0	40	30703	2347342
Agora Hills	Scarlet	Doja Cat	[]	2023-09-22	265360.0	73.0	True	True	17	0	82	180664	2342914
Heartbreak Anniversary	TAKE TIME	GIVĒON	['r&b']	2020-03-27	198370.0	76.0	False	True	46	0	39	102795	2340851
Anh Muốn Nhìn Thấy Em	Anh Muốn Nhìn Thấy Em	The Wind	['v-pop', 'vietnamese hip hop']	2023-07-27	212000.0	56.0	False	True	10	0	78	276313	2336525
một bài hát không vui mấy - Extended Version	một bài hát không vui mấy (Extended Version)	T.R.I	['v-pop', 'vietnamese lo-fi', 'vietnam indie', 'vietnamese hip hop']	2024-12-24	235315.0	59.0	False	True	7	0	36	423481	2317484
Tell the kids i love them	Đánh Đổi	Obito	['v-pop', 'vietnamese hip hop', 'vietnam indie']	2023-10-10	224175.0	55.0	True	True	14	0	125	207708	2310131
Em Mới Là Người Yêu Anh	Em Mới Là Người Yêu Anh	MIN	['v-pop', 'vietnamese hip hop', 'vietnamese lo-fi', 'vietnam indie', 'vinahouse']	2021-06-08	228979.0	45.0	False	True	95	14	1	69970	2309328
Đom Đóm	Đom Đóm	Jack - J97	['v-pop', 'vietnamese lo-fi', 'vinahouse']	2020-12-26	324949.0	40.0	False	True	35	2	7	182021	2308163
Dangerously	Nine Track Mind	Charlie Puth	['soft pop', 'pop']	2016-01-29	199133.0	60.0	False	True	22	0	87	143445	2305605
Để Anh Một Mình (feat. Quang Anh Rhyder)	Rap Việt Mùa 3 - Vòng 1	RAP VIỆT	['vietnamese hip hop', 'v-pop']	2023-07-21	192000.0	44.0	False	True	17	0	50	183099	2299459
I Don't Care (with Justin Bieber)	No.6 Collaborations Project	Ed Sheeran	['soft pop']	2019-07-12	219946.0	70.0	False	True	60	7	2	92425	2292482
Daylight	Daylight	David Kushner	[]	2023-04-14	212953.0	78.0	False	True	22	0	111	124110	2287170
So Am I	Heaven & Hell	Ava Max	[]	2020-09-18	183026.0	66.0	False	True	85	0	21	32550	2285770
After LIKE	After LIKE	IVE	['k-pop']	2022-08-22	176973.0	68.0	False	True	25	0	15	197020	2283528
Cô Đơn Trên Sofa	Cô Đơn Trên Sofa	Hồ Ngọc Hà	['v-pop', 'vinahouse']	2022-10-19	263362.0	42.0	False	True	22	0	58	132735	2277357
Querry	Querry	QNT	['vietnamese hip hop', 'v-pop', 'vietnam indie', 'vietnamese lo-fi']	2022-01-06	230663.0	44.0	False	True	30	0	34	119703	2258024
Perfect Night	Perfect Night	LE SSERAFIM	['k-pop']	2023-10-27	159080.0	74.0	False	True	17	0	101	153910	2257225
Come back to me	Right Place, Wrong Person	RM	['k-pop', 'k-rap']	2024-05-24	388960.0	62.0	False	True	4	2	1	1288680	2251079
Cô Ta	Một Vạn Năm	Vũ.	['v-pop', 'vietnam indie', 'vietnamese lo-fi']	2022-09-09	214500.0	41.0	False	True	19	1	10	235390	2244727
I'm a Mess	Expectations	Bebe Rexha	[]	2018-06-22	195519.0	65.0	False	True	112	0	20	29237	2241688
Tình Yêu Xanh Lá (Juju)	gop	Thịnh Suy	['v-pop', 'vietnam indie', 'vietnamese lo-fi']	2020-11-16	179000.0	42.0	False	True	32	0	17	121506	2234767
Lời Nói Dối Sau Nụ Cười - Piano version	Lời Nói Dối Sau Nụ Cười (Piano Version)	Hồ Tuấn Phúc	['v-pop']	2022-05-15	264193.0	6.0	False	True	19	2	2	336755	2228885
not the same	rosie	ROSÉ	['k-pop']	2024-12-06	184006.0	68.0	False	True	10	0	40	470660	2224753
Blue & Grey	BE	BTS	['k-pop']	2020-11-20	254950.0	59.0	False	True	46	1	5	241514	2218204
I.F.L.Y.	Soul Searching	Bazzi	[]	2019-08-09	165714.0	64.0	True	True	70	0	19	47765	2215344
call it the end	rosie	ROSÉ	['k-pop']	2024-12-06	141141.0	68.0	False	True	10	0	47	445639	2213528
Vì Điều Gì	Từng Ngày Như Mãi Mãi	buitruonglinh	['v-pop', 'vietnamese lo-fi', 'vietnam indie', 'vinahouse']	2024-12-12	153383.0	56.0	False	True	9	0	75	286428	2206432
Nhạc Trap Căng Nhất 2023	420ent.	Wxrdie	['vietnamese hip hop', 'v-pop']	2023-04-20	213523.0	42.0	True	True	17	0	116	150185	2204589
Don't Know What To Do	Kill This Love	BLACKPINK	['k-pop']	2019-04-05	201081.0	57.0	False	True	79	2	2	105529	2188068
wherever u r (ft. V of BTS)	wherever u r (ft. V of BTS)	UMI	[]	2023-12-30	153034.0	62.0	False	True	5	1	6	1076639	2180338
nữ siêu anh hùng	ái	tlinh	['v-pop', 'vietnamese hip hop', 'vietnam indie', 'vietnamese lo-fi', 'vinahouse']	2023-08-16	211436.0	48.0	False	True	15	0	40	237576	2175684
Dancing With A Stranger (with Normani)	Love Goes	Sam Smith	['soft pop']	2020-10-30	171029.0	73.0	False	True	85	8	5	38939	2173818
Born Singer	Proof	BTS	['k-pop']	2022-06-10	238628.0	57.0	False	True	11	2	4	879045	2166867
ME! (feat. Brendon Urie of Panic! At The Disco)	Lover	Taylor Swift	[]	2019-08-23	193000.0	70.0	False	True	63	5	4	70144	2163286
SPOT!	SPOT!	ZICO	['k-rap', 'k-pop']	2024-04-26	167706.0	73.0	False	True	8	0	11	446843	2151826
DNA	Love Yourself 承 'Her'	BTS	['k-pop']	2017-09-18	223122.0	65.0	False	True	104	1	8	223231	2149189
Don't Break My Heart	Don't Break My Heart	Binz	['vietnamese hip hop', 'v-pop', 'vinahouse', 'vietnam indie']	2022-03-14	237600.0	40.0	False	True	18	2	6	281103	2149106
Levitating (feat. DaBaby)	Future Nostalgia	Dua Lipa	['pop']	2020-03-27	203064.0	76.0	False	True	45	0	54	83316	2144709
Bất Bình Thường	Bất Bình Thường	WHEE!	['vietnam indie', 'v-pop', 'vietnamese lo-fi']	2023-07-28	208518.0	36.0	False	True	28	0	81	96029	2132666
Sợ Rằng Em Biết Anh Còn Yêu Em	Sợ Rằng Em Biết Anh Còn Yêu Em	JUUN D	['v-pop', 'vietnamese lo-fi', 'vietnam indie', 'vietnamese hip hop']	2020-02-07	322504.0	41.0	False	True	69	0	101	40761	2130608
LOVE DIVE	LOVE DIVE	IVE	['k-pop']	2022-04-05	177186.0	68.0	False	True	32	0	17	138062	2130223
Nơi Mình Dừng Chân (Nhạc Phim Chị Trợ Lý Của Anh)	Nơi Mình Dừng Chân (Nhạc Phim Chị Trợ Lý Của Anh)	Mỹ Tâm	['v-pop', 'vietnamese bolero', 'vietnam indie']	2019-01-25	242093.0	43.0	False	True	66	0	62	38105	2115990
Wild Flower (with youjeen)	Indigo	RM	['k-pop', 'k-rap']	2022-12-02	273499.0	71.0	False	True	16	1	4	328725	2111194
Tình Yêu Ngủ Quên	Tình Yêu Ngủ Quên	Hoàng Tôn	['v-pop', 'vietnamese hip hop', 'vinahouse']	2021-06-12	177600.0	43.0	False	True	39	0	57	76921	2099991
I'm Still Loving You	I'm Still Loving You	Noo Phước Thịnh	['v-pop', 'vinahouse', 'vietnamese lo-fi']	2019-11-13	200000.0	30.0	False	True	57	2	6	94591	2093232
Freaky Squad (feat. Touliver)	Freaky Squad (feat. Touliver)	Rhymastic	['v-pop', 'vietnamese hip hop', 'vietnam indie', 'vinahouse', 'vietnamese lo-fi']	2021-11-30	196800.0	36.0	False	True	33	0	39	93749	2084587
Sucker	Happiness Begins	Jonas Brothers	[]	2019-06-07	181026.0	74.0	False	True	67	5	5	51812	2084526
Chạy Về Khóc Với Anh	Chạy Về Khóc Với Anh	ERIK	['v-pop', 'vietnamese lo-fi', 'vinahouse', 'vietnam indie']	2022-01-26	223658.0	51.0	False	True	25	0	12	175850	2080029
Film out	Film out	BTS	['k-pop']	2021-04-01	214620.0	59.0	False	True	34	1	8	215308	2075087
Nơi Mình Dừng Chân (Nhạc Phim Chị Trợ Lý Của Anh)	Nơi Mình Dừng Chân (Nhạc Phim Chị Trợ Lý Của Anh)	Mỹ Tâm	['v-pop', 'vietnamese bolero', 'vietnam indie']	2019-01-25	242093.0	43.0	False	True	55	11	3	59846	2068720
Neva Play (feat. RM of BTS)	Neva Play (feat. RM of BTS)	Megan Thee Stallion	[]	2024-09-06	157173.0	67.0	True	True	5	1	5	993862	2059535
Lối Chơi (Interlude)	LOI CHOI: The Neo Pop Punk	Wren Evans	['v-pop', 'vietnam indie', 'vietnamese hip hop', 'vietnamese lo-fi', 'vinahouse']	2023-12-17	142588.0	38.0	False	True	9	0	48	342256	2039087
Sour Candy (with BLACKPINK)	Sour Candy (with BLACKPINK)	Lady Gaga	['art pop', 'pop']	2020-05-28	157706.0	58.0	False	True	27	6	1	391575	2032224
Rolling Down (feat. CAPTAIN)	Rap Việt Mùa 3 (2023) - Tập 13	RAP VIỆT	['vietnamese hip hop', 'v-pop']	2023-08-20	214154.0	44.0	False	True	9	1	6	408928	2029901
Whiplash	Whiplash - The 5th Mini Album	aespa	['k-pop']	2024-10-21	183226.0	74.0	False	True	7	0	36	438344	2028337
Kìa Bóng Dáng Ai	Kìa Bóng Dáng Ai	Pháo	['v-pop', 'vinahouse', 'vietnamese hip hop']	2023-01-12	164266.0	36.0	False	True	16	0	43	176398	2023651
Bóng Phù Hoa	Vũ Trụ Cò Bay	Phương Mỹ Chi	['v-pop', 'vietnamese bolero']	2023-09-18	274620.0	43.0	False	True	12	0	37	235875	2020027
Mood (feat. iann dior)	El Dorado	24kGoldn	[]	2021-03-26	140533.0	74.0	True	True	55	0	66	54802	2015378
"Tự Sự - Original Soundtrack from ""Qua Bển Làm Chi"""	"Tự Sự (Original Soundtrack from ""Qua Bển Làm Chi"")"	Orange	['v-pop', 'vietnamese hip hop', 'vietnamese lo-fi', 'vietnam indie', 'vinahouse']	2022-05-20	257000.0	46.0	False	True	33	0	84	89361	2002989
People Pt.2 (feat. IU)	D-DAY	Agust D	['k-pop', 'k-rap']	2023-04-21	213995.0	62.0	False	True	2	2	1	1258341	2001684
Let's Fall in Love for the Night	Blood Harmony	FINNEAS	[]	2019-10-04	190348.0	66.0	True	True	58	0	45	49729	2001170
Save Your Tears (Remix) (with Ariana Grande) - Bonus Track	After Hours (Deluxe)	The Weeknd	[]	2020-03-20	191013.0	77.0	False	True	37	0	107	82389	1996108
ily (i love you baby) (feat. Emilee)	ily (i love you baby) (feat. Emilee)	Surf Mesa	[]	2019-11-26	176546.0	70.0	False	True	54	0	21	66207	1979280
Chân Mây (Live Performance)	Chân Mây (Live Performance)	K-ICM	['v-pop', 'vinahouse', 'vietnam indie', 'vietnamese lo-fi', 'vietnamese hip hop']	2022-05-30	241713.0	5.0	False	True	13	4	3	257610	1978734
CỨ ĐỂ ANH TA RỜI ĐI (feat. Dương Domic, Quang Hùng MasterD, Lou Hoàng, Song Luân & Bảo Anh)	"ANH TRAI ""SAY HI"", Tập 7"	"ANH TRAI ""SAY HI"""	['v-pop', 'vietnamese hip hop']	2024-08-05	272926.0	44.0	False	True	11	0	66	248911	1974777
Muộn Màng Là Từ Lúc	Tâm 9	Mỹ Tâm	['v-pop', 'vietnamese bolero', 'vietnam indie']	2017-12-06	235093.0	44.0	False	True	101	6	7	44105	1974759
FRIENDS	FRIENDS	Marshmello	['edm']	2018-02-09	202620.0	72.0	True	True	117	10	2	60981	1968035
Beautiful People (feat. Khalid)	No.6 Collaborations Project	Ed Sheeran	['soft pop']	2019-07-12	197866.0	66.0	False	True	52	3	9	81181	1963877
Tự Tình 2	Tự Tình 2	Trung Quân	['v-pop', 'vietnam indie', 'vietnamese lo-fi']	2022-09-22	290976.0	36.0	False	True	22	0	27	157416	1940749
Em Đã Thương Người Ta Hơn Anh	Em Đã Thương Người Ta Hơn Anh	Noo Phước Thịnh	['v-pop', 'vinahouse', 'vietnamese lo-fi']	2020-09-09	291781.0	40.0	False	True	31	0	15	105250	1937929
Có Chơi Có Chịu	421	Karik	['v-pop', 'vietnamese hip hop', 'vietnam indie', 'vietnamese lo-fi', 'vinahouse']	2024-07-11	223852.0	34.0	False	True	18	0	11	233311	1926043
Anti-Hero	Midnights	Taylor Swift	[]	2022-10-21	200690.0	78.0	False	True	17	1	2	362601	1916336
Make It Right	MAP OF THE SOUL : PERSONA	BTS	['k-pop']	2019-04-12	226321.0	60.0	False	True	59	4	2	196609	1905679
Havana (feat. Young Thug)	Camila	Camila Cabello	['pop']	2018-01-12	217306.0	77.0	False	True	107	7	6	43177	1901982
ROXANNE	ROXANNE	Arizona Zervas	[]	2019-10-10	163636.0	69.0	True	True	43	0	22	61902	1901352
Nghe Em	Nghe Em	Thịnh Suy	['v-pop', 'vietnam indie', 'vietnamese lo-fi']	2019-10-31	268591.0	36.0	False	True	69	0	108	38814	1894989
Trở Về	THE WXRDIES	Wxrdie	['vietnamese hip hop', 'v-pop']	2024-11-12	194000.0	55.0	True	True	9	0	96	252413	1883479
nàng thơ… trời giấu trời mang đi	dreaAMEE (acoustic version)	AMEE	['v-pop', 'vietnamese hip hop', 'vietnam indie', 'vietnamese lo-fi']	2020-12-16	262150.0	38.0	False	True	30	0	14	137636	1875925
Believer	Evolve	Imagine Dragons	[]	2017-06-23	204346.0	82.0	False	True	120	0	64	36419	1875442
YOU (feat. AK49)	YOU (feat. AK49)	GPG msmy	['vietnamese hip hop', 'v-pop', 'vietnam indie']	2023-02-02	147692.0	40.0	False	True	19	0	54	156338	1873790
QUA TỪNG KHUNG HÌNH (feat. Hustlang Robber & Ngắn)	RAP VIỆT 2024, Tập 9	RAP VIỆT	['vietnamese hip hop', 'v-pop']	2024-11-18	240000.0	51.0	False	True	7	0	32	440525	1869772
10,000 Hours (with Justin Bieber)	10,000 Hours (with Justin Bieber)	Dan + Shay	['country']	2019-10-04	167693.0	69.0	False	True	44	2	2	111048	1866591
Nắng Ấm Ngang Qua	SKY DECADE	Sơn Tùng M-TP	['v-pop', 'vinahouse', 'vietnamese hip hop']	2022-10-06	195697.0	39.0	False	True	23	0	46	126069	1866213
Đưa Nhau Đi Trốn - Chill Version	Đưa Nhau Đi Trốn (Chill Version)	Đen	['v-pop', 'vietnamese hip hop', 'vietnam indie', 'vietnamese lo-fi']	2015-09-11	241958.0	53.0	False	True	74	0	81	37487	1865930
ĐĐĐ	LOI CHOI: The Neo Pop Punk	Wren Evans	['v-pop', 'vietnam indie', 'vietnamese hip hop', 'vietnamese lo-fi', 'vinahouse']	2023-12-17	217150.0	38.0	False	True	9	0	56	311533	1863742
Dám Rực Rỡ		WeChoice							8	0	50	321736	1862215
Dusk Till Dawn (feat. Sia) - Radio Edit	Icarus Falls	ZAYN	[]	2018-12-14	239000.0	78.0	False	True	134	0	59	28477	1860308
CUA (Live at GENfest 24)	HIEUTHUHAI (Live at GENfest 24)	HIEUTHUHAI	['v-pop', 'vietnamese hip hop', 'vietnamese lo-fi', 'vietnam indie', 'vinahouse']	2025-02-24	191343.0	0.0	True	True	42	0	29	163122	1859368
Angel Pt. 2 (feat. Jimin of BTS, Charlie Puth and Muni Long / FAST X Soundtrack)	Angel Pt. 2 (feat. Jimin of BTS, Charlie Puth and Muni Long / FAST X Soundtrack)	JVKE	[]	2023-06-15	176454.0	57.0	False	True	5	1	3	1062452	1850935
NIGHT DANCER	NIGHT DANCER	imase	['j-pop']	2022-08-19	210948.0	65.0	False	True	20	0	91	133136	1848198
cô ấy của anh ấy	không biết nên vui hay buồn	Bảo Anh	['v-pop', 'vietnamese lo-fi', 'vinahouse', 'vietnamese bolero', 'vietnam indie']	2023-05-21	274576.0	40.0	False	True	12	0	23	282205	1845486
eight(Prod.&Feat. SUGA of BTS)	eight	IU	['k-pop', 'k-ballad']	2020-05-06	167573.0	62.0	False	True	35	5	1	206389	1844189
SO FAR	SO FAR	Binz	['vietnamese hip hop', 'v-pop', 'vinahouse', 'vietnam indie']	2018-11-01	204602.0	42.0	False	True	52	0	72	42416	1841364
Circles	Hollywood's Bleeding	Post Malone	[]	2019-09-06	215280.0	81.0	False	True	45	2	8	79449	1840037
Đi Tìm Tình Yêu	Đi Tìm Tình Yêu	MONO	['v-pop', 'vietnamese hip hop', 'vinahouse']	2024-08-27	203897.0	47.0	False	True	9	0	61	261361	1836757
Giấc Mơ Của Em - Suy Version	Giấc Mơ Của Em (Suy Version)	MYLINA	['v-pop']	2023-09-21	190500.0	42.0	False	True	13	0	53	181028	1836558
Chỉ Là Không Cùng Nhau (Live Version)		Tăng Phúc							23	0	24	138179	1835107
Yes or No	GOLDEN	Jung Kook	['k-pop']	2023-11-03	147557.0	73.0	False	True	8	0	13	537933	1829253
Thiên Lý Ơi	Thiên Lý Ơi	Jack - J97	['v-pop', 'vietnamese lo-fi', 'vinahouse']	2024-02-22	220108.0	45.0	False	True	10	0	53	260267	1818811
Need to Know	Planet Her	Doja Cat	[]	2021-06-25	210560.0	74.0	True	True	40	0	29	90994	1815305
WAP (feat. Megan Thee Stallion)	WAP (feat. Megan Thee Stallion)	Cardi B	[]	2020-08-07	187541.0	72.0	True	True	37	0	24	85505	1812175
Anh Đã Quen Với Cô Đơn	Anh Đã Quen Với Cô Đơn	SOOBIN	['v-pop', 'vietnamese hip hop', 'vietnamese lo-fi', 'vietnam indie', 'vinahouse']	2017-03-14	268178.0	54.0	False	True	21	0	95	192508	1811529
Say So	Hot Pink	Doja Cat	[]	2019-11-07	237893.0	71.0	True	True	38	6	6	84615	1810326
Vinflow	420ent.	Wxrdie	['vietnamese hip hop', 'v-pop']	2023-04-20	168704.0	41.0	True	True	16	0	142	144137	1807882
Badtrip	99%	RPT MCK	['vietnamese hip hop', 'v-pop', 'vietnam indie']	2023-03-02	158559.0	46.0	True	True	14	0	25	258833	1807153
Việt Kiều	LOI CHOI: The Neo Pop Punk	Wren Evans	['v-pop', 'vietnam indie', 'vietnamese hip hop', 'vietnamese lo-fi', 'vinahouse']	2023-12-17	170958.0	36.0	False	True	10	0	57	275083	1803971
Truyền Thái Y (feat. Masew)	Truyền Thái Y (feat. Masew)	Ngô Kiến Huy	['v-pop', 'vinahouse']	2019-08-27	181014.0	36.0	False	True	34	7	2	126403	1798259
If I Can't Have You	Shawn Mendes (Deluxe)	Shawn Mendes	['pop']	2019-06-19	191466.0	68.0	False	True	60	4	5	63582	1797511
Telepathy	BE	BTS	['k-pop']	2020-11-20	202313.0	60.0	False	True	42	1	9	198737	1797321
We Go Hard (feat. JustaTee, Karik, BigDaddy, Andree Right Hand, Suboi, B Ray & Thai VG)	Rap Việt Mùa 3 (2023) - Tập 1	RAP VIỆT	['vietnamese hip hop', 'v-pop']	2023-05-28	217303.0	37.0	False	True	14	0	64	156852	1796702
Muốn anh đau	TO LOVE AND BE LOVED	Winno	['vietnamese hip hop', 'v-pop', 'vietnam indie']	2024-02-14	340724.0	48.0	False	True	12	0	106	179034	1788583
Từ Chối Hiểu (feat. Quang Anh Rhyder)	Rap Việt Mùa 3 (2023) - Tập 13	RAP VIỆT	['vietnamese hip hop', 'v-pop']	2023-08-20	204800.0	45.0	False	True	10	0	21	290681	1777976
Chuyện Chúng Ta Sau Này	Chuyện Chúng Ta Sau Này	Hải Đăng Doo	['v-pop']	2023-03-25	245778.0	57.0	False	True	8	0	59	321176	1774062
wish you were gay	WHEN WE ALL FALL ASLEEP, WHERE DO WE GO?	Billie Eilish	[]	2019-03-29	221543.0	71.0	False	True	69	2	7	44120	1772409
Chán Gái 707	Chán Gái 707	Low G	['vietnamese hip hop', 'v-pop', 'vietnam indie']	2020-09-29	216438.0	48.0	False	True	23	0	76	125857	1772300
GOODBYE ROCKY	GOODBYE ROCKY	Dangrangto	['vietnamese hip hop', 'v-pop']	2024-04-04	298254.0	53.0	False	True	11	0	119	170685	1770138
DDU-DU DDU-DU	SQUARE UP	BLACKPINK	['k-pop']	2018-06-15	209355.0	61.0	False	True	80	2	1	94526	1767326
DÂU TẰM	FLVR	tlinh	['v-pop', 'vietnamese hip hop', 'vietnam indie', 'vietnamese lo-fi', 'vinahouse']	2024-09-18	160463.0	49.0	True	True	8	0	65	279292	1761743
i'm so tired...	~how i'm feeling~	Lauv	[]	2020-03-06	162586.0	67.0	False	True	73	4	8	38773	1761621
Shallow	A Star Is Born Soundtrack	Lady Gaga	['art pop', 'pop']	2018-10-05	215733.0	79.0	False	True	79	7	1	48874	1757211
My Time	MAP OF THE SOUL : 7	BTS	['k-pop']	2020-02-21	234457.0	60.0	False	True	39	2	6	238322	1752452
Run After Two Hares, Catch None		Hoàng Thùy Linh							39	3	5	134694	1750851
để quên	để quên	Ngọt	['vietnam indie', 'v-pop', 'vietnamese hip hop']	2021-04-21	170666.0	47.0	False	True	19	0	33	126036	1749424
Like This	Like This	ICM	['v-pop', 'vietnam indie', 'vietnamese lo-fi', 'vinahouse', 'vietnamese hip hop']	2022-01-10	177229.0	1.0	False	True	15	2	3	203882	1742150
Talking to the Moon	Doo-Wops & Hooligans	Bruno Mars	[]	2010-05-11	217866.0	80.0	False	True	35	0	42	93537	1740571
I Like You (A Happier Song) (with Doja Cat)	Twelve Carat Toothache	Post Malone	[]	2022-06-03	192840.0	72.0	True	True	20	0	14	165247	1739313
The Truth Untold (feat. Steve Aoki)	Love Yourself 轉 'Tear'	BTS	['k-pop']	2018-05-18	242292.0	61.0	False	True	93	4	2	105285	1737385
Nếu Anh Đi	Tâm 9	Mỹ Tâm	['v-pop', 'vietnamese bolero', 'vietnam indie']	2017-12-06	251893.0	40.0	False	True	101	4	9	38446	1732358
Người Ta Thành Đôi Hết Rồi	Người Ta Thành Đôi Hết Rồi	The Sheep	['vietnam indie', 'v-pop']	2019-08-29	164571.0	16.0	False	True	26	0	104	78929	1729492
TOO MUCH	TOO MUCH	The Kid LAROI	[]	2023-10-19	203894.0	61.0	True	True	3	1	6	1038600	1719287
tâm	sinh	Mer	['vietnam indie', 'v-pop']	2023-06-16	108235.0	40.0	False	True	13	0	141	153124	1712544
Love Yourself	Purpose (Deluxe)	Justin Bieber	[]	2015-11-13	233720.0	80.0	False	True	123	0	79	30775	1711772
Drama	Drama - The 4th Mini Album	aespa	['k-pop']	2023-11-10	214973.0	75.0	False	True	12	0	51	245082	1708574
Gu - Cukak Remix	Gu (Cukak Remix)	Freaky	['v-pop', 'vietnamese hip hop', 'vinahouse', 'vietnamese lo-fi']	2021-07-14	177491.0	35.0	True	True	46	0	90	44908	1706404
As If It's Your Last	As If It's Your Last	BLACKPINK	['k-pop']	2017-06-22	213264.0	71.0	False	True	107	0	52	95370	1691058
HOME	MAP OF THE SOUL : PERSONA	BTS	['k-pop']	2019-04-12	234177.0	63.0	False	True	58	3	3	196437	1684306
Miền Mộng Mị	MỘNGMEE	AMEE	['v-pop', 'vietnamese hip hop', 'vietnam indie', 'vietnamese lo-fi']	2024-08-02	166920.0	44.0	False	True	6	0	21	396046	1675621
Falling	Nicotine	Trevor Daniel	[]	2020-03-26	159381.0	71.0	False	True	44	0	30	56861	1674455
đen đá không đường	dreaAMEE	AMEE	['v-pop', 'vietnamese hip hop', 'vietnam indie', 'vietnamese lo-fi']	2020-06-20	180500.0	46.0	False	True	17	0	97	144703	1672754
You Need To Calm Down	Lover	Taylor Swift	[]	2019-08-23	171360.0	73.0	False	True	44	5	2	122075	1672358
Closer	Closer	The Chainsmokers	[]	2016-07-29	244960.0	82.0	False	True	120	0	72	23472	1670452
Đừng Như Thói Quen	Đừng Như Thói Quen	JayKii	['v-pop', 'vietnamese lo-fi', 'vietnam indie']	2019-06-11	266196.0	43.0	False	True	31	0	112	70581	1669243
Nham Mat Thay Mua He OST - Original	Nham Mat Thay Mua He OST (Original)	Nguyên Hà	['v-pop', 'vietnam indie']	2018-06-06	282907.0	35.0	False	True	84	0	48	38736	1668782
Yummy	Changes	Justin Bieber	[]	2020-02-14	208520.0	64.0	False	True	29	6	6	116497	1665131
Too Good At Goodbyes	The Thrill Of It All (Special Edition)	Sam Smith	['soft pop']	2017-11-03	201000.0	78.0	False	True	107	0	29	28705	1663046
Stay	BE	BTS	['k-pop']	2020-11-20	204800.0	56.0	False	True	37	1	10	195987	1657266
Ghost	Justice	Justin Bieber	[]	2021-03-19	153190.0	79.0	False	True	37	0	81	57852	1649635
Trampoline (with ZAYN)	Melt (Deluxe)	SHAED	[]	2019-12-27	184280.0	62.0	False	True	53	0	28	50940	1643627
My You	My You	Jung Kook	['k-pop']	2022-06-13	165070.0	66.0	False	True	5	2	4	577121	1632701
Symphony (feat. Zara Larsson)	What Is Love? (Deluxe Edition)	Clean Bandit	[]	2018-11-30	212733.0	74.0	False	True	121	0	75	22307	1625397
Dẫu Có Lỗi Lầm	Anh Trai Vượt Ngàn Chông Gai 2024 - Công Diễn 2	Bằng Kiều	['vietnamese bolero', 'v-pop', 'bolero']	2024-08-03	314000.0	49.0	False	True	8	0	41	317012	1625080
everything i wanted	everything i wanted	Billie Eilish	[]	2019-11-13	245425.0	80.0	False	True	33	4	3	118716	1623498
Phố Đã Lên Đèn	Phố Đã Lên Đèn	Huyền Tâm Môn	['v-pop', 'vietnamese lo-fi', 'vietnam indie']	2021-03-21	286588.0	44.0	False	True	36	0	86	58820	1618119
Something Just Like This	Memories...Do Not Open	The Chainsmokers	[]	2017-04-07	247160.0	84.0	False	True	119	0	69	21884	1616048
Intro : Persona	MAP OF THE SOUL : PERSONA	BTS	['k-pop']	2019-04-12	171023.0	51.0	False	True	25	3	1	533288	1614815
Spring Day	You Never Walk Alone	BTS	['k-pop']	2017-02-13	274097.0	69.0	False	True	74	1	7	322933	1613476
Nỗi Đau Đính Kèm	Nỗi Đau Đính Kèm	Anh Tú Atus	['v-pop', 'vietnamese hip hop']	2024-12-10	197142.0	53.0	False	True	9	0	137	199219	1612317
Bad Liar	Origins (Deluxe)	Imagine Dragons	[]	2018-11-09	260773.0	76.0	False	True	63	0	13	46020	1611891
Phi Hành Gia (feat. Sugar Cane & Kain)	Phi Hành Gia (feat. Sugar Cane & Kain)	Renja	['vietnamese hip hop', 'v-pop', 'vinahouse']	2023-03-16	345342.0	33.0	False	True	24	0	33	93816	1604832
Still Life	Still Life	BIGBANG	['k-pop']	2022-04-05	188369.0	62.0	False	True	10	3	2	464740	1604669
I AM	I've IVE	IVE	['k-pop']	2023-04-10	183853.0	70.0	False	True	12	0	27	242112	1600697
điều vô tri nhất	điều vô tri nhất	Kai Đinh	['v-pop', 'vietnamese lo-fi', 'vietnam indie']	2024-06-25	229894.0	40.0	False	True	9	0	81	215995	1589583
Hero (feat. Christina Perri)	Blood, Sweat & 3 Years	Cash Cash	['edm']	2016-06-24	197840.0	56.0	False	True	40	0	94	48239	1588722
Chỉ Còn Ta Và Ta Giữa Trời	Chỉ Còn Ta Và Ta Giữa Trời	D Blue	['vietnamese lo-fi', 'vietnamese hip hop', 'v-pop', 'vietnam indie']	2021-03-27	186816.0	48.0	False	True	16	0	151	147357	1586481
chẳng giống giáng sinh	chẳng giống giáng sinh	Lu	['v-pop', 'vietnamese hip hop', 'vietnam indie']	2021-12-05	192023.0	46.0	False	True	15	0	65	233156	1583502
Last Christmas	LAST CHRISTMAS	Wham!	['christmas']	1984-11-29	262960.0	76.0	False	True	26	0	13	142900	1583225
Tình Yêu Đến Sau	Tình Yêu Đến Sau	Myra Trần	['v-pop', 'vietnam indie']	2022-11-21	271399.0	38.0	False	True	16	0	62	117047	1580449
Ai muốn nghe không	Ai muốn nghe không	Đen	['v-pop', 'vietnamese hip hop', 'vietnam indie', 'vietnamese lo-fi']	2022-06-12	307500.0	34.0	False	True	19	2	9	221243	1575866
Yêu Thầm	Yêu Thầm	Hoàng Yến Chibi	['v-pop', 'vietnamese hip hop', 'vietnamese lo-fi', 'vietnam indie']	2021-07-04	252500.0	34.0	False	True	17	0	14	171385	1566282
Fly To My Room	BE	BTS	['k-pop']	2020-11-20	222242.0	55.0	False	True	34	1	6	219842	1564536
Em Có Nghe	Em Có Nghe	Kha	['v-pop', 'vietnamese lo-fi', 'vietnam indie', 'vietnamese hip hop', 'vinahouse']	2022-02-26	255129.0	48.0	False	True	47	0	57	44801	1563719
Cần Gì Hơn - Teddy Doox Remix	Cần Gì Hơn (The Remixes)	Tiên Tiên	['v-pop', 'vietnam indie', 'vinahouse', 'vietnamese lo-fi']	2020-03-20	152258.0	42.0	False	True	35	1	3	116766	1562439
vampire	GUTS	Olivia Rodrigo	[]	2023-09-08	219724.0	80.0	True	True	10	0	13	341402	1560767
The Happiest Girl	BORN PINK	BLACKPINK	['k-pop']	2022-09-16	222025.0	54.0	False	True	8	1	4	721623	1553332
I Love You So	I Love You So	The Walters	[]	2014-11-28	160239.0	83.0	False	True	34	0	122	124083	1546512
boyfriend (with Social House)	boyfriend	Ariana Grande	['pop']	2019-08-02	186106.0	74.0	True	True	45	3	3	118702	1539449
Chỉ Muốn Bên Em Lúc Này (Lofi Ver.)	Lâu Phai #2	Orinn	['vinahouse', 'vietnamese lo-fi', 'v-pop', 'lo-fi']	2021-01-25	264645.0	40.0	False	True	41	0	118	50233	1535816
Back To You - From 13 Reasons Why – Season 2 Soundtrack	Back To You (From 13 Reasons Why – Season 2 Soundtrack)	Selena Gomez	['pop']	2018-05-10	207904.0	69.0	False	True	93	5	6	34663	1530796
Thiêu Thân	Thiêu Thân	B Ray	['vietnamese hip hop', 'v-pop', 'vinahouse', 'vietnam indie']	2022-06-18	198788.0	50.0	False	True	16	0	16	171246	1528683
Polaroid Love	DIMENSION : ANSWER	ENHYPEN	['k-pop']	2022-01-10	184601.0	68.0	False	True	23	0	29	112556	1526959
Nu Cep	THE WXRDIES	Wxrdie	['vietnamese hip hop', 'v-pop']	2024-11-12	155428.0	53.0	True	True	9	0	175	183604	1522801
Người Miền Núi Chất (feat. Double2T)	Rap Việt Mùa 3 (2023) - Tập 12	RAP VIỆT	['vietnamese hip hop', 'v-pop']	2023-08-13	240849.0	36.0	False	True	10	0	61	187179	1518298
Anh Không Cố Ý (feat. Limitlxss & Ogenus)	Rap Việt Mùa 3 - Vòng 2	RAP VIỆT	['vietnamese hip hop', 'v-pop']	2023-08-09	255278.0	33.0	False	True	9	0	21	260481	1517669
Wolves	Wolves	Selena Gomez	['pop']	2017-10-25	197993.0	73.0	False	True	102	0	14	36794	1516950
You Right	Planet Her	Doja Cat	[]	2021-06-25	186173.0	73.0	True	True	32	0	13	159258	1514397
DARARI	THE SECOND STEP : CHAPTER ONE	TREASURE	['k-pop']	2022-02-15	220716.0	62.0	False	True	21	0	19	143020	1513873
MILLION DOLLAR BABY	MILLION DOLLAR BABY	Tommy Richman	[]	2024-04-26	155151.0	84.0	False	True	10	0	84	190999	1511861
Cảm Ơn Và Xin Lỗi	Cảm Ơn Và Xin Lỗi	Chillies	['v-pop', 'vietnam indie', 'vietnamese lo-fi', 'vietnamese hip hop']	2019-07-25	316285.0	45.0	False	True	59	0	57	37727	1510786
We are Bulletproof : the Eternal	MAP OF THE SOUL : 7	BTS	['k-pop']	2020-02-21	261542.0	61.0	False	True	35	3	6	229412	1510199
CHÀNG KHỜ THUỶ CUNG (feat. Negav & GREY D)	"ANH TRAI ""SAY HI"", Tập 12"	"ANH TRAI ""SAY HI"""	['v-pop', 'vietnamese hip hop']	2024-09-02	309473.0	42.0	False	True	7	0	53	291815	1510144
Cookie	NewJeans 1st EP 'New Jeans'	NewJeans	['k-pop']	2022-08-01	235562.0	67.0	False	True	20	0	50	107857	1510019
Lonely (with benny blanco)	Justice	Justin Bieber	[]	2021-03-19	149189.0	67.0	True	True	27	0	15	101375	1506947
Photograph	x (Deluxe Edition)	Ed Sheeran	['soft pop']	2014-06-21	258986.0	81.0	False	True	107	0	47	22153	1505743
Sáng Mắt Chưa	Sáng Mắt Chưa	Trúc Nhân	['v-pop', 'vietnam indie']	2019-08-06	208117.0	37.0	False	True	36	4	6	70677	1504341
LIKE THAT	BABYMONS7ER	BABYMONSTER	['k-pop']	2024-04-01	168358.0	71.0	False	True	11	0	110	178359	1500289
Hoa Cỏ Lau	Hoa Cỏ Lau	Phong Max	['vinahouse', 'v-pop', 'vietnamese lo-fi']	2023-04-25	210820.0	39.0	False	True	13	0	77	140617	1499766
Starboy	Starboy	The Weeknd	[]	2016-11-25	230453.0	85.0	True	True	15	0	140	147063	1496867
GODS	GODS	League of Legends	[]	2023-10-04	220878.0	69.0	False	True	8	0	43	264959	1494551
Nếu Ngày Ấy	Nếu Ngày Ấy	SOOBIN	['v-pop', 'vietnamese hip hop', 'vietnamese lo-fi', 'vietnam indie', 'vinahouse']	2019-07-22	292693.0	54.0	False	True	9	0	152	194609	1492756
NEURON (with Gaeko & YOON MIRAE)	HOPE ON THE STREET VOL.1	j-hope	['k-pop', 'k-rap']	2024-03-29	273290.0	73.0	False	True	5	1	4	872664	1489914
FEVER	MEDICINE	Coldzy	['vietnamese hip hop', 'v-pop', 'vietnam indie']	2024-06-03	260073.0	46.0	False	True	10	0	76	201277	1484904
ANTIFRAGILE	UNFORGIVEN	LE SSERAFIM	['k-pop']	2023-05-01	184444.0	71.0	False	True	18	0	87	98321	1481751
bao tiền một mớ bình yên?	SỐ KHÔNG	14 Casper	['v-pop', 'vietnam indie', 'vietnamese lo-fi']	2023-03-03	300000.0	55.0	False	True	45	0	144	43135	1479753
Made You Look	Takin' It Back	Meghan Trainor	[]	2022-10-21	134256.0	75.0	False	True	13	0	21	184130	1476955
Treat You Better	Illuminate	Shawn Mendes	['pop']	2017-04-20	187973.0	80.0	False	True	98	0	62	25724	1468896
Xoay Một Vòng	Xoay Một Vòng	HIEUTHUHAI	['v-pop', 'vietnamese hip hop', 'vietnamese lo-fi', 'vietnam indie', 'vinahouse']	2024-06-06	147310.0	47.0	False	True	11	0	152	140578	1454877
VIBE (feat. Jimin of BTS)	VIBE (feat. Jimin of BTS)	TAEYANG	['k-pop']	2023-01-13	175775.0	57.0	False	True	10	1	2	538258	1453174
Sài Gòn Tôi Mưa (feat. MC Goku)	Sài Gòn Tôi Mưa (feat. MC Goku)	Tuyên	['v-pop', 'vietnamese hip hop', 'vietnam indie', 'vietnamese lo-fi']	2021-07-01	329806.0	35.0	False	True	12	0	98	139270	1448713
Break My Heart	Future Nostalgia	Dua Lipa	['pop']	2020-03-27	221820.0	71.0	False	True	25	1	2	113368	1444327
If	Stardom	Vũ Cát Tường	['v-pop', 'vietnam indie']	2018-10-18	254549.0	34.0	False	True	76	2	4	35978	1443039
Call You Mine	World War Joy	The Chainsmokers	[]	2019-12-06	217640.0	63.0	False	True	53	0	20	55705	1442751
Em Là Hoàng Hôn (feat. Cloud 5)	Em Là Hoàng Hôn (feat. Cloud 5)	Vang	['vietnamese lo-fi', 'v-pop', 'vinahouse']	2021-05-29	223287.0	37.0	False	True	35	0	83	55492	1441777
Say Yes To Heaven	Say Yes To Heaven	Lana Del Rey	[]	2023-05-19	209156.0	80.0	False	True	13	0	60	169788	1438613
Giàu Vì Bạn, Sang Vì Vợ (feat. RPT MCK)	Rap Việt Tập 13	RAP VIỆT	['vietnamese hip hop', 'v-pop']	2020-10-25	223446.0	38.0	False	True	20	3	7	144562	1426952
Em Moi La Nguoi Yeu Anh - Original		MIN							57	0	64	36944	1426736
All Falls Down (feat. Juliander)	Different World	Alan Walker	[]	2018-12-14	198880.0	60.0	True	True	85	8	3	57830	1424941
Shinunoga E-Wa	HELP EVER HURT NEVER	Fujii Kaze	['j-pop']	2020-05-20	185573.0	73.0	False	True	12	0	29	176477	1424585
Happier	Happier	Marshmello	['edm']	2018-08-17	214289.0	79.0	False	True	81	2	7	22487	1422704
Thêm Bao Nhiêu Lâu	Thêm Bao Nhiêu Lâu	Đạt G	['v-pop', 'vietnamese hip hop', 'vinahouse']	2023-02-24	302000.0	51.0	False	True	10	0	106	176243	1418108
Màu Đỏ (Interlude)	Chiều Hôm Ấy Anh Thấy Màu Đỏ	Wren Evans	['v-pop', 'vietnam indie', 'vietnamese hip hop', 'vietnamese lo-fi', 'vinahouse']	2022-12-08	64355.0	35.0	False	True	12	0	114	172374	1417375
Đường Tôi Chở Em Về - Lofi	Đường Tôi Chở Em Về (Lofi)	1 9 6 7	['vietnamese lo-fi', 'vinahouse', 'v-pop', 'lo-fi']	2021-06-01	278891.0	41.0	False	True	34	0	62	58917	1414871
kho báu đánh rơi (feat. GREY D)	ái	tlinh	['v-pop', 'vietnamese hip hop', 'vietnam indie', 'vietnamese lo-fi', 'vinahouse']	2023-08-16	200202.0	42.0	False	True	9	0	28	270085	1414783
Friends	MAP OF THE SOUL : 7	BTS	['k-pop']	2020-02-21	199338.0	59.0	False	True	29	2	4	257109	1413625
Tháng 4 Là Lời Nói Dối Của Em - Live in Sài Gòn	SEE SING SHARE 1 (LIVE IN SÀI GÒN)	Hà Anh Tuấn	['v-pop', 'vietnam indie']	2020-11-13	315305.0	38.0	False	True	36	0	61	70549	1410848
anh sẽ đến cùng cơn mưa	anh sẽ đến cùng cơn mưa	Hứa Kim Tuyền	['v-pop', 'vietnamese lo-fi', 'vietnam indie']	2022-12-16	261290.0	42.0	False	True	16	0	68	118832	1410715
Savage Love (Laxed – Siren Beat) [BTS Remix]	Savage Love (Laxed - Siren Beat) [BTS Remix]	Jawsh 685	[]	2020-10-02	184905.0	59.0	True	True	26	0	11	168972	1407440
Nonsense	emails i can't send	Sabrina Carpenter	[]	2022-07-15	163648.0	82.0	False	True	16	0	88	129985	1403352
The Middle	The Middle	Zedd	['edm']	2018-01-23	184732.0	74.0	False	True	87	10	2	57444	1403185
Yêu Em Rất Nhiều	Yêu Em Rất Nhiều	Hoàng Tôn	['v-pop', 'vietnamese hip hop', 'vinahouse']	2017-09-22	269960.0	49.0	False	True	26	0	76	81076	1402311
Don't ever say love me (feat. RM of BTS)	Love Part 2	Colde	[]	2023-05-04	214933.0	54.0	False	True	6	1	7	552193	1401422
Chạy Ngay Đi	Chạy Ngay Đi	Sơn Tùng M-TP	['v-pop', 'vinahouse', 'vietnamese hip hop']	2018-05-11	272507.0	45.0	False	True	60	8	1	114670	1400025
Dis-ease	BE	BTS	['k-pop']	2020-11-20	239722.0	58.0	False	True	32	0	11	190225	1399746
Mamma Mia (Live at GENfest 24)	HIEUTHUHAI (Live at GENfest 24)	HIEUTHUHAI	['v-pop', 'vietnamese hip hop', 'vietnamese lo-fi', 'vietnam indie', 'vinahouse']	2025-02-24	150500.0	0.0	False	True	11	0	118	145127	1399496
Đại Minh Tinh	Minh Tinh	Văn Mai Hương	['v-pop', 'vinahouse', 'vietnamese hip hop', 'vietnam indie']	2023-10-24	247368.0	36.0	False	True	8	0	36	254995	1397492
Love To Hate Me	THE ALBUM	BLACKPINK	['k-pop']	2020-10-02	169797.0	55.0	False	True	24	2	5	345011	1397221
Takeaway	World War Joy	The Chainsmokers	[]	2019-12-06	209880.0	65.0	False	True	47	0	13	53525	1396934
sao anh chưa về nhà	dreaAMEE	AMEE	['v-pop', 'vietnamese hip hop', 'vietnam indie', 'vietnamese lo-fi']	2020-06-20	244000.0	48.0	False	True	47	0	78	37637	1393404
Under The Influence	Indigo (Extended)	Chris Brown	['r&b']	2019-10-04	184613.0	80.0	True	True	22	0	100	72093	1390691
Lớn Rồi Còn Khóc Nhè	Lớn Rồi Còn Khóc Nhè	Trúc Nhân	['v-pop', 'vietnam indie']	2019-04-18	211082.0	44.0	False	True	49	0	15	51943	1387906
How Do You Sleep?	Love Goes	Sam Smith	['soft pop']	2020-10-30	202204.0	63.0	False	True	34	3	7	79796	1380171
2000 câu hỏi vì sao	MỘNGMEE	AMEE	['v-pop', 'vietnamese hip hop', 'vietnam indie', 'vietnamese lo-fi']	2024-08-02	216496.0	43.0	False	True	6	0	22	389688	1378433
Em Đừng Khóc	Qua Khung Cửa Sổ	Chillies	['v-pop', 'vietnam indie', 'vietnamese lo-fi', 'vietnamese hip hop']	2021-05-05	267230.0	44.0	False	True	11	3	3	267615	1377282
Em Đã Có Người Mới (feat. Người cũ)	Em Đã Có Người Mới (feat. Người cũ)	Tóc Tiên	['v-pop', 'vietnamese lo-fi', 'vietnam indie', 'vietnamese bolero']	2021-12-09	200337.0	25.0	False	True	18	0	14	134066	1368566
That's Hilarious	CHARLIE	Charlie Puth	['soft pop', 'pop']	2022-10-07	144933.0	60.0	True	True	16	0	18	145702	1367700
Swim	Chase Atlantic	Chase Atlantic	[]	2017-10-04	228786.0	84.0	True	True	7	0	103	246501	1364404
Đi Theo Bóng Mặt Trời	Đi Theo Bóng Mặt Trời	Đen	['v-pop', 'vietnamese hip hop', 'vietnam indie', 'vietnamese lo-fi']	2017-05-13	162102.0	45.0	False	True	68	0	80	30682	1363590
Những Kẻ Mộng Mơ	Những Kẻ Mộng Mơ	Noo Phước Thịnh	['v-pop', 'vinahouse', 'vietnamese lo-fi']	2018-10-19	253775.0	40.0	False	True	70	4	7	31850	1362223
Bet You Wanna (Feat. Cardi B)	THE ALBUM	BLACKPINK	['k-pop']	2020-10-02	159168.0	52.0	False	True	16	3	2	408622	1355496
TOMBOY	I NEVER DIE	(G)I-DLE	['k-pop']	2022-03-14	174386.0	67.0	False	True	22	0	27	127343	1354624
Rung Động	Rung Động	Dương Edward	['v-pop', 'vinahouse', 'vietnamese lo-fi', 'vietnam indie']	2022-04-01	259009.0	41.0	False	True	25	0	98	61574	1352815
Hold On	Justice	Justin Bieber	[]	2021-03-19	170813.0	66.0	False	True	18	0	17	144011	1345467
Violet	Violet	Connor Price	[]	2022-10-07	122880.0	54.0	False	True	11	0	25	268117	1344357
Chẳng Thể Tìm Được Em	Chẳng Thể Tìm Được Em	PhucXp	['v-pop', 'vietnamese lo-fi', 'vietnam indie']	2020-11-25	347600.0	43.0	False	True	30	0	57	62058	1343253
Beautiful Mistakes (feat. Megan Thee Stallion)	JORDI (Deluxe)	Maroon 5	['pop']	2021-06-11	227395.0	71.0	False	True	19	0	30	111619	1343098
アイドル	アイドル	YOASOBI	['j-pop', 'anime']	2023-04-12	213233.0	69.0	False	True	13	0	67	153061	1341181
AMYGDALA	D-DAY	Agust D	['k-pop', 'k-rap']	2023-04-21	251533.0	62.0	False	True	7	0	18	304717	1331683
Dù Cho Mai Về Sau - Acoustic Version	Dù Cho Mai Về Sau (Acoustic Version)	buitruonglinh	['v-pop', 'vietnamese lo-fi', 'vietnam indie', 'vinahouse']	2020-01-12	213490.0	51.0	False	True	23	0	59	76137	1331326
một bài hát không vui mấy - Extended Version	một bài hát không vui mấy (Extended Version)	T.R.I	['v-pop', 'vietnamese lo-fi', 'vietnam indie', 'vietnamese hip hop']	2024-12-24	235315.0	59.0	False	True	7	0	111	233527	1331020
#AiChoAi	#AiChoAi	Flo D	['v-pop', 'vietnam indie', 'vietnamese lo-fi', 'vietnamese hip hop']	2020-11-01	159973.0	29.0	False	True	26	0	62	70751	1330036
Lose You To Love Me	Rare	Selena Gomez	['pop']	2020-01-10	206458.0	75.0	False	True	35	1	10	103832	1324614
That’s So True	The Secret of Us (Deluxe)	Gracie Abrams	[]	2024-10-18	166300.0	93.0	True	True	7	0	109	232900	1319725
All Eyes On Me	ME	JISOO	['k-pop']	2023-03-31	163522.0	62.0	False	True	7	1	7	515673	1316816
pho real	pho real	Low G	['vietnamese hip hop', 'v-pop', 'vietnam indie']	2024-02-28	166800.0	45.0	True	True	4	0	11	528504	1313614
Mùa Mưa Ấy	Bảo Tàng Của Nuối Tiếc	Vũ.	['v-pop', 'vietnam indie', 'vietnamese lo-fi']	2024-09-27	228065.0	52.0	False	True	7	0	79	253633	1307216
Khó Vẽ Nụ Cười (feat. Du Uyen)	Khó Vẽ Nụ Cười (feat. Du Uyen)	Đạt G	['v-pop', 'vietnamese hip hop', 'vinahouse']	2019-09-17	332307.0	48.0	False	True	51	0	59	34901	1305767
Tiền Nhiều Để Làm Gì (feat. Gducky)	Rap Việt Tập 12	RAP VIỆT	['vietnamese hip hop', 'v-pop']	2020-10-19	248571.0	36.0	False	True	22	2	8	130240	1301669
Người Như Anh	Người Như Anh	Mai Tiến Dũng	['v-pop', 'vietnamese bolero', 'vietnam indie']	2022-10-20	290624.0	42.0	False	True	17	0	85	93949	1300723
They Said	They Said	Binz	['vietnamese hip hop', 'v-pop', 'vinahouse', 'vietnam indie']	2017-12-02	234418.0	34.0	True	True	66	0	80	35000	1298986
Fashion Tán Gái	Fashion Tán Gái	Low G	['vietnamese hip hop', 'v-pop', 'vietnam indie']	2021-12-28	225822.0	43.0	False	True	12	0	53	134735	1290668
blue	blue	yung kai	[]	2024-08-02	214357.0	87.0	False	True	7	0	110	234328	1289071
girls like me don't cry (remix) ft. MIN	girls like me don't cry (remix) ft. MIN	thủy	[]	2023-03-08	213283.0	38.0	False	True	11	0	61	171231	1288644
Love Me Like That	Nevertheless, (Original Television Soundtrack, Pt. 6)	Sam Kim	['k-ballad', 'k-pop']	2021-07-24	211363.0	60.0	False	True	25	0	41	79190	1279495
intentions	alone tonight	starfall	[]	2024-04-26	225031.0	63.0	True	True	7	0	67	248248	1278792
Super Tuna	Super Tuna	Jin	['k-pop']	2024-10-11	114693.0	65.0	False	True	7	1	5	404829	1277932
when the party's over	WHEN WE ALL FALL ASLEEP, WHERE DO WE GO?	Billie Eilish	[]	2019-03-29	196077.0	81.0	False	True	74	0	28	26880	1276282
happier	SOUR	Olivia Rodrigo	[]	2021-05-21	175933.0	78.0	True	True	23	0	34	99615	1273902
Yêu Sắc Yếu	Yêu Sắc Yếu	Osad	['v-pop', 'vietnamese hip hop']	2021-04-22	167296.0	45.0	False	True	24	0	88	68866	1272427
Say You Won't Let Go	Back from the Edge	James Arthur	['soft pop']	2016-10-28	211466.0	80.0	False	True	101	0	54	20083	1272025
Nắng Lên (feat. Gonzo & Bwine)	Space Jam, Vol. 1	Rhymastic	['v-pop', 'vietnamese hip hop', 'vietnam indie', 'vinahouse', 'vietnamese lo-fi']	2023-05-08	203809.0	42.0	False	True	10	0	37	271849	1251952
Who	~how i'm feeling~	Lauv	[]	2020-03-06	180413.0	63.0	False	True	30	3	1	181709	1246161
Say You Do - 2nd Single 2015	Say You Do	Tiên Tiên	['v-pop', 'vietnam indie', 'vinahouse', 'vietnamese lo-fi']	2015	220343.0	39.0	False	True	24	0	38	72850	1245632
Người Ơi Người Ở Đừng Về (feat. Suboi)	Người Ơi Người Ở Đừng Về (feat. Suboi)	Đức Phúc	['v-pop', 'vinahouse', 'vietnam indie']	2020-09-27	199906.0	31.0	False	True	24	0	26	88350	1242185
"Khi Cô Đơn Em Nhớ Ai (Lofi) - From ""Chill With Vicky Nhung - Season 2: Memory"""	"Khi Cô Đơn Em Nhớ Ai (Lofi) [From ""Chill With Vicky Nhung - Season 2: Memory""]"	Vicky Nhung	['vietnamese lo-fi', 'v-pop', 'vinahouse', 'vietnamese bolero']	2021-08-31	255157.0	39.0	False	True	23	0	27	111890	1241443
Hate You	GOLDEN	Jung Kook	['k-pop']	2023-11-03	154236.0	69.0	False	True	5	0	12	543082	1241376
Dionysus	MAP OF THE SOUL : PERSONA	BTS	['k-pop']	2019-04-12	249215.0	60.0	False	True	34	3	6	164604	1241129
Nhạc Anh (feat. Wxrdie)	Nhạc Anh (feat. Wxrdie)	Andree Right Hand	['vietnamese hip hop', 'v-pop', 'vinahouse']	2020-12-18	168600.0	33.0	False	True	21	0	55	117034	1240317
Jamais Vu	MAP OF THE SOUL : PERSONA	BTS	['k-pop']	2019-04-12	227275.0	56.0	False	True	33	2	5	179943	1240235
FANCY	FANCY YOU	TWICE	['k-pop']	2019-04-22	213880.0	68.0	False	True	56	0	13	48497	1235817
Cold Heart - PNAU Remix	Cold Heart (PNAU Remix)	Elton John	[]	2021-08-13	202735.0	77.0	False	True	30	0	114	46198	1233975
Armageddon	Armageddon - The 1st Album	aespa	['k-pop']	2024-05-27	196466.0	68.0	False	True	6	0	30	285523	1232341
ELEVEN	ELEVEN	IVE	['k-pop']	2021-12-01	178453.0	65.0	False	True	22	0	41	96007	1228239
Vườn Hoa Con Cá (feat. Ngắn)	Vườn Hoa Con Cá (feat. Ngắn)	Olew	['v-pop', 'vietnamese lo-fi', 'vietnam indie']	2023-06-08	234947.0	47.0	False	True	9	0	125	160094	1226671
Please Please Please	Short n' Sweet	Sabrina Carpenter	[]	2024-08-23	186365.0	83.0	True	True	8	0	83	189356	1219546
Phận Hoa Rơi		K-ICM							13	2	3	218508	1217864
Old Town Road (feat. Billy Ray Cyrus) - Remix	7	Lil Nas X	[]	2019-06-21	157066.0	69.0	False	True	45	0	22	39266	1216113
Mùa Hè Năm Đó	Mùa Hè Năm Đó	B Ray	['vietnamese hip hop', 'v-pop', 'vinahouse', 'vietnam indie']	2024-12-24	364000.0	53.0	True	True	6	0	85	270518	1215368
SEXY NUKIM (feat. RM of BTS)	SEXY NUKIM (feat. RM of BTS)	Balming Tiger	['k-rap']	2022-09-01	229937.0	52.0	False	True	7	2	1	511012	1214719
New Jeans	NewJeans 'Super Shy'	NewJeans	['k-pop']	2023-07-07	108986.0	73.0	False	True	8	0	26	247560	1212636
Hurt	NewJeans 1st EP 'New Jeans'	NewJeans	['k-pop']	2022-08-01	177946.0	68.0	False	True	19	0	94	82333	1209865
Feel Special	Feel Special	TWICE	['k-pop']	2019-09-23	206866.0	65.0	False	True	38	3	5	77952	1203239
Ai Mới Là Kẻ Xấu Xa	99%	RPT MCK	['vietnamese hip hop', 'v-pop', 'vietnam indie']	2023-03-02	192768.0	41.0	True	True	8	0	29	239868	1190423
Infinity	Feel Something	Jaymes Young	[]	2017-06-23	237720.0	74.0	False	True	21	0	65	69538	1189960
yes, and?	eternal sunshine	Ariana Grande	['pop']	2024-03-08	214994.0	72.0	True	True	6	0	38	388409	1189114
Rush Hour (Feat. j-hope of BTS)	Rush Hour	Crush	['k-rap', 'k-pop', 'k-ballad']	2022-09-22	177302.0	56.0	False	True	6	2	2	556322	1187983
Luôn yêu đời	Luôn yêu đời	Đen	['v-pop', 'vietnamese hip hop', 'vietnam indie', 'vietnamese lo-fi']	2023-02-09	234240.0	35.0	False	True	9	0	13	296642	1184161
That’s Not How This Works (feat. Dan + Shay)	That’s Not How This Works (feat. Dan + Shay)	Charlie Puth	['soft pop', 'pop']	2023-03-31	165619.0	56.0	False	True	9	0	48	195453	1181580
Sao Cũng Được	Sao Cũng Được	Binz	['vietnamese hip hop', 'v-pop', 'vinahouse', 'vietnam indie']	2018-03-08	266750.0	39.0	False	True	38	0	100	38429	1180799
Alone	FACE	Jimin	['k-pop']	2023-03-24	211250.0	60.0	False	True	7	1	8	413675	1178924
Một Công Đôi Việc (feat. HURRYKNG & HIEUTHUHAI)	Rap Việt Mùa 3 (2023) - Tập 11	RAP VIỆT	['vietnamese hip hop', 'v-pop']	2023-08-06	255758.0	41.0	False	True	7	0	32	235573	1177507
Qua Ngay Mai	CHILL with me	Tiên Tiên	['v-pop', 'vietnam indie', 'vinahouse', 'vietnamese lo-fi']	2018-12-12	157000.0	44.0	False	True	18	0	100	134250	1172799
Mikrokosmos	MAP OF THE SOUL : PERSONA	BTS	['k-pop']	2019-04-12	224225.0	64.0	False	True	38	3	4	193670	1172704
EASY	EASY	LE SSERAFIM	['k-pop']	2024-02-19	164545.0	73.0	False	True	8	0	93	185316	1166992
Yeah Yeah Yeah	BORN PINK	BLACKPINK	['k-pop']	2022-09-16	178923.0	53.0	False	True	6	1	7	596566	1162907
Ngỏ Lời	Ngỏ Lời	SUNI	['v-pop', 'vietnam indie', 'vietnamese lo-fi', 'vinahouse']	2023-05-28	235744.0	29.0	False	True	10	0	62	155397	1162195
Hồi Kết	Hồi Kết	Hà Nhi	['v-pop', 'vinahouse', 'vietnamese lo-fi', 'vietnam indie']	2022-11-15	274258.0	37.0	False	True	15	0	81	92445	1161683
Sống Cho Hết Đời Thanh Xuân 4 (feat. Dick)	Rap Việt Mùa 3 (2023) - Tập 13	RAP VIỆT	['vietnamese hip hop', 'v-pop']	2023-08-20	260351.0	46.0	False	True	7	0	31	246843	1158560
ON (Feat. Sia)	MAP OF THE SOUL : 7	BTS	['k-pop']	2020-02-21	246816.0	50.0	False	True	16	4	2	317978	1158303
Face-off	FACE	Jimin	['k-pop']	2023-03-24	229627.0	59.0	True	True	7	1	9	405121	1150696
comethru (bonus track)		Jeremy Zucker							21	0	25	62497	1148281
HONGKONG12 (feat. MC 12)	HONGKONG12 (feat. MC 12)	Nguyễn Trọng Tài	['vietnamese hip hop', 'v-pop', 'vietnamese lo-fi', 'vietnam indie']	2019-10-22	253531.0	35.0	False	True	41	0	22	57561	1145513
Độ Tộc 2	Độ Tộc 2	Độ Mixi	['vietnamese hip hop', 'v-pop', 'vinahouse']	2021-09-22	201030.0	35.0	False	True	15	0	11	129176	1145013
Crazy Over You	THE ALBUM	BLACKPINK	['k-pop']	2020-10-02	161945.0	55.0	False	True	16	2	4	362343	1136775
Spring Snow	Lovely Runner, Pt. 8 (Original Soundtrack)	10CM	['k-ballad', 'soundtrack']	2024-05-14	201595.0	67.0	False	True	6	0	58	217623	1131109
Đủ trải sẽ thấm	Đủ trải sẽ thấm	Mike	['vietnamese hip hop', 'v-pop', 'brazilian trap']	2022-08-31	268524.0	35.0	False	True	11	0	127	114669	1128829
Queencard	I feel	(G)I-DLE	['k-pop']	2023-05-15	161240.0	70.0	False	True	11	0	91	141133	1126026
Watermelon Sugar	Fine Line	Harry Styles	[]	2019-12-13	174000.0	78.0	False	True	44	0	68	31131	1125993
ĐỀU LÀ CỦA EM (feat. Dương Domic, Anh Tú Atus, Song Luân, Quang Trung & Anh Tú)	"ANH TRAI ""SAY HI"" (Live Stage 4)"	"ANH TRAI ""SAY HI"""	['v-pop', 'vietnamese hip hop']	2024-08-26	238064.0	44.0	False	True	7	0	86	214165	1125617
Tứ Phủ	Hoàng	Hoàng Thùy Linh	['v-pop', 'vietnamese hip hop', 'vinahouse', 'vietnam indie']	2019-10-20	264566.0	29.0	False	True	31	2	6	120261	1116292
Anh Luôn Là Lý Do	Anh Luôn Là Lý Do	ERIK	['v-pop', 'vietnamese lo-fi', 'vinahouse', 'vietnam indie']	2021-01-13	222089.0	27.0	False	True	14	0	18	126359	1114920
Shoong! (feat. LISA of BLACKPINK)	Down to Earth	TAEYANG	['k-pop']	2023-04-25	205101.0	59.0	False	True	11	0	87	137981	1113111
INFERNO	HIVE	Sub Urban	[]	2022-06-03	133133.0	63.0	False	True	15	0	11	126140	1105893
Moon	MAP OF THE SOUL : 7	BTS	['k-pop']	2020-02-21	208589.0	60.0	False	True	21	0	11	213851	1104973
Tết Đong Đầy	Tết Đong Đầy	KHOA	['vietnamese hip hop', 'v-pop']	2022-12-09	206000.0	37.0	False	True	7	0	62	298718	1102236
Maria	María	HWASA	['k-pop']	2020-06-29	199026.0	63.0	False	True	20	0	14	109911	1101017
IDOL	Love Yourself 結 'Answer'	BTS	['k-pop']	2018-08-24	222732.0	67.0	False	True	56	4	1	82757	1099745
Một Giấc Mơ (feat. Kimmese)	Một Giấc Mơ (feat. Kimmese)	Vũ.	['v-pop', 'vietnam indie', 'vietnamese lo-fi']	2020-06-19	227486.0	36.0	False	True	27	1	7	111637	1099378
MOT NGUOI VI EM	MOT NGUOI VI EM	WEAN	['v-pop', 'vietnamese hip hop', 'vietnam indie', 'vietnamese lo-fi']	2020-09-25	210639.0	39.0	False	True	27	0	44	54857	1099122
Tiến Hay Lùi (Nụ Hôn Bạc Tỷ Original Soundtrack)	Tiến Hay Lùi (Nụ Hôn Bạc Tỷ Original Soundtrack)	Bùi Công Nam	['v-pop', 'vietnam indie', 'vietnamese hip hop']	2025-01-21	186666.0	56.0	False	True	3	0	33	468115	1096251
Please Don't Change (feat. DJ Snake)	GOLDEN	Jung Kook	['k-pop']	2023-11-03	146684.0	69.0	False	True	5	0	19	474200	1094929
Siren	Siren	TGSN	['v-pop', 'vietnamese hip hop', 'vietnam indie']	2021-05-21	157066.0	39.0	False	True	18	0	31	121256	1089854
Cảm ơn	Cảm ơn	Đen	['v-pop', 'vietnamese hip hop', 'vietnam indie', 'vietnamese lo-fi']	2019-10-21	215172.0	35.0	False	True	44	0	29	52289	1089661
Slow Dance (feat. Sofia Carson)	MUSE	Jimin	['k-pop']	2024-07-19	188399.0	70.0	False	True	3	1	8	681558	1086162
Kiss and Make Up	Dua Lipa (Complete Edition)	Dua Lipa	['pop']	2018-10-19	189173.0	67.0	False	True	58	6	1	62392	1082591
Anh Tự Do Nhưng Cô Đơn	Anh Tự Do Nhưng Cô Đơn	Trung Quân	['v-pop', 'vietnam indie', 'vietnamese lo-fi']	2022-11-10	315428.0	38.0	False	True	14	0	48	117716	1081028
Cơn Đau	Cơn Đau	Wren Evans	['v-pop', 'vietnam indie', 'vietnamese hip hop', 'vietnamese lo-fi', 'vinahouse']	2022-06-30	219058.0	36.0	False	True	9	0	17	167425	1080279
Chậm Lại	Một Vạn Năm	Vũ.	['v-pop', 'vietnam indie', 'vietnamese lo-fi']	2022-09-09	223384.0	33.0	False	True	8	0	13	201755	1078306
Enemy (with JID) - from the series Arcane League of Legends	Mercury - Acts 1 & 2	Imagine Dragons	[]	2022-07-01	173381.0	76.0	False	True	14	0	27	103548	1073495
Đừng Vì Anh Mà Khóc		Quang Hùng MasterD							7	0	152	164850	1072389
Cô Gái Này Là Của Ai? (feat. Rush, Nhi Nhi)	Cô Gái Này Là Của Ai? (feat. Rush & Nhi Nhi)	Krix	['v-pop', 'vietnamese hip hop']	2021-02-19	166120.0	29.0	False	True	11	0	114	115734	1070258
Show Me Love	99%	RPT MCK	['vietnamese hip hop', 'v-pop', 'vietnam indie']	2023-03-02	154917.0	43.0	True	True	8	0	34	228428	1069718
Đừng để nước mắt rơi (feat. Obito)	VSTRA	VSTRA	['v-pop', 'vietnamese hip hop', 'vietnam indie', 'vietnamese lo-fi']	2023-11-11	205631.0	47.0	False	True	8	0	108	149746	1069521
How Sweet	How Sweet	NewJeans	['k-pop']	2024-05-24	219026.0	74.0	False	True	5	0	20	339991	1059337
Out of Time	Dawn FM	The Weeknd	[]	2022-01-06	214193.0	71.0	False	True	19	0	52	92639	1056957
What It Is (Solo Version)	What It Is (Versions)	Doechii	[]	2023-03-17	189824.0	73.0	True	True	11	0	120	107270	1056261
Way Back Home	Take	SHAUN	['k-pop']	2018-06-27	214136.0	63.0	False	True	50	13	1	74396	1051915
Diễn viên tồi	Diễn viên tồi	Đen	['v-pop', 'vietnamese hip hop', 'vietnam indie', 'vietnamese lo-fi']	2022-09-13	349793.0	33.0	False	True	8	0	16	248422	1050997
Đoạn Kết Mới	Yên	Hoàng Dũng	['v-pop', 'vietnam indie', 'vietnamese lo-fi', 'vietnamese hip hop']	2022-08-24	294720.0	45.0	False	True	12	0	17	148403	1043746
I Don’t Wanna Live Forever (Fifty Shades Darker)	reputation Stadium Tour Surprise Song Playlist	ZAYN	[]	2017-11-09	247160.0	78.0	False	True	92	0	71	20559	1042267
Matsuri	LOVE ALL SERVE ALL	Fujii Kaze	['j-pop']	2022-03-23	225920.0	63.0	False	True	8	0	45	180903	1039863
00:00 (Zero O’Clock)	MAP OF THE SOUL : 7	BTS	['k-pop']	2020-02-21	250295.0	62.0	False	True	18	2	5	241180	1032827
Va Vào Giai Điệu Này	99%	RPT MCK	['vietnamese hip hop', 'v-pop', 'vietnam indie']	2023-03-02	190303.0	44.0	False	True	9	0	50	191288	1032380
fuck, i'm lonely	~how i'm feeling~	Lauv	[]	2020-03-06	198973.0	59.0	True	True	41	0	32	41202	1030410
Chơi Vơi	Chơi Vơi	K-ICM	['v-pop', 'vinahouse', 'vietnam indie', 'vietnamese lo-fi', 'vietnamese hip hop']	2022-04-20	278400.0	7.0	False	True	8	1	3	358550	1024200
Take It Easy (feat. Liu Grace)	Rap Việt Mùa 3 (2023) - Tập 11	RAP VIỆT	['vietnamese hip hop', 'v-pop']	2023-08-06	164571.0	32.0	False	True	7	0	60	183141	1021814
Snow On The Beach (feat. More Lana Del Rey)	Midnights (The Til Dawn Edition)	Taylor Swift	[]	2023-05-26	229942.0	68.0	True	True	8	1	5	311982	1021630
YOU (feat. Song Luân, Anh Tú Atus, Captain & Quang Trung)	"ANH TRAI ""SAY HI"", Tập 5"	"ANH TRAI ""SAY HI"""	['v-pop', 'vietnamese hip hop']	2024-07-15	196691.0	41.0	False	True	7	0	122	171722	1016112
LayLaLay	LayLaLay	Jack - J97	['v-pop', 'vietnamese lo-fi', 'vinahouse']	2023-01-19	291086.0	26.0	False	True	14	0	23	140060	1015504
Stay Gold	MAP OF THE SOUL : 7 ~ THE JOURNEY ~	BTS	['k-pop']	2020-07-14	243266.0	56.0	False	True	21	1	4	145395	1014885
PS5	(MORE) Unsponsored Content	salem ilese	[]	2022-10-07	152214.0	63.0	False	True	14	0	38	107512	1012067
01 Chuyện Dở Dang	Suýt 1	Ngọt	['vietnam indie', 'v-pop', 'vietnamese hip hop']	2024-02-23	211777.0	45.0	False	True	5	0	27	368503	1011808
willow	evermore	Taylor Swift	[]	2020-12-11	214706.0	70.0	False	True	15	1	9	175654	1010555
Vũ Trụ Có Anh (feat. Pháo)	Vũ Trụ Cò Bay	Phương Mỹ Chi	['v-pop', 'vietnamese bolero']	2023-09-18	220957.0	44.0	False	True	7	0	46	206158	1010023
Bao Nhiêu Loài Hoa Remix (feat. tlinh, Machiot)	Bao Nhiêu Loài Hoa Remix (feat. tlinh, Machiot)	KayC	['vietnamese hip hop', 'v-pop', 'vietnam indie']	2024-06-25	155416.0	48.0	False	True	7	0	125	160196	1007923
Berlin	Berlin	Khoi Vu	['v-pop', 'vietnamese hip hop', 'vietnamese lo-fi', 'vietnam indie']	2020-02-12	138973.0	43.0	False	True	31	0	115	36154	1006178
Ái Nộ	Ái Nộ	Masew	['v-pop', 'vietnamese hip hop', 'vinahouse', 'vietnamese lo-fi', 'vietnam indie']	2021-10-05	232180.0	32.0	False	True	21	0	80	55862	1005962
Solo (feat. Demi Lovato)	What Is Love? (Deluxe Edition)	Clean Bandit	[]	2018-11-30	222706.0	67.0	False	True	75	3	10	27323	1005911
Next Level	Next Level	aespa	['k-pop']	2021-05-17	221573.0	66.0	False	True	25	0	63	63910	1005894
WANNABE	IT'z ME	ITZY	['k-pop']	2020-03-09	191242.0	64.0	False	True	27	1	4	111593	993873
Victorious		K-ICM							12	2	6	203308	992321
Trăng Hoa Mây Mưa	Trăng Hoa Mây Mưa	Bình Gold	['vietnamese hip hop', 'v-pop', 'vinahouse']	2024-01-13	193999.0	44.0	True	True	7	0	107	180819	990826
是你	是你	梦然	['mandopop', 'c-pop']	2022-07-25	223029.0	58.0	False	True	10	0	90	136008	982836
Standing Next to You - Sped Up - Remix		Beat Record							1	1	2	977406	977406
SG (with Ozuna, Megan Thee Stallion & LISA of BLACKPINK)	SG (with Ozuna, Megan Thee Stallion & LISA of BLACKPINK)	DJ Snake	[]	2021-10-22	225600.0	63.0	True	True	11	1	2	269968	975290
Có Khi (feat. Low G)	Có Khi (feat. Low G)	Madihu	['v-pop', 'vietnam indie', 'vietnamese hip hop']	2022-10-13	259333.0	41.0	False	True	11	0	22	178226	974084
Hẹn Kiếp Tương Phùng		K-ICM							13	0	18	164576	973554
Goodbyes (feat. Young Thug)	Hollywood's Bleeding	Post Malone	[]	2019-09-06	174853.0	71.0	True	True	28	1	10	75529	972475
New Woman (feat. ROSALÍA)	New Woman (feat. ROSALÍA)	LISA	['k-pop']	2024-08-15	179789.0	77.0	False	True	4	0	18	422019	972462
Love Hangover (feat. Dominic Fike)	Love Hangover (feat. Dominic Fike)	JENNIE	['k-pop']	2025-01-31	180129.0	82.0	True	True	3	0	31	395976	972381
Suit & Tie	99%	RPT MCK	['vietnamese hip hop', 'v-pop', 'vietnam indie']	2023-03-02	238330.0	41.0	True	True	8	0	47	206740	969788
Savage Love (Laxed - Sired Beat)		Jawsh 685							22	0	24	71538	968434
Promise	Promise	Jimin	['k-pop']	2018-12-31	151011.0	63.0	False	True	5	0	11	357723	967822
Ngày ấy (Yesterday)	Ngày ấy (Yesterday)	Em Ellata	['v-pop', 'vietnam indie']	2022-08-13	240000.0	43.0	False	True	6	0	72	217770	965526
There's Nothing Holdin' Me Back	Illuminate (Deluxe)	Shawn Mendes	['pop']	2017-04-20	199440.0	82.0	False	True	76	0	75	21807	963443
Blood Sweat & Tears	Wings	BTS	['k-pop']	2016-10-10	217051.0	68.0	False	True	56	1	10	208080	962318
Eastside (with Halsey & Khalid)	FRIENDS KEEP SECRETS	benny blanco	[]	2018-12-07	170769.0	75.0	False	True	63	1	10	23844	953147
no tears left to cry	Sweetener	Ariana Grande	['pop']	2018-08-17	205920.0	73.0	False	True	68	4	1	50366	948629
NÀNG (feat. Ogenus, Anh Tú & Đặng Thái Bình)	Rap Việt Mùa 3 - Vòng 1	RAP VIỆT	['vietnamese hip hop', 'v-pop']	2023-07-21	205128.0	34.0	False	True	10	0	147	105261	947724
Be Kind (with Halsey)	Be Kind (with Halsey)	Marshmello	['edm']	2020-05-01	172761.0	68.0	False	True	25	1	10	80350	945813
You Never Know	THE ALBUM	BLACKPINK	['k-pop']	2020-10-02	229201.0	54.0	False	True	12	1	6	329493	945089
Rain On Me (with Ariana Grande)	Chromatica	Lady Gaga	['art pop', 'pop']	2020-05-29	182200.0	68.0	False	True	18	2	2	170766	944960
Somebody	GOLDEN	Jung Kook	['k-pop']	2023-11-03	168599.0	68.0	False	True	4	0	18	474711	941916
Tết Này Con Sẽ Về	Tết Này Con Sẽ Về	Bùi Công Nam	['v-pop', 'vietnam indie', 'vietnamese hip hop']	2022-01-10	196555.0	46.0	False	True	7	0	56	250113	940938
Tệ Thật, Anh Nhớ Em	Tệ Thật, Anh Nhớ Em	Thanh Hưng	['v-pop', 'vietnamese lo-fi', 'vinahouse']	2022-04-03	344357.0	42.0	False	True	14	0	20	156816	936127
Talk	Talk	Khalid	[]	2019-02-07	197487.0	58.0	False	True	45	0	27	31520	935960
11:11	11:11	MiiNa	['v-pop', 'vietnamese lo-fi']	2023-02-22	251739.0	37.0	False	True	8	0	59	161459	929628
Die For You (with Ariana Grande) - Remix	Starboy (Deluxe)	The Weeknd	[]	2023-03-14	232857.0	72.0	False	True	2	2	3	467429	929263
FOREVER	DRIP	BABYMONSTER	['k-pop']	2024-11-01	212734.0	69.0	False	True	5	0	54	251154	925326
Yếu Đuối	Tình Ca Hoàng Dũng	Hoàng Dũng	['v-pop', 'vietnam indie', 'vietnamese lo-fi', 'vietnamese hip hop']	2019-03-06	323369.0	45.0	False	True	26	0	103	42129	922884
Phong Long	Phong Long	Low G	['vietnamese hip hop', 'v-pop', 'vietnam indie']	2024-01-20	281379.0	44.0	False	True	5	0	69	247081	921228
I’ll Be There	Happy	Jin	['k-pop']	2024-11-15	181677.0	68.0	False	True	3	0	26	488028	916328
Beggin'	Chosen	Måneskin	[]	2017-12-08	211560.0	79.0	False	True	18	0	58	67165	916181
Sunroof	Good Times Go	Nicky Youre	[]	2023-06-09	163025.0	78.0	False	True	19	0	127	51541	912786
vào hạ	Hương Mùa Hè EP.01	SUNI	['v-pop', 'vietnam indie', 'vietnamese lo-fi', 'vinahouse']	2022-07-03	196666.0	36.0	False	True	12	0	51	99575	907851
Một Khi Đã Yêu		K-ICM							10	0	12	175318	906073
Darkside	Different World	Alan Walker	[]	2018-12-14	211680.0	68.0	False	True	67	0	11	23285	903464
Giấc Mơ Của Em - Suy Version	Giấc Mơ Của Em (Suy Version)	MYLINA	['v-pop']	2023-09-21	190500.0	42.0	False	True	7	0	174	131650	902484
Too Sad to Dance	GOLDEN	Jung Kook	['k-pop']	2023-11-03	175911.0	67.0	False	True	4	0	26	429555	899642
LOVE SCENARIO	Return	iKON	['k-pop']	2018-01-25	209648.0	64.0	False	True	80	0	18	30234	898149
The Right Journey (feat. Gducky)	Rap Việt Tập 15	RAP VIỆT	['vietnamese hip hop', 'v-pop']	2020-11-08	192857.0	30.0	False	True	17	0	11	135250	897917
WOKE UP	WOKE UP	XG	['k-pop']	2024-05-21	188010.0	67.0	False	True	5	0	55	220863	897705
Suýt Nữa Thì...	Suýt Nữa Thì...	Andiez	['v-pop', 'vietnamese lo-fi', 'vietnam indie']	2018-08-13	281344.0	54.0	False	True	37	0	114	216041	897478
Ánh Mắt Biết Cười	Ánh Mắt Biết Cười	Quang Hùng MasterD	['v-pop', 'vietnamese lo-fi', 'vinahouse', 'vietnamese hip hop']	2025-01-26	167796.0	58.0	False	True	3	0	48	352814	895520
Từ A Đến Z (feat. 24k.Right)	Rap Việt Mùa 3 (2023) - Tập 14	RAP VIỆT	['vietnamese hip hop', 'v-pop']	2023-08-27	197601.0	36.0	False	True	6	0	53	192516	894309
Năm Qua Đã Làm Gì	Gala Nhạc Việt 15 - Năm Mới Bình An	Noo Phước Thịnh	['v-pop', 'vinahouse', 'vietnamese lo-fi']	2021-02-19	236975.0	29.0	False	True	7	0	59	266417	894116
Beautiful (feat. Camila Cabello)	Beautiful (feat. Camila Cabello)	Bazzi	[]	2018-08-02	180000.0	66.0	False	True	62	1	7	26783	893394
MẸ YÊU CON	Anh Trai Vượt Ngàn Chông Gai 2024 - Chung Kết	Cường Seven	['v-pop']	2024-10-19	305142.0	48.0	False	True	5	0	111	216443	890756
Anh Đợi Em Được Không	Anh Đợi Em Được Không	Mỹ Tâm	['v-pop', 'vietnamese bolero', 'vietnam indie']	2019-09-24	276790.0	32.0	False	True	35	0	78	29437	889931
Xuân Hy Vọng		K-ICM							10	0	15	144259	889308
in the dark	in the dark	fueled by boba	['v-pop', 'vietnam indie']	2020-02-20	194577.0	41.0	False	True	20	0	135	62298	889127
Buông	Xin Em, Vol. 01	Bùi Anh Tuấn	['v-pop', 'vietnamese lo-fi']	2016-09-15	233240.0	43.0	False	True	13	0	145	95847	886702
In My Blood	Shawn Mendes	Shawn Mendes	['pop']	2018-05-25	211360.0	67.0	False	True	73	1	6	41977	885581
So Far Away (feat. Jamie Scott & Romy Dya)	So Far Away (feat. Jamie Scott & Romy Dya)	Martin Garrix	['edm', 'electronica', 'progressive house']	2017-12-01	183636.0	59.0	False	True	75	0	12	38018	881812
시작	ITAEWON CLASS (Original Television Soundtrack) Pt.2	Gaho	['soundtrack']	2020-02-01	202440.0	59.0	False	True	22	0	16	80148	880165
Savage	Savage - The 1st Mini Album	aespa	['k-pop']	2021-10-05	238143.0	67.0	False	True	18	0	18	110286	877561
Mistletoe	Under The Mistletoe (Deluxe Edition)	Justin Bieber	[]	2011-01-01	182946.0	70.0	False	True	21	0	24	79394	877510
Cơn Mưa Xa Dần	SKY DECADE	Sơn Tùng M-TP	['v-pop', 'vinahouse', 'vietnamese hip hop']	2022-10-06	196923.0	41.0	False	True	9	0	21	183691	876415
Dear (feat. Lê Hiếu)	Dear (feat. Lê Hiếu)	Gonzo	['vietnamese hip hop', 'v-pop', 'vietnam indie']	2023-02-16	260489.0	31.0	False	True	6	0	46	183465	876237
Outro : Ego	MAP OF THE SOUL : 7	BTS	['k-pop']	2020-02-21	196198.0	57.0	False	True	15	1	5	194206	875150
TRÌNH (Live at GENfest 24)	HIEUTHUHAI (Live at GENfest 24)	HIEUTHUHAI	['v-pop', 'vietnamese hip hop', 'vietnamese lo-fi', 'vietnam indie', 'vinahouse']	2025-02-24	282790.0	0.0	True	True	4	0	72	279661	873687
Nói Chia Tay Thật Khó (feat. Trấn Thành)	Nói Chia Tay Thật Khó	Thùy Chi	['v-pop', 'vinahouse', 'vietnam indie', 'vietnamese hip hop']	2020-10-20	331084.0	25.0	False	True	18	0	20	101850	873050
Shot Glass of Tears	GOLDEN	Jung Kook	['k-pop']	2023-11-03	167246.0	67.0	False	True	4	0	22	446992	872502
Sự Mập Mờ	Sự Mập Mờ	SUNI	['v-pop', 'vietnam indie', 'vietnamese lo-fi', 'vinahouse']	2023-07-09	229384.0	40.0	False	True	6	0	38	218638	867864
You & Me (Coachella ver.)	JENNIE Special Single [You & Me]	JENNIE	['k-pop']	2023-10-06	179864.0	58.0	False	True	4	0	14	405454	867420
Holy (feat. Chance The Rapper)	Holy	Justin Bieber	[]	2020-09-18	212093.0	64.0	False	True	15	0	21	92929	867358
Nothin' on Me	Nothin' on Me	Leah Marie Perez	[]	2020-10-21	217500.0	53.0	True	True	9	0	128	111830	864123
Arcade	Arcade	Duncan Laurence	[]	2019-03-07	183624.0	71.0	False	True	24	0	106	48932	862253
Never Really Over	Never Really Over	Katy Perry	['pop']	2019-05-31	223523.0	63.0	False	True	33	1	8	58304	861882
CHỜ MỘT NGƯỜI (feat. Gill & Captain)	RAP VIỆT 2024, Tập 14	RAP VIỆT	['vietnamese hip hop', 'v-pop']	2024-12-09	259010.0	52.0	False	True	4	0	103	249098	861354
Ngày Em Đẹp Nhất		Nguyen Nhat Tu (Ntu)							8	0	129	117204	859902
Finding You	Finding You	Chi Pu	['v-pop', 'vinahouse', 'vietnam indie']	2024-05-23	191000.0	37.0	False	True	5	0	59	216417	858005
Mây Lang Thang	Mây Lang Thang	Tùng TeA	['vietnamese hip hop', 'vietnam indie', 'v-pop']	2021-06-01	199035.0	42.0	False	True	18	0	150	67202	857866
New Rules	Dua Lipa (Deluxe)	Dua Lipa	['pop']	2017-06-02	209320.0	76.0	False	True	80	0	50	20334	856850
Chúng Ta Còn Ở Đó Không? - Tet 2025 Movie “Bộ Tứ Báo Thủ” Original Soundtrack	Chúng Ta Còn Ở Đó Không? (Tet 2025 Movie “Bộ Tứ Báo Thủ” Original Soundtrack)	Orange	['v-pop', 'vietnamese hip hop', 'vietnamese lo-fi', 'vietnam indie', 'vinahouse']	2025-01-30	245217.0	54.0	False	True	3	0	44	375774	855450
Đâu Chỉ Riêng Em	Tâm 9	Mỹ Tâm	['v-pop', 'vietnamese bolero', 'vietnam indie']	2017-12-06	234120.0	40.0	False	True	59	9	2	60886	849256
Hơn Em Chỗ Nào	Hơn Em Chỗ Nào	Thùy Chi	['v-pop', 'vinahouse', 'vietnam indie', 'vietnamese hip hop']	2022-12-05	295750.0	34.0	False	True	12	0	123	79636	847922
Closer to You (feat. Major Lazer)	GOLDEN	Jung Kook	['k-pop']	2023-11-03	170995.0	68.0	False	True	4	0	25	436869	843487
1TINHYEU (feat. Hustlang Robber)	RAP VIỆT 2024, Tập 13	RAP VIỆT	['vietnamese hip hop', 'v-pop']	2024-12-03	220740.0	50.0	False	True	4	0	125	238342	842656
Đừng Hỏi Em	Tâm 9	Mỹ Tâm	['v-pop', 'vietnamese bolero', 'vietnam indie']	2017-12-06	263053.0	42.0	False	True	63	7	6	40776	840379
Boy's a liar Pt. 2	Boy's a liar Pt. 2	PinkPantheress	['bedroom pop']	2023-02-03	131013.0	69.0	True	True	9	0	91	122147	840281
Sài Gòn Đâu Có Lạnh (feat. Lewiuy)	Sài Gòn Đâu Có Lạnh (feat. Lewiuy)	Changg	['v-pop', 'vietnamese lo-fi', 'vietnamese hip hop', 'vietnam indie']	2020-12-25	165161.0	38.0	False	True	14	0	43	85432	839242
Nếu Anh Đi	Tâm 9	Mỹ Tâm	['v-pop', 'vietnamese bolero', 'vietnam indie']	2017-12-06	251893.0	40.0	False	True	39	0	140	26090	836275
Ready For Love	BORN PINK	BLACKPINK	['k-pop']	2022-09-16	184677.0	54.0	False	True	5	1	10	434357	835904
The Box	Please Excuse Me for Being Antisocial	Roddy Ricch	['melodic rap']	2019-12-06	196652.0	79.0	True	True	26	0	55	39307	834945
THATS WHAT I WANT	MONTERO	Lil Nas X	[]	2021-09-17	143901.0	70.0	True	True	17	0	13	125028	834294
một triệu like	một triệu like	Đen	['v-pop', 'vietnamese hip hop', 'vietnam indie', 'vietnamese lo-fi']	2020-12-29	264000.0	47.0	False	True	26	0	100	47147	830520
Feel My Rhythm	‘The ReVe Festival 2022 - Feel My Rhythm’	Red Velvet	['k-pop']	2022-03-21	210253.0	60.0	False	True	10	0	13	177938	828027
Không Ra Gì	Không Ra Gì	Trúc Nhân	['v-pop', 'vietnam indie']	2024-11-12	204923.0	48.0	False	True	4	0	118	214009	814385
Nhà Bao Việc (feat. R.Tee)	Rap Việt Tập 12	RAP VIỆT	['vietnamese hip hop', 'v-pop']	2020-10-19	202452.0	26.0	False	True	13	0	11	121132	814343
Trong Sương (feat. MinhLai)	Rap Việt Mùa 3 (2023) - Tập 5	RAP VIỆT	['vietnamese hip hop', 'v-pop']	2023-06-25	173839.0	31.0	False	True	7	0	86	136383	813598
One Kiss (with Dua Lipa)	One Kiss (with Dua Lipa)	Calvin Harris	['edm']	2018-04-06	214846.0	75.0	False	True	37	0	14	48863	812159
break up with your girlfriend, i'm bored	thank u, next	Ariana Grande	['pop']	2019-02-08	190440.0	71.0	True	True	31	6	2	61400	808798
Hope	Sick Boy	The Chainsmokers	[]	2018-12-14	180120.0	58.0	False	True	50	0	11	26746	798313
Yet To Come (Hyundai Ver.)	Yet To Come (Hyundai Ver.)	BTS	['k-pop']	2022-09-23	223535.0	39.0	False	True	4	1	5	458630	798287
FEARLESS (2023 Ver.)	UNFORGIVEN	LE SSERAFIM	['k-pop']	2023-05-01	168437.0	66.0	False	True	17	0	69	74137	797649
Butter (Holiday Remix)	Butter (Holiday Remix)	BTS	['k-pop']	2021-12-03	161894.0	44.0	False	True	5	1	3	438327	797398
Gió (Lofi)	Gió (Lofi)	1 9 6 7	['vietnamese lo-fi', 'v-pop']	2023-03-23	214958.0	43.0	False	True	9	0	141	95202	797042
Anyone	Justice	Justin Bieber	[]	2021-03-19	190779.0	67.0	False	True	12	0	24	111584	796513
Nxde	I love	(G)I-DLE	['k-pop']	2022-10-17	178453.0	66.0	False	True	11	0	63	119869	794134
Người Được Chọn (feat. B Ray, 24k.Right, Dick, CAPTAIN & Đạt G)	Rap Việt Mùa 3 (2023) - Tập 16	RAP VIỆT	['vietnamese hip hop', 'v-pop']	2023-09-10	318066.0	42.0	False	True	5	0	45	215305	793854
Waste It On Me (feat. BTS)	Neon Future III	Steve Aoki	['electro house', 'edm']	2018-11-09	192536.0	56.0	False	True	40	6	2	92830	792957
the boy is mine	eternal sunshine	Ariana Grande	['pop']	2024-03-08	173639.0	78.0	True	True	5	0	98	190271	789397
Youngblood	Youngblood (Deluxe)	5 Seconds of Summer	[]	2018-06-15	203417.0	77.0	False	True	74	0	18	17868	786207
Louder than bombs	MAP OF THE SOUL : 7	BTS	['k-pop']	2020-02-21	217404.0	60.0	False	True	13	1	7	236177	781725
Chân Ái	Chân Ái	Orange	['v-pop', 'vietnamese hip hop', 'vietnamese lo-fi', 'vietnam indie', 'vinahouse']	2020-04-15	262826.0	30.0	False	True	29	0	85	34619	780335
Delicate	reputation	Taylor Swift	[]	2017-11-10	232253.0	76.0	False	True	73	1	8	36439	779853
Love Someone	3 (The Purple Album)	Lukas Graham	[]	2018-10-26	205440.0	65.0	False	True	45	1	9	22005	777954
Toxic	Serotonin Dreams	BoyWithUke	[]	2022-05-06	168066.0	69.0	False	True	18	0	70	63575	777543
IDGAF	Dua Lipa (Deluxe)	Dua Lipa	['pop']	2017-06-02	217946.0	74.0	True	True	72	1	9	41752	776323
Close To Me	Brightest Blue	Ellie Goulding	[]	2020-07-17	182626.0	59.0	True	True	51	0	17	19251	774755
I Need U	The Most Beautiful Moment in Life Pt.1	BTS	['k-pop']	2015-04-29	210986.0	66.0	False	True	4	1	7	633750	772207
Tinh Nhan Oi	Tinh Nhan Oi	Orange	['v-pop', 'vietnamese hip hop', 'vietnamese lo-fi', 'vietnam indie', 'vinahouse']	2019-01-07	254819.0	42.0	False	True	38	0	84	31600	769381
Túy Âm - CM1X Remix	Túy Âm (CM1X Remix)	Xesi	['v-pop', 'vietnamese hip hop', 'vinahouse', 'vietnamese lo-fi', 'vietnam indie']	2023-02-17	177600.0	33.0	False	True	58	0	98	20884	768848
Có đau thì đau một mình	CAM'ON	Orange	['v-pop', 'vietnamese hip hop', 'vietnamese lo-fi', 'vietnam indie', 'vinahouse']	2024-01-11	210531.0	37.0	False	True	6	0	97	137517	766555
Quá Khứ Đôi, Hiện Tại Đơn	Quá Khứ Đôi, Hiện Tại Đơn	Đức Phúc	['v-pop', 'vinahouse', 'vietnam indie']	2022-09-24	310769.0	26.0	False	True	7	0	27	176118	764465
Mưa Thâm Lặng Giời	Mưa Thâm Lặng Giời	BigDaddy	['v-pop', 'vietnamese hip hop', 'vinahouse', 'vietnam indie']	2024-11-01	228521.0	44.0	False	True	4	0	112	209674	763944
Chicken Noodle Soup (feat. Becky G)	Chicken Noodle Soup (feat. Becky G)	j-hope	['k-pop', 'k-rap']	2019-09-27	235497.0	61.0	False	True	18	1	10	128748	763405
cardigan	folklore	Taylor Swift	[]	2020-07-24	239560.0	80.0	False	True	12	2	4	185253	760382
Tối Nay Ta Đi Đâu Nhờ	99%	RPT MCK	['vietnamese hip hop', 'v-pop', 'vietnam indie']	2023-03-02	104698.0	40.0	True	True	7	0	55	185614	760342
Monster (Shawn Mendes & Justin Bieber)	Monster	Shawn Mendes	['pop']	2020-11-20	178994.0	63.0	False	True	13	0	15	136831	759027
Any song	Any song	ZICO	['k-rap', 'k-pop']	2020-01-13	227226.0	58.0	False	True	18	0	18	64138	757748
All Too Well (10 Minute Version) (Taylor's Version) (From The Vault)	Red (Taylor's Version)	Taylor Swift	[]	2021-11-12	613026.0	75.0	True	True	8	0	11	158894	756004
Cool With You	NewJeans 2nd EP 'Get Up'	NewJeans	['k-pop']	2023-07-21	147880.0	68.0	False	True	5	0	15	299555	755689
Tay-Lai Pr0 (Tây-Lai Pr0) [feat. JustaTee & Double2T]	Rap Việt Mùa 3 (2023) - Tập 16	RAP VIỆT	['vietnamese hip hop', 'v-pop']	2023-09-10	258305.0	32.0	False	True	5	0	48	210060	754392
There's No One At All (Another Version)	There's No One At All (Another Version)	Sơn Tùng M-TP	['v-pop', 'vinahouse', 'vietnamese hip hop']	2022-07-05	201469.0	37.0	False	True	7	0	16	178245	754103
Souvenir	Rare (Deluxe)	Selena Gomez	['pop']	2020-04-09	161605.0	60.0	False	True	27	0	58	38307	752222
Hồng không gai	TO LOVE AND BE LOVED	Winno	['vietnamese hip hop', 'v-pop', 'vietnam indie']	2024-02-14	224918.0	53.0	False	True	4	0	128	201517	750391
Inner Child	MAP OF THE SOUL : 7	BTS	['k-pop']	2020-02-21	233265.0	58.0	False	True	13	1	10	225995	749697
Intro: Singularity	Love Yourself 轉 'Tear'	BTS	['k-pop']	2018-05-18	196998.0	56.0	False	True	43	0	12	111088	749002
Midnight Rain	Midnights	Taylor Swift	[]	2022-10-21	174782.0	71.0	False	True	7	0	14	226668	748186
South of the Border (feat. Camila Cabello & Cardi B)	No.6 Collaborations Project	Ed Sheeran	['soft pop']	2019-07-12	204466.0	67.0	False	True	29	0	24	47046	746564
Born Again (feat. Doja Cat & RAYE)	Born Again (feat. Doja Cat & RAYE)	LISA	['k-pop']	2025-02-06	231174.0	87.0	False	True	2	0	30	494373	745540
những đốm sáng	ái	tlinh	['v-pop', 'vietnamese hip hop', 'vietnam indie', 'vietnamese lo-fi', 'vinahouse']	2023-08-16	243640.0	42.0	False	True	6	0	48	210400	744043
Thiên Đàng	Thiên Đàng	Wowy	['vietnamese hip hop', 'v-pop']	2020-10-16	232173.0	29.0	False	True	20	0	100	45587	743644
Smart	Smart (Remixes)	LE SSERAFIM	['k-pop']	2024-03-22	166384.0	72.0	False	True	6	0	178	134571	740910
Super	SEVENTEEN 10th Mini Album 'FML'	SEVENTEEN	['k-pop']	2023-04-24	200386.0	64.0	False	True	6	0	51	179156	740426
Die For You	SMITHEREENS	Joji	[]	2022-11-04	211666.0	71.0	False	True	9	0	25	150139	739376
Forever (feat. Post Malone & Clever)	Changes	Justin Bieber	[]	2020-02-14	219933.0	62.0	False	True	22	0	19	68288	739354
Take You Dancing	Take You Dancing	Jason Derulo	[]	2020-07-22	190306.0	66.0	False	True	16	0	34	62109	739033
Speechless (Full)	Aladdin (Original Motion Picture Soundtrack)	Naomi Scott	[]	2019-05-22	208800.0	64.0	False	True	29	0	13	45310	737754
HÚT (feat. Lou Hoàng, Pháp Kiều, WEAN, Quân A.P, Hải Đăng Doo, Ali Hoàng Dương & Nicky)	"ANH TRAI ""SAY HI"", Tập 2"	"ANH TRAI ""SAY HI"""	['v-pop', 'vietnamese hip hop']	2024-06-24	205379.0	41.0	False	True	5	0	144	154121	737016
GIÀU NHẤT KHU PHÙ HOA	WeChoice Awards 2024	JustaTee	['v-pop', 'vietnamese hip hop', 'vietnam indie', 'vietnamese lo-fi', 'vinahouse']	2025-01-10	320000.0	52.0	False	True	4	0	121	229396	734987
Vành Khuyên Nhỏ (feat. Liu Grace)	Rap Việt Mùa 3 - Vòng 1	RAP VIỆT	['vietnamese hip hop', 'v-pop']	2023-07-21	162457.0	29.0	False	True	5	0	56	166798	732653
The Feels	Formula of Love: O+T=<3	TWICE	['k-pop']	2021-11-12	198053.0	66.0	False	True	15	0	23	100231	728320
Những Kẻ Mộng Mơ	Anh Trai Vượt Ngàn Chông Gai 2024 - Công Diễn 2	SOOBIN	['v-pop', 'vietnamese hip hop', 'vietnamese lo-fi', 'vietnam indie', 'vinahouse']	2024-08-10	293538.0	44.0	False	True	4	0	104	201120	726408
Interlude : Dive	FACE	Jimin	['k-pop']	2023-03-24	130996.0	54.0	False	True	3	0	16	367549	719555
Mời Anh Vào Team Em	Mời Anh Vào Team Em	Chi Pu	['v-pop', 'vinahouse', 'vietnam indie']	2018-11-27	195000.0	29.0	False	True	38	3	4	39721	719068
It's You	YOU	Ali Gatie	[]	2019-11-08	212606.0	71.0	False	True	40	0	125	21962	715572
iceman	iceman	Sol7	['vietnamese hip hop', 'v-pop', 'vietnam indie']	2021-03-03	178142.0	38.0	True	True	19	0	121	44252	713394
BACK TO HOMETOWN (TRỞ VỀ QUÊ NHÀ) [feat. Sol7]	Rap Việt Season 2 - Tập 3	RAP VIỆT	['vietnamese hip hop', 'v-pop']	2021-11-01	176000.0	31.0	False	True	14	0	29	99339	712929
Lie	Wings	BTS	['k-pop']	2016-10-10	215752.0	59.0	False	True	10	0	31	133760	711042
It's Beginning to Look a Lot like Christmas	Christmas (Deluxe Special Edition)	Michael Bublé	['christmas']	2012-11-09	206639.0	68.0	False	True	19	0	51	70357	707927
LUNCH	HIT ME HARD AND SOFT	Billie Eilish	[]	2024-05-17	179586.0	83.0	False	True	4	0	58	224942	707408
Thờ Er	99%	RPT MCK	['vietnamese hip hop', 'v-pop', 'vietnam indie']	2023-03-02	98325.0	39.0	True	True	7	0	75	163422	706099
Truy Lùng Bảo Vật (feat. 24k.Right & Sofia)	Rap Việt Mùa 3 (2023) - Tập 15	RAP VIỆT	['vietnamese hip hop', 'v-pop']	2023-09-03	291030.0	41.0	False	True	4	0	38	237352	705160
Nắng Ấm Xa Dần - Onionn Remix	Nắng Ấm Xa Dần (Onionn Remix)	Sơn Tùng M-TP	['v-pop', 'vinahouse', 'vietnamese hip hop']	2019-04-05	190088.0	41.0	False	True	39	0	24	29121	705138
Dream Glow (BTS World Original Soundtrack) (Pt. 1)	Dream Glow (BTS World Original Soundtrack) (Pt. 1)	BTS	['k-pop']	2019-06-07	187457.0	54.0	False	True	18	2	1	168077	703712
Yêu Một Người Sao Buồn Đến Thế	Yêu Một Người Sao Buồn Đến Thế	Noo Phước Thịnh	['v-pop', 'vinahouse', 'vietnamese lo-fi']	2020-10-27	299028.0	44.0	False	True	16	0	45	71728	699999
pages		WIMY							5	0	94	171390	698699
Trống Cơm	Anh Trai Vượt Ngàn Chông Gai 2024 - Công Diễn 1	Cường Seven	['v-pop']	2024-07-27	254119.0	44.0	False	True	4	0	80	233404	698647
I CAN'T STOP ME	Eyes Wide Open	TWICE	['k-pop']	2020-10-26	205493.0	66.0	False	True	13	0	13	109565	697620
Every Summertime	Every Summertime	NIKI	[]	2021-08-10	215686.0	72.0	False	True	13	0	71	71563	692704
Thờ ơ	Thờ ơ	WEAN	['v-pop', 'vietnamese hip hop', 'vietnam indie', 'vietnamese lo-fi']	2024-08-28	165333.0	44.0	True	True	4	0	120	181847	690612
ĐÃ TỪNG LÀ	ĐÃ TỪNG LÀ	Vũ.	['v-pop', 'vietnam indie', 'vietnamese lo-fi']	2020-05-01	260507.0	30.0	False	True	18	1	10	79298	690461
khi cô đơn em nhớ đến ai	Hương Mùa Hè EP.01	GREY D	['v-pop', 'vietnam indie', 'vietnamese lo-fi', 'vietnamese hip hop']	2022-07-03	269387.0	38.0	False	True	13	0	95	69239	685724
Hành Tinh Song Song	Vũ Trụ Song Song	Vũ.	['v-pop', 'vietnam indie', 'vietnamese lo-fi']	2019-11-06	305413.0	32.0	False	True	48	2	6	30300	684475
Interlude : Shadow	MAP OF THE SOUL : 7	BTS	['k-pop']	2020-02-21	259821.0	55.0	False	True	12	0	12	182205	680803
love nwantiti (ah ah ah)	CKay The First	CKay	['afrobeats', 'afrobeat', 'afropop']	2019-08-30	145800.0	72.0	True	True	17	0	84	56662	680461
Vì Em Tất Cả	Vì Em Tất Cả	Mỹ Tâm	['v-pop', 'vietnamese bolero', 'vietnam indie']	2023-11-11	227205.0	46.0	False	True	4	0	61	225383	680461
Cupid (Twin Ver.) - Live Studio Version OT4	The Beginning	FIFTY FIFTY	['k-pop']	2023-09-22	174116.0	72.0	False	True	3	0	26	280194	678826
Jingle Bell Rock	Jingle Bell Rock/Captain Santa Claus (And His Reindeer Space Patrol)	Bobby Helms	['christmas']	1957-12-02	130973.0	73.0	False	True	17	0	42	69914	678502
ZOOM	ZOOM	Jessi	['k-pop', 'k-rap']	2022-04-13	174840.0	59.0	False	True	10	0	50	94412	678399
POP!	IM NAYEON	NAYEON	['k-pop']	2022-06-24	168106.0	68.0	False	True	11	0	61	94368	678343
Biết Khi Nào Gặp Lại	Tâm 9	Mỹ Tâm	['v-pop', 'vietnamese bolero', 'vietnam indie']	2017-12-06	246333.0	31.0	False	True	60	0	13	31601	677710
Quên Đặt Tên	Quên Đặt Tên	Phạm Nguyên Ngọc	['v-pop', 'vietnamese lo-fi', 'vietnam indie']	2022-06-23	334137.0	42.0	False	True	13	0	119	56740	677294
Chân Tình	Chân Tình	Quang Trung	['v-pop', 'vietnamese lo-fi', 'vietnamese hip hop', 'vietnam indie']	2021-11-22	208000.0	42.0	False	True	15	0	92	58941	677003
Rebirth (Intro)	MUSE	Jimin	['k-pop']	2024-07-19	144624.0	68.0	False	True	2	0	14	536158	674569
Trivia 轉 : Seesaw	Love Yourself 結 'Answer'	BTS	['k-pop']	2018-08-24	246334.0	61.0	False	True	20	4	3	312391	674210
Sài Gòn ơi	Đánh Đổi	Obito	['v-pop', 'vietnamese hip hop', 'vietnam indie']	2023-10-10	188256.0	48.0	True	True	5	0	68	180255	671447
3D (Alternate Ver.)	3D : The Remixes	Jung Kook	['k-pop']	2023-10-02	162545.0	53.0	False	True	2	1	6	554092	670866
Lac Nhau Co Phai Muon Doi. - Original	Lac Nhau Co Phai Muon Doi. (Original)	ERIK	['v-pop', 'vietnamese lo-fi', 'vinahouse', 'vietnam indie']	2018-05-25	282575.0	40.0	False	True	33	0	133	24307	668232
Tell Ur Mom II - Gii, Hiderway Remix	Tell Ur Mom II (Gii, Hiderway Remix)	Winno	['vietnamese hip hop', 'v-pop', 'vietnam indie']	2021-11-19	216000.0	36.0	True	True	16	0	115	49047	667579
idontwannabeyouanymore	dont smile at me	Billie Eilish	[]	2017-12-22	203569.0	76.0	False	True	53	0	82	18461	666092
Therefore I Am	Happier Than Ever	Billie Eilish	[]	2021-07-30	173539.0	70.0	False	True	14	0	28	92499	660961
Butter (Instrumental)	Butter (Hotter, Sweeter, Cooler)	BTS	['k-pop']	2021-06-04	162146.0	32.0	False	True	9	0	19	160679	660906
2GOILAYS	2GOILAYS	DMT	['vietnamese hip hop', 'v-pop']	2025-01-30	260252.0	53.0	True	True	3	0	102	238434	660637
Thunderclouds (feat. Sia, Diplo, and Labrinth)	LABRINTH, SIA & DIPLO PRESENT... LSD	Sia	[]	2019-04-12	187026.0	64.0	False	True	41	8	2	31837	659873
BAND4BAND (feat. Lil Baby)	BAND4BAND (feat. Lil Baby)	Central Cee	['uk drill', 'drill', 'grime']	2024-05-23	140733.0	75.0	True	True	5	0	135	145117	658712
Paris in the Rain	I met you when I was 18. (the playlist)	Lauv	[]	2018-05-31	204712.0	67.0	False	True	52	0	82	24801	658431
Bones	Mercury - Acts 1 & 2	Imagine Dragons	[]	2022-07-01	165264.0	77.0	False	True	12	0	70	75120	657555
Người Bình Thường	Người Bình Thường	Vũ Cát Tường	['v-pop', 'vietnam indie']	2023-12-04	284600.0	47.0	False	True	5	0	173	138657	657375
HUSTLANG ALL DAY (feat. Hustlang Robber)	RAP VIỆT 2024, Tập 14	RAP VIỆT	['vietnamese hip hop', 'v-pop']	2024-12-09	274000.0	50.0	False	True	3	0	98	259467	656255
Quên Anh Đi	22	MONO	['v-pop', 'vietnamese hip hop', 'vinahouse']	2022-08-18	246685.0	31.0	False	True	10	0	49	113802	652458
Love You With All My Heart	Queen of Tears (Original Television Soundtrack), Pt.4	Crush	['k-rap', 'k-pop', 'k-ballad']	2024-03-24	244186.0	66.0	False	True	4	0	73	205846	652206
Running Up That Hill (A Deal With God)	Hounds Of Love	Kate Bush	['art pop', 'baroque pop', 'art rock']	1985-09-16	298933.0	76.0	False	True	10	0	71	82502	647513
Better Now	beerbongs & bentleys	Post Malone	[]	2018-04-27	231266.0	75.0	True	True	64	1	5	21044	647410
What You Waiting For	XOXO	JEON SOMI	['k-pop']	2021-10-29	175375.0	47.0	False	True	13	0	23	91541	646555
TALAGI	TALAGI	kidsai	['v-pop', 'vietnamese hip hop', 'vietnam indie']	2024-11-01	222831.0	52.0	False	True	4	0	133	183682	645153
Hot Shot, Dlow (feat. Dlow)	Rap Việt Mùa 3 (2023) - Tập 6	RAP VIỆT	['vietnamese hip hop', 'v-pop']	2023-07-02	163711.0	28.0	False	True	6	0	102	120813	643049
Serendipity (Full Length Edition)	Love Yourself 結 'Answer'	BTS	['k-pop']	2018-08-24	276707.0	62.0	False	True	10	0	28	124193	642510
Khi Ta Yêu (Nhạc Phim Chị Trợ Lý Của Anh)	Khi Ta Yêu (Nhạc Phim Chị Trợ Lý Của Anh)	Mỹ Tâm	['v-pop', 'vietnamese bolero', 'vietnam indie']	2019-01-25	218461.0	16.0	False	True	38	0	18	23967	642110
Sudden Shower	Lovely Runner, Pt. 1 (Original Soundtrack)	ECLIPSE	['soundtrack', 'k-ballad']	2024-04-08	233031.0	68.0	False	True	5	0	152	136611	642075
You Are The Reason	Only Human (Deluxe)	Calum Scott	['soft pop']	2018-03-09	204326.0	74.0	False	True	53	0	99	21718	640331
Kitsch	I've IVE	IVE	['k-pop']	2023-04-10	195440.0	62.0	False	True	5	0	62	168660	639992
Một Cú Lừa (Đu Đưa Version)	tâm trạng tan hơi chậm một chút	Bích Phương	['v-pop', 'vietnamese hip hop', 'vietnamese lo-fi', 'vinahouse', 'vietnam indie']	2020-05-17	224347.0	29.0	False	True	12	0	12	85722	637822
Supalonely	STELLA & STEVE	BENEE	[]	2019-11-15	223480.0	62.0	True	True	19	0	41	48214	636900
The Creaking		Hoàng Thùy Linh							18	2	8	120698	636149
Cự Tuyệt	Love Songs Collection 4: Càng Trưởng Thành, Càng Cô Đơn	Hồ Ngọc Hà	['v-pop', 'vinahouse']	2020-08-21	296996.0	25.0	False	True	14	0	19	99675	636135
HUH?! (feat. j-hope)	D-DAY	Agust D	['k-pop', 'k-rap']	2023-04-21	183290.0	60.0	True	True	3	1	10	395138	636002
Liar	Romance	Camila Cabello	['pop']	2019-12-06	207038.0	58.0	False	True	17	0	15	58565	634192
Giá Như	Qua Khung Cửa Sổ	Chillies	['v-pop', 'vietnam indie', 'vietnamese lo-fi', 'vietnamese hip hop']	2021-05-05	297000.0	31.0	False	True	14	0	19	125723	631824
MORE & MORE	MORE & MORE	TWICE	['k-pop']	2020-06-01	199653.0	57.0	False	True	15	1	5	122748	629993
Đó Chỉ Là Thành Phố Của Anh	Đó Chỉ Là Thành Phố Của Anh	Luxuyen	['v-pop', 'vietnam indie', 'vietnamese hip hop']	2017	94140.0	47.0	False	True	5	0	173	135062	629362
Chạy Ngay Đi - Onionn Remix	Chạy Ngay Đi (Onionn Remix)	Sơn Tùng M-TP	['v-pop', 'vinahouse', 'vietnamese hip hop']	2018-07-05	230400.0	48.0	False	True	22	0	14	63260	626206
bury a friend	WHEN WE ALL FALL ASLEEP, WHERE DO WE GO?	Billie Eilish	[]	2019-03-29	193143.0	71.0	False	True	29	1	7	32087	625179
Mình Lượn Lờ Làm Wen (NOVINA)	Mình Lượn Lờ Làm Wen (NOVINA)	VCC Left Hand	['vietnamese hip hop', 'v-pop', 'vietnam indie']	2025-01-24	156000.0	51.0	False	True	3	0	83	259963	625108
Christmas Love	Christmas Love	Jimin	['k-pop']	2020-12-24	197930.0	55.0	False	True	4	0	39	227176	624976
BATTER UP	BATTER UP	BABYMONSTER	['k-pop']	2023-11-27	188179.0	70.0	False	True	4	0	93	176175	624532
Love Is Gone - Acoustic	Love Is Gone (Acoustic)	SLANDER	['melodic bass', 'edm', 'future bass', 'dubstep']	2019-11-13	176971.0	71.0	False	True	21	0	155	34446	623975
Be Alright	A Place We Knew	Dean Lewis	[]	2019-03-22	196493.0	75.0	True	True	48	0	12	19673	622971
Không Muốn Một Mình - Chill Ver	Không Muốn Một Mình (Chill Ver)	Vicky Nhung	['vietnamese lo-fi', 'v-pop', 'vinahouse', 'vietnamese bolero']	2022-12-20	226810.0	33.0	False	True	4	1	5	248710	619756
Happier Than Ever	Happier Than Ever	Billie Eilish	[]	2021-07-30	298899.0	80.0	True	True	10	0	14	130917	617808
Người Ấy Là Ai (feat. 16 Typh)	Rap Việt Tập 11	RAP VIỆT	['vietnamese hip hop', 'v-pop']	2020-10-16	203520.0	23.0	False	True	10	0	27	92398	617583
làm lành chữa tình	ái	tlinh	['v-pop', 'vietnamese hip hop', 'vietnam indie', 'vietnamese lo-fi', 'vinahouse']	2023-08-16	206400.0	41.0	False	True	5	0	55	203972	616066
Title	Title (Deluxe)	Meghan Trainor	[]	2015-01-09	174733.0	59.0	True	True	13	0	69	66924	614445
Blueberry Faygo	Certified Hitmaker	Lil Mosey	['melodic rap']	2020-02-06	162546.0	69.0	True	True	23	0	67	35656	612623
Thủ Đô Cypher (RPT Phongkhin Remix)	Thủ Đô Cypher (RPT Phongkhin Remix)	Rapital	['vietnamese hip hop', 'v-pop', 'vietnam indie']	2021-06-19	193125.0	45.0	True	True	5	0	147	138091	612333
thế giới có nơi nào cho em	thế giới có nơi nào cho em	Sweet Liquor	['v-pop', 'vietnam indie']	2022-10-19	233280.0	41.0	False	True	8	0	142	89194	611822
Chú Chó Trên Ô Tô (feat. Tlinh)	Rap Việt Tập 15	RAP VIỆT	['vietnamese hip hop', 'v-pop']	2020-11-08	193485.0	27.0	False	True	10	0	17	114168	611786
TRAI HỌ VŨ (feat. Gill & ICY FAMOU$)	RAP VIỆT 2024, Tập 9	RAP VIỆT	['vietnamese hip hop', 'v-pop']	2024-11-18	216625.0	49.0	False	True	3	0	120	212839	610765
Ra Là Em Đâu Quá Mong Manh	Ra Là Em Đâu Quá Mong Manh	Charmy Pham	['v-pop', 'vinahouse']	2019-05-09	261800.0	24.0	False	True	27	0	28	34835	602548
Người Ôm Pháo Hoa (The Moon In The Sun)		Đông Nhi							4	0	57	181934	602490
Lời Yêu Em	Lời Yêu Em	Vũ.	['v-pop', 'vietnam indie', 'vietnamese lo-fi']	2013-03-28	285152.0	44.0	False	True	24	0	162	35897	602163
Lavender Haze	Midnights	Taylor Swift	[]	2022-10-21	202395.0	70.0	True	True	6	0	12	228834	600637
Đâu Ai Dám Hứa	Đâu Ai Dám Hứa	Czee	['v-pop', 'vietnam indie']	2021-11-15	224047.0	45.0	False	True	7	0	137	98682	597744
달라달라 (DALLA DALLA)		ITZY							30	0	15	33362	596780
Normal No More	Normal No More	TYSM	[]	2020-04-17	199578.0	52.0	True	True	13	0	95	58180	596130
The Man	Lover	Taylor Swift	[]	2019-08-23	190360.0	75.0	False	True	19	2	4	96158	593417
Peter Pan Was Right	Peter Pan Was Right	Anson Seabra	[]	2022-04-29	192497.0	59.0	False	True	12	0	108	59627	592796
Physical	Future Nostalgia	Dua Lipa	['pop']	2020-03-27	193829.0	71.0	False	True	16	0	26	60687	590566
Tình Đắng Như Ly Cà Phê	Tình Đắng Như Ly Cà Phê	Ngơ	['v-pop', 'vietnam indie', 'vietnamese lo-fi', 'vietnamese hip hop']	2021-03-31	215172.0	50.0	False	True	26	0	76	33217	584858
UGH!	MAP OF THE SOUL : 7	BTS	['k-pop']	2020-02-21	225012.0	59.0	False	True	11	0	12	203096	584692
Anh - Uyên Linh Version		Chị Đẹp Đạp Gió Rẽ Sóng							4	0	115	166835	584352
Butter (Megan Thee Stallion Remix)	Butter (Megan Thee Stallion Remix)	BTS	['k-pop']	2021-08-27	164457.0	53.0	False	True	4	1	2	446193	582979
Someone Like You	21	Adele	['soft pop']	2011-01-24	285240.0	78.0	False	True	68	0	77	45099	582649
The Joker And The Queen (feat. Taylor Swift)	The Joker And The Queen (feat. Taylor Swift)	Ed Sheeran	['soft pop']	2022-02-11	185422.0	60.0	False	True	5	0	17	147853	581154
2 5	2 5	Táo	['vietnamese hip hop', 'v-pop', 'vietnam indie', 'vietnamese lo-fi']	2021-01-24	252000.0	45.0	False	True	15	0	164	52614	578653
Một Bước Yêu Vạn Dặm Đau	Một Bước Yêu Vạn Dặm Đau	Mr.Siro	['v-pop', 'vinahouse']	2019-03-14	298913.0	51.0	False	True	6	0	169	113419	575622
Smoke Sprite (feat. RM of BTS)	Episode1 : Love	So!YoON!	['k-rock']	2023-03-14	242200.0	58.0	False	True	4	0	33	245067	574949
Step Back	Step Back	GOT the beat	['k-pop']	2022-01-03	228613.0	58.0	False	True	12	0	57	76412	574222
Trò Chơi	The Playah	SOOBIN	['v-pop', 'vietnamese hip hop', 'vietnamese lo-fi', 'vietnam indie', 'vinahouse']	2020-12-15	196271.0	38.0	False	True	10	0	34	90664	568870
Life Goes On	D-DAY	Agust D	['k-pop', 'k-rap']	2023-04-21	197638.0	61.0	False	True	3	0	14	344481	568352
Boy	Boy	ICM	['v-pop', 'vietnam indie', 'vietnamese lo-fi', 'vinahouse', 'vietnamese hip hop']	2021-11-17	145058.0	0.0	False	True	7	1	5	204235	567022
a thousand years	a thousand years	Christina Perri	['soft pop']	2011-10-18	285120.0	79.0	False	True	59	0	111	15282	564227
Đừng Xa Anh Nhé (feat. Harvey)	Đừng Xa Anh Nhé (feat. Harvey)	Kevindauroi	['v-pop']	2024-06-23	230736.0	47.0	False	True	4	0	137	147218	560548
Tình Cờ (feat. CHARLES., Brown, KIMLONG & Duy Sơn)	Space Jam, Vol. 2 - DO4LOVE	SOOBIN	['v-pop', 'vietnamese hip hop', 'vietnamese lo-fi', 'vietnam indie', 'vinahouse']	2025-01-18	232989.0	43.0	False	True	3	0	101	222031	560369
Lạc Trôi	m-tp M-TP	Sơn Tùng M-TP	['v-pop', 'vinahouse', 'vietnamese hip hop']	2017-04-01	232888.0	48.0	False	True	30	0	38	34769	559790
That Girl	24 HRS (Expanded Edition)	Olly Murs	[]	2016-11-11	176746.0	58.0	False	True	40	7	2	38880	558650
Vì Em Chưa Bao Giờ Khóc	Vì Em Chưa Bao Giờ Khóc	Hà Nhi	['v-pop', 'vinahouse', 'vietnamese lo-fi', 'vietnam indie']	2023-06-30	267692.0	43.0	False	True	5	0	80	137120	555781
Graveyard	Manic	Halsey	[]	2020-01-17	181805.0	60.0	False	True	19	0	42	38694	555554
Toosie Slide	Toosie Slide	Drake	['rap', 'hip hop']	2020-04-03	247058.0	66.0	True	True	14	0	35	55474	554122
HOME SWEET HOME (feat. TAEYANG & DAESUNG)	HOME SWEET HOME (feat. TAEYANG & DAESUNG)	G-DRAGON	['k-pop', 'k-rap']	2024-11-22	211330.0	73.0	False	True	2	0	68	288056	550986
Điều Ta Viết Mùa Xa Nhau	Điều Ta Viết Mùa Xa Nhau	Đoàn Minh Quân	['vietnam indie', 'v-pop']	2018-03-01	281311.0	28.0	False	True	12	0	124	51921	549208
Magic Shop	Love Yourself 轉 'Tear'	BTS	['k-pop']	2018-05-18	275695.0	63.0	False	True	34	2	6	66139	548914
CẢM NHẬN (feat. Seachains)	Rap Việt Season 2 - Tập 1	RAP VIỆT	['vietnamese hip hop', 'v-pop']	2021-10-18	177684.0	30.0	False	True	9	0	23	110354	548697
Your eyes tell	MAP OF THE SOUL : 7 ~ THE JOURNEY ~	BTS	['k-pop']	2020-07-14	245146.0	57.0	False	True	16	0	48	55897	548600
Không Bằng - Rin Music Remix	Không Bằng - Rin Music Remix	Na	['vinahouse', 'vietnamese lo-fi', 'v-pop']	2021-11-22	250913.0	43.0	False	True	13	0	116	48944	547708
All Of The Girls You Loved Before	All Of The Girls You Loved Before	Taylor Swift	[]	2019-08-23	221407.0	70.0	False	True	4	0	54	185308	544232
Thunder	Thunder	Gabry Ponte	['slap house', 'italo dance']	2021-05-07	160000.0	73.0	False	True	13	0	84	48940	542211
Người Hãy Quên Em Đi	Tâm 9	Mỹ Tâm	['v-pop', 'vietnamese bolero', 'vietnam indie']	2017-12-06	232481.0	43.0	False	True	24	0	114	27638	539998
Life Goes On	Ugly is Beautiful: Shorter, Thicker & Uglier (Deluxe)	Oliver Tree	[]	2021-05-28	161803.0	68.0	False	True	10	0	47	78607	539202
M.	M.	16 Typh	['vietnamese hip hop', 'v-pop', 'vinahouse']	2023-09-14	181512.0	30.0	False	True	4	0	61	173397	538379
Talk that Talk	BETWEEN 1&2	TWICE	['k-pop']	2022-08-26	177466.0	64.0	False	True	6	0	24	165134	538220
My Oh My (feat. DaBaby)	Romance	Camila Cabello	['pop']	2019-12-06	170746.0	69.0	False	True	19	0	56	35439	537969
Who Do You Love	World War Joy	The Chainsmokers	[]	2019-12-06	226733.0	62.0	True	True	28	0	19	27308	532490
Sunday Best	Where the Light Is	Surfaces	[]	2019-01-06	158947.0	68.0	False	True	20	0	87	31232	531396
Ngày Khác Lạ	Ngày Khác Lạ	Đen	['v-pop', 'vietnamese hip hop', 'vietnam indie', 'vietnamese lo-fi']	2018-02-23	212173.0	40.0	False	True	41	0	94	25399	530960
Chim Sẻ Và Dâu Tây (feat. Dế Choắt & Wowy)	Rap Việt Tập 16	RAP VIỆT	['vietnamese hip hop', 'v-pop']	2020-11-16	207789.0	30.0	False	True	11	0	26	108367	530102
UNFORGIVEN (feat. Nile Rodgers)	UNFORGIVEN	LE SSERAFIM	['k-pop']	2023-05-01	182148.0	67.0	False	True	5	0	98	137199	529699
Mất Tích	Gieo	Ngọt	['vietnam indie', 'v-pop', 'vietnamese hip hop']	2022-11-25	271923.0	49.0	False	True	4	0	82	161461	525685
People	People	Libianca	['afrobeats', 'afrobeat']	2022-12-06	184791.0	73.0	False	True	4	0	75	164970	523887
Better	Suncity	Khalid	[]	2018-10-19	229320.0	74.0	True	True	42	4	5	19834	522605
SUGA's Interlude	Manic	Halsey	[]	2020-01-17	138204.0	55.0	False	True	12	1	5	109511	521548
Ex's Hate Me	Ex's Hate Me	B Ray	['vietnamese hip hop', 'v-pop', 'vinahouse', 'vietnam indie']	2023-04-15	258023.0	50.0	False	True	5	0	141	110408	521408
Heartbeat (BTS World Original Soundtrack)	BTS WORLD (Original Soundtrack)	BTS	['k-pop']	2019-06-28	253303.0	57.0	False	True	16	1	6	107031	520000
Đố Anh Đoán Được - Tilo x Nhí x Grusi Remix	Đố Anh Đoán Được (Tilo x Nhí x Grusi Remix)	Bích Phương	['v-pop', 'vietnamese hip hop', 'vietnamese lo-fi', 'vinahouse', 'vietnam indie']	2021-06-14	210053.0	21.0	False	True	6	0	23	131050	519148
Cô Đơn	Cô Đơn	Hngle	['v-pop', 'vietnamese hip hop', 'vinahouse']	2022-12-30	224649.0	41.0	False	True	6	0	66	113147	518818
Tèn Tèn Girls! (feat. Tlinh & Suboi)	Rap Việt Tập 16	RAP VIỆT	['vietnamese hip hop', 'v-pop']	2020-11-16	189861.0	29.0	False	True	9	0	23	113367	516579
A Brand New Day (BTS World Original Soundtrack) (Pt. 2)	A Brand New Day (BTS World Original Soundtrack) (Pt. 2)	BTS	['k-pop']	2019-06-14	205019.0	51.0	False	True	12	2	1	129165	514818
Up	Up (Instrumental)	Cardi B	[]	2021-02-04	156944.0	64.0	True	True	13	0	68	53579	513847
NẮM ĐÔI BÀN TAY		Kay Trần							11	0	39	89291	512824
Don’t Call Me Angel (Charlie’s Angels) (with Miley Cyrus & Lana Del Rey)	Charlie's Angels (Original Motion Picture Soundtrack)	Ariana Grande	['pop']	2019-11-01	190066.0	64.0	False	True	11	2	2	111289	512227
Your Power	Happier Than Ever	Billie Eilish	[]	2021-07-30	245896.0	71.0	False	True	5	0	18	164965	510956
august	folklore	Taylor Swift	[]	2020-07-24	261922.0	79.0	False	True	9	0	31	99602	509358
ƯỚC ANH TAN NÁT CON TIM	ƯỚC ANH TAN NÁT CON TIM	Phùng Khánh Linh	['v-pop', 'vietnam indie', 'city pop']	2024-09-06	230599.0	41.0	False	True	3	0	118	177414	508507
It'll Be Okay	It'll Be Okay	Shawn Mendes	['pop']	2021-12-01	222800.0	67.0	False	True	10	0	53	82657	507177
dằm trong tim	Hương Mùa Hè	SUNI	['v-pop', 'vietnam indie', 'vietnamese lo-fi', 'vinahouse']	2022-07-24	230000.0	38.0	False	True	6	0	43	114748	506907
DDU-DU DDU-DU - KR Ver.		BLACKPINK							30	6	2	37482	506616
Rockin' Around The Christmas Tree	Merry Christmas From Brenda Lee	Brenda Lee	['christmas']	1964-10-19	126266.0	75.0	False	True	13	0	66	65431	506283
Và Ngày Nào Đó (feat. Vũ Thảo My)	Quang Trung Studio Party	Studio Party	['v-pop']	2022-03-16	269733.0	29.0	False	True	11	0	109	54096	505627
I Warned Myself	I Warned Myself	Charlie Puth	['soft pop', 'pop']	2019-08-21	159782.0	46.0	False	True	18	0	20	49361	504799
Happier	÷ (Deluxe)	Ed Sheeran	['soft pop']	2017-03-03	207520.0	71.0	False	True	62	0	67	13436	503658
What Am I	Big Plans	Why Don't We	[]	2019-01-17	184665.0	56.0	False	True	25	0	58	35700	502765
"A Whole New World (End Title) - From ""Aladdin"""	"A Whole New World (End Title) [From ""Aladdin""]"	ZAYN	[]	2019-05-09	242956.0	60.0	False	True	22	0	17	41310	502759
Old Town Road	7	Lil Nas X	[]	2019-06-21	113000.0	68.0	False	True	19	1	6	79851	501388
mama boy	dreaAMEE	AMEE	['v-pop', 'vietnamese hip hop', 'vietnam indie', 'vietnamese lo-fi']	2020-06-20	204428.0	39.0	False	True	15	0	32	63470	501372
Ngôi Sao Cô Đơn	Ngôi Sao Cô Đơn	Jack - J97	['v-pop', 'vietnamese lo-fi', 'vinahouse']	2022-07-19	275583.0	29.0	False	True	7	0	23	132893	499909
THE GIRLS (BLACKPINK THE GAME OST)	THE GIRLS (BLACKPINK THE GAME OST)	BLACKPINK	['k-pop']	2023-08-25	162000.0	55.0	False	True	3	0	24	270956	499218
Reminder	Starboy	The Weeknd	[]	2016-11-25	218880.0	78.0	True	True	6	0	151	87319	498262
Prisoner (feat. Dua Lipa)	Plastic Hearts	Miley Cyrus	[]	2020-11-27	169333.0	68.0	False	True	9	0	35	99736	498200
eternal sunshine	eternal sunshine	Ariana Grande	['pop']	2024-03-08	210200.0	70.0	False	True	3	0	91	197457	497623
Cuốn Cho Anh Một Điếu Nữa Đi	99%	RPT MCK	['vietnamese hip hop', 'v-pop', 'vietnam indie']	2023-03-02	185669.0	41.0	True	True	5	0	90	150205	496454
Thế Hệ Tan Vỡ (feat. SIVAN)	Thế Hệ Tan Vỡ (feat. SIVAN)	Kai Đinh	['v-pop', 'vietnamese lo-fi', 'vietnam indie']	2021-11-17	288000.0	43.0	False	True	13	0	120	44990	496204
You should be sad	Manic	Halsey	[]	2020-01-17	205473.0	65.0	True	True	12	0	28	60430	495971
ĐOÁ PHÙ DUNG CUỐI CÙNG (feat. Đức Phúc)	"ANH TRAI ""SAY HI"", Chung Kết 1"	"ANH TRAI ""SAY HI"""	['v-pop', 'vietnamese hip hop']	2024-08-31	327059.0	47.0	False	True	3	0	131	177747	493504
This Feeling	Sick Boy	The Chainsmokers	[]	2018-12-14	197946.0	67.0	False	True	41	0	15	15941	493144
02 Mơ Làm Ma	Suýt 1	Ngọt	['vietnam indie', 'v-pop', 'vietnamese hip hop']	2024-02-23	177119.0	41.0	False	True	2	0	41	321439	491646
Đại Lộ Mặt Trời	Đại Lộ Mặt Trời	Chillies	['v-pop', 'vietnam indie', 'vietnamese lo-fi', 'vietnamese hip hop']	2024-01-04	271578.0	44.0	False	True	3	0	99	195904	489570
Giờ Thì Ai Cười	Ai Cũng Phải Bắt Đầu Từ Đâu Đó	HIEUTHUHAI	['v-pop', 'vietnamese hip hop', 'vietnamese lo-fi', 'vietnam indie', 'vinahouse']	2023-10-16	185249.0	46.0	False	True	3	0	49	228419	488839
Faded	Different World	Alan Walker	[]	2018-12-14	212106.0	75.0	False	True	63	0	88	14431	486687
Tell Ur Mom II	Tell Ur Mom II	Winno	['vietnamese hip hop', 'v-pop', 'vietnam indie']	2021-06-18	219264.0	47.0	False	True	11	0	92	55545	486078
Ala Ela (feat. Gducky, Ricky Star & Karik)	Rap Việt Tập 16	RAP VIỆT	['vietnamese hip hop', 'v-pop']	2020-11-16	244571.0	29.0	False	True	9	0	22	113698	485460
Đánh Mất Em - Lofi Version	Đánh Mất Em (Lofi Version)	Quang Đăng Trần	['vietnamese lo-fi', 'v-pop', 'vinahouse', 'lo-fi']	2020-10-10	228196.0	39.0	False	True	17	0	139	31010	484554
Ném Câu Yêu Vào Không Trung	Yên	Hoàng Dũng	['v-pop', 'vietnam indie', 'vietnamese lo-fi', 'vietnamese hip hop']	2022-08-24	236253.0	34.0	False	True	5	0	31	140011	483833
Hành Tinh Ánh Sáng	Một Triệu Năm Ánh Sáng	Vũ Cát Tường	['v-pop', 'vietnam indie']	2020	228000.0	35.0	False	True	9	0	44	76824	482795
Another Level	Happy	Jin	['k-pop']	2024-11-15	162834.0	65.0	False	True	2	0	54	324027	482792
HIP	reality in BLACK	MAMAMOO	['k-pop']	2019-11-14	195306.0	61.0	False	True	18	0	49	36813	482683
earthquake	AMORTAGE	JISOO	['k-pop']	2025-02-14	190806.0	78.0	False	True	1	0	32	481655	481655
Runaway	All My Demons Greeting Me As A Friend (Deluxe)	AURORA	['norwegian pop', 'art pop']	2016-03-11	248826.0	73.0	False	True	12	0	87	50551	480528
Forever Young	SQUARE UP	BLACKPINK	['k-pop']	2018-06-15	237076.0	60.0	False	True	34	2	3	48343	480379
Mở Mắt	An	Lil Wuyn	['vietnamese hip hop', 'v-pop', 'vietnam indie']	2024-06-12	260459.0	40.0	False	True	4	0	63	154954	479638
There's No Way (feat. Julia Michaels)	There's No Way (feat. Julia Michaels)	Lauv	[]	2018-09-27	174860.0	57.0	False	True	33	1	9	20458	477814
Sweetest Pie	Sweetest Pie	Megan Thee Stallion	[]	2022-03-11	201334.0	63.0	True	True	10	0	60	78792	476083
Heart on the Window (with WENDY)	Happy	Jin	['k-pop']	2024-11-15	177093.0	67.0	False	True	2	0	57	308041	475816
Sky Tour (Intro)	Sky Tour (Original Motion Picture Soundtrack)	Sơn Tùng M-TP	['v-pop', 'vinahouse', 'vietnamese hip hop']	2020-06-12	149077.0	33.0	False	True	7	2	5	119460	475547
hot girl bummer	everything means nothing	blackbear	[]	2020-08-21	188343.0	70.0	True	True	19	0	55	31231	474452
Cẩm Tú Cầu	Cẩm Tú Cầu	Rayo	['v-pop', 'vietnamese lo-fi', 'vinahouse']	2024-03-08	266330.0	43.0	False	True	4	0	187	120401	473875
Lost In Japan	Shawn Mendes	Shawn Mendes	['pop']	2018-05-25	201200.0	65.0	False	True	39	0	46	17696	472963
bye	eternal sunshine	Ariana Grande	['pop']	2024-03-08	164927.0	71.0	False	True	3	0	93	194021	472546
Down Bad	THE TORTURED POETS DEPARTMENT	Taylor Swift	[]	2024-04-18	261228.0	70.0	True	True	2	0	30	322872	471279
Rapcoustic 5	Rapcoustic 5	Đen	['v-pop', 'vietnamese hip hop', 'vietnam indie', 'vietnamese lo-fi']	2019-10-10	547154.0	36.0	False	True	19	0	46	40374	468992
Hoa Ngũ Sắc		K-ICM							5	0	15	169904	468855
Pretty Savage - JP Ver.	Pretty Savage (JP Ver.)	BLACKPINK	['k-pop']	2021-08-03	199142.0	35.0	True	True	13	0	49	70084	467366
Nước Hoa	Anh Trai Vượt Ngàn Chông Gai 2024 - Vòng Concert	Kay Trần	['v-pop', 'vietnamese hip hop']	2024-07-09	160426.0	41.0	False	True	3	0	112	163271	466864
Supernatural	Supernatural	NewJeans	['k-pop']	2024-06-21	191000.0	73.0	False	True	3	0	73	206495	466008
Falling	Happy	Jin	['k-pop']	2024-11-15	178838.0	65.0	False	True	2	0	60	303728	465344
exile (feat. Bon Iver)	folklore	Taylor Swift	[]	2020-07-24	285634.0	74.0	False	True	9	1	9	131585	462808
D-Day	D-DAY	Agust D	['k-pop', 'k-rap']	2023-04-21	211373.0	61.0	True	True	3	0	23	258204	461938
Spicy	iScreaM Vol.26 : Spicy Remix	aespa	['k-pop']	2023-09-15	197040.0	64.0	False	True	4	0	98	142533	461369
Trên Những Đám Mây	Trên Những Đám Mây	Chillies	['v-pop', 'vietnam indie', 'vietnamese lo-fi', 'vietnamese hip hop']	2023-03-02	235411.0	31.0	False	True	4	0	88	151337	461271
INVU	INVU - The 3rd Album	TAEYEON	['k-pop', 'k-ballad']	2022-02-14	204973.0	58.0	False	True	7	0	42	102301	460313
Older	Older	Sasha Alex Sloan	[]	2018-11-09	191001.0	66.0	False	True	33	0	108	20987	459520
Little Do You Know	It's About Us	Alex & Sierra	[]	2014-10-06	185200.0	66.0	False	True	47	0	141	16481	457568
Nếu Có Buông Tay	Tâm 9	Mỹ Tâm	['v-pop', 'vietnamese bolero', 'vietnam indie']	2017-12-06	253240.0	32.0	False	True	50	0	19	26488	456585
Khác Biệt To Lớn Hơn	Khác Biệt To Lớn Hơn	Trịnh Thăng Bình	['v-pop', 'vinahouse', 'vietnamese lo-fi']	2022-06-19	252800.0	23.0	False	True	6	0	51	104267	456423
Boss Bitch	Boss Bitch	Doja Cat	[]	2020-01-23	134239.0	71.0	False	True	14	0	52	41672	455724
Khúc Ca Vàng (feat. Mikelodic)	Rap Việt Mùa 3 (2023) - Tập 12	RAP VIỆT	['vietnamese hip hop', 'v-pop']	2023-08-13	205279.0	29.0	False	True	4	0	109	129349	455503
Người Lạ Trong Danh Bạ (feat. Phúc Du)	Người Lạ Trong Danh Bạ (feat. Phúc Du)	ERIK	['v-pop', 'vietnamese lo-fi', 'vinahouse', 'vietnam indie']	2023-05-24	222720.0	32.0	False	True	4	0	96	129394	454822
Airplane	Hope World	j-hope	['k-pop', 'k-rap']	2018-03-02	197913.0	56.0	False	True	1	1	1	454813	454813
Still Life (with Anderson .Paak)	Indigo	RM	['k-pop', 'k-rap']	2022-12-02	175328.0	63.0	False	True	3	1	8	270873	454546
Rare	Rare	Selena Gomez	['pop']	2020-01-10	220589.0	56.0	False	True	9	1	10	88816	454445
NGÂN NGA (feat. Isaac, HURRYKNG, Negav, Gin Tuấn Kiệt & Vũ Thảo My)	"ANH TRAI ""SAY HI"", Tập 7"	"ANH TRAI ""SAY HI"""	['v-pop', 'vietnamese hip hop']	2024-08-05	291571.0	39.0	False	True	3	0	128	168472	453954
Afterglow	Afterglow	Ed Sheeran	['soft pop']	2020-12-21	185486.0	64.0	False	True	7	0	28	113578	452321
Butter (Hotter Remix)	Butter (Hotter, Sweeter, Cooler)	BTS	['k-pop']	2021-06-04	166962.0	40.0	False	True	7	0	41	106094	451506
Mashup Ngày Chưa Giông Bão, Always Remember Us This Way		Hoà Minzy							10	0	76	55334	450338
nhạt-fine	nhạt-fine	GREY D	['v-pop', 'vietnam indie', 'vietnamese lo-fi', 'vietnamese hip hop']	2024-04-08	211626.0	35.0	False	True	3	0	110	174237	450221
Thinking out Loud	x (Deluxe Edition)	Ed Sheeran	['soft pop']	2014-06-21	281560.0	79.0	False	True	62	0	85	14657	449008
Celebrity	IU 5th Album 'LILAC'	IU	['k-pop', 'k-ballad']	2021-03-25	195546.0	58.0	False	True	8	0	40	89881	448904
Cung Đàn Vỡ Đôi	Cung Đàn Vỡ Đôi	Chi Pu	['v-pop', 'vinahouse', 'vietnam indie']	2020-06-04	316910.0	29.0	False	True	11	1	7	102619	448113
Respect	MAP OF THE SOUL : 7	BTS	['k-pop']	2020-02-21	237540.0	50.0	False	True	9	0	13	164498	447394
Fire On Fire	Love Goes	Sam Smith	['soft pop']	2020-10-30	246735.0	72.0	False	True	24	1	10	27729	446978
Lonely	Indigo	RM	['k-pop', 'k-rap']	2022-12-02	166020.0	59.0	True	True	3	1	7	272459	446821
Anh Chưa Biết Đâu	Anh Chưa Biết Đâu	Mỹ Tâm	['v-pop', 'vietnamese bolero', 'vietnam indie']	2020-12-30	204857.0	15.0	False	True	6	0	32	103760	446329
Taste	Short n' Sweet	Sabrina Carpenter	[]	2024-08-23	157279.0	87.0	False	True	3	0	135	164065	446307
Gặp May	Gặp May	Wren Evans	['v-pop', 'vietnam indie', 'vietnamese hip hop', 'vietnamese lo-fi', 'vinahouse']	2022-01-19	186916.0	35.0	False	True	7	0	41	106200	446204
O.O	AD MARE	NMIXX	['k-pop']	2022-02-22	172936.0	59.0	False	True	8	0	70	73315	444679
Super Freaky Girl	Super Freaky Girl	Nicki Minaj	[]	2022-08-12	170977.0	65.0	True	True	8	0	118	60538	443613
Happy Now	Happy Now	Zedd	['edm']	2018-07-18	207029.0	61.0	False	True	37	2	6	26829	442578
Chài Điếp Noọng - Anh Yêu Em	Chài Điếp Noọng (Anh Yêu Em)	Double2T	['v-pop', 'vietnamese hip hop']	2023-10-05	258194.0	24.0	False	True	3	0	62	186025	442445
Monster	Monster - The 1st Mini Album	Red Velvet - IRENE & SEULGI	['k-pop']	2020-07-06	178413.0	54.0	False	True	10	0	14	104305	442214
Lose Somebody	Golden Hour	Kygo	['tropical house']	2020-05-29	199549.0	61.0	False	True	14	0	50	45819	442146
Hoa Nở Không Màu - Acoustic Version	Hoa Nở Không Màu (Acoustic Version)	Hoài Lâm	['v-pop', 'vietnamese bolero', 'bolero', 'vietnamese lo-fi']	2020-07-15	320333.0	23.0	False	True	17	0	86	34057	442092
DUN DUN	reminiscence	EVERGLOW	['k-pop']	2020-02-03	192280.0	58.0	False	True	12	0	20	67111	441630
Do You Love Me	Do You Love Me	Stephanie Poetri	[]	2020-02-14	144383.0	34.0	False	True	20	0	130	26731	440584
Chợt Nghe Bước Em Về	Anh Trai Vượt Ngàn Chông Gai 2024 - Công Diễn 2	Tự Long	['v-pop']	2024-08-03	257997.0	37.0	False	True	3	0	118	176246	440074
SOS (feat. RHYDER, Captain, Quang Hùng MasterD, WEAN & Ali Hoàng Dương)	"ANH TRAI ""SAY HI"" (Live Stage 4)"	"ANH TRAI ""SAY HI"""	['v-pop', 'vietnamese hip hop']	2024-08-26	278974.0	44.0	False	True	3	0	139	160603	438925
In the morning	GUESS WHO	ITZY	['k-pop']	2021-04-30	172373.0	58.0	False	True	8	0	44	101069	438462
BTBT (feat. DeVita)	BTBT (feat. DeVita)	B.I	['k-pop', 'k-rap']	2022-05-13	219549.0	53.0	False	True	7	0	47	92356	437295
CRAZY	CRAZY (Party Remixes 1)	LE SSERAFIM	['k-pop']	2024-09-02	164554.0	76.0	False	True	3	0	128	173082	437213
telepatía	Sin Miedo (del Amor y Otros Demonios) ∞	Kali Uchis	[]	2020-12-04	160191.0	78.0	False	True	10	0	67	57584	437051
Perfect Duet (Ed Sheeran & Beyoncé)	Perfect Duet (Ed Sheeran & Beyoncé)	Ed Sheeran	['soft pop']	2017-11-30	259550.0	64.0	False	True	52	0	38	24379	436251
Hold On Tight	Hold On Tight	aespa	['k-pop']	2023-03-30	149718.0	67.0	False	True	3	0	59	167594	435379
Winter Bear	Winter Bear	V	['k-pop']	2019-08-10	174824.0	63.0	False	True	2	0	27	259012	435222
BIRTHDAY	XOXO	JEON SOMI	['k-pop']	2021-10-29	185944.0	44.0	False	True	16	0	15	42505	435005
Lựa Chọn Của Em	Lựa Chọn Của Em	buitruonglinh	['v-pop', 'vietnamese lo-fi', 'vietnam indie', 'vinahouse']	2024-05-30	247843.0	45.0	False	True	3	0	121	158123	433338
Hoàng Hôn Nhớ - Hoa Vương Original SoundTrack	Hoàng Hôn Nhớ (Hoa Vương Original SoundTrack)	Anh Tú	['v-pop', 'vietnamese hip hop']	2024-01-10	344000.0	43.0	False	True	3	0	100	164981	433221
Co Ay La Ai (Who Is She)		Mỹ Tâm							49	0	23	26759	432768
Tát Nước Đầu Đình	Tát Nước Đầu Đình	Lynk Lee	['v-pop', 'vietnamese lo-fi', 'vietnamese hip hop', 'vietnam indie']	2015-09-05	243004.0	47.0	False	True	13	0	144	37168	430510
Người Yêu Không Đá	Người Yêu Không Đá	CHOCO	['v-pop', 'vinahouse']	2022-06-06	188947.0	35.0	False	True	8	0	63	80831	430497
Scenery	Scenery	V	['k-pop']	2019-01-30	294252.0	59.0	False	True	2	0	28	254066	429927
BOOMBAYAH - KR Ver.		BLACKPINK							42	0	69	32744	428726
you broke me first	TOO YOUNG TO BE SAD	Tate McRae	[]	2021-03-26	170226.0	80.0	True	True	16	0	125	30946	426796
One Right Now (with The Weeknd)	One Right Now	Post Malone	[]	2021-11-05	193506.0	65.0	True	True	7	0	44	83233	426131
ASAP	NewJeans 2nd EP 'Get Up'	NewJeans	['k-pop']	2023-07-21	134386.0	66.0	False	True	3	0	37	220503	425547
Thunder	Evolve	Imagine Dragons	[]	2017-06-23	187146.0	80.0	False	True	58	0	82	13510	424272
NO ONE	24℃	LeeHi	['k-ballad', 'k-pop']	2019-05-30	194596.0	49.0	False	True	17	0	15	43950	423126
Anh Chưa Từng Biết	Tâm 9	Mỹ Tâm	['v-pop', 'vietnamese bolero', 'vietnam indie']	2017-12-06	250146.0	26.0	False	True	46	0	20	27275	422634
Taki Taki (feat. Selena Gomez, Ozuna & Cardi B)	Carte Blanche	DJ Snake	[]	2019-07-25	212500.0	69.0	True	True	35	3	9	19654	422082
I'm Yours	We Sing. We Dance. We Steal Things. (Bonus Tracks Version)	Jason Mraz	['soft pop', 'acoustic pop']	2008-05-01	242946.0	77.0	False	True	55	0	71	14334	421649
Thanh Âm Miền Núi (feat. Double2T & Vũ Thảo My)	Rap Việt Mùa 3 (2023) - Tập 6	RAP VIỆT	['vietnamese hip hop', 'v-pop']	2023-07-02	178481.0	29.0	False	True	4	0	122	113662	420374
SÓNG VỖ VỠ BỜ (feat. Anh Tú, JSOL, ERIK, Dương Domic & Phạm Anh Duy)	"ANH TRAI ""SAY HI"", Tập 2"	"ANH TRAI ""SAY HI"""	['v-pop', 'vietnamese hip hop']	2024-06-24	322941.0	42.0	False	True	3	0	132	148223	419140
In The Rain	In The Rain	hooligan.	['vietnamese lo-fi', 'v-pop', 'vietnam indie']	2021-09-30	218086.0	26.0	False	True	10	0	86	50642	418616
Anh Thanh Niên	Anh Thanh Niên	HuyR	['v-pop', 'vietnam indie', 'vietnamese lo-fi', 'vietnamese hip hop', 'vinahouse']	2020-01-21	231437.0	35.0	False	True	15	0	53	40857	417201
Gặp Gỡ, Yêu Đương Và Được Bên Em	Gặp Gỡ, Yêu Đương Và Được Bên Em	Phan Mạnh Quỳnh	['v-pop', 'vietnam indie']	2021-08-08	240461.0	34.0	False	True	7	0	22	101899	416380
DON'T CARE (feat. Isaac, Quang Hùng MasterD, Negav, Gin Tuấn Kiệt, Vũ Thịnh & Nanon)	"ANH TRAI ""SAY HI"", Tập 2"	"ANH TRAI ""SAY HI"""	['v-pop', 'vietnamese hip hop']	2024-06-24	260000.0	42.0	False	True	3	0	130	158581	416278
ROCKSTAR (feat. Roddy Ricch)	BLAME IT ON BABY	DaBaby	[]	2020-04-17	181733.0	71.0	True	True	17	0	100	28415	415680
THI SĨ (feat. Đức Phúc, ERIK, Phạm Anh Duy & Tage)	"ANH TRAI ""SAY HI"", Tập 4"	"ANH TRAI ""SAY HI"""	['v-pop', 'vietnamese hip hop']	2024-07-08	288000.0	41.0	False	True	3	0	137	149494	415646
Hạ Phỏm	LINK	Hoàng Thùy Linh	['v-pop', 'vietnamese hip hop', 'vinahouse', 'vietnam indie']	2022-08-11	195750.0	28.0	False	True	5	0	61	98855	415353
Mean It	~how i'm feeling~	Lauv	[]	2020-03-06	232853.0	72.0	False	True	13	0	41	42382	415018
Wildest Dreams (Taylor's Version)	1989 (Taylor's Version)	Taylor Swift	[]	2023-10-26	220433.0	71.0	False	True	6	0	25	110338	414964
Seenderella	Seenderella	Chi Xê	['v-pop', 'vietnam indie']	2024-08-07	192000.0	38.0	False	True	3	0	149	152594	414867
Hôn Anh	Hôn Anh	MIN	['v-pop', 'vietnamese hip hop', 'vietnamese lo-fi', 'vietnam indie', 'vinahouse']	2021-11-29	234146.0	34.0	False	True	7	0	160	65719	411266
Lights	MAP OF THE SOUL : 7 ~ THE JOURNEY ~	BTS	['k-pop']	2020-07-14	292853.0	53.0	False	True	14	0	13	65200	410372
In Your Eyes	After Hours	The Weeknd	[]	2020-03-20	237520.0	72.0	True	True	11	0	24	61167	409938
Sau Tat Ca. - Original		ERIK							26	0	101	21100	409827
i hate u, i love u (feat. olivia o'brien)	us	gnash	[]	2016-03-25	251033.0	71.0	True	True	37	0	157	15001	409750
Mùa Đông Chưa Bao Giờ Tới (feat. Vũ.)	Mùa Đông Chưa Bao Giờ Tới (feat. Vũ.)	Uyên Linh	['v-pop', 'vietnamese lo-fi', 'vietnam indie']	2020-11-30	267428.0	31.0	False	True	10	0	67	58103	408941
BBoom BBoom	GREAT!	MOMOLAND	['k-pop']	2018-01-03	208863.0	60.0	False	True	32	0	14	24139	408670
Em Dạo Này	Ng'bthg	Ngọt	['vietnam indie', 'v-pop', 'vietnamese hip hop']	2018-01-01	201828.0	46.0	False	True	40	0	25	20523	408379
101520 (feat. Sol7 & prettyXIX)	Rap Việt Season 2 - Tập 10	RAP VIỆT	['vietnamese hip hop', 'v-pop']	2021-12-22	193846.0	29.0	False	True	7	0	47	83526	408278
Snow Flower (feat. Peakboy)	Snow Flower (feat. Peakboy)	V	['k-pop']	2020-12-25	229013.0	61.0	False	True	2	0	32	246592	408089
Một Nửa Sự Thật	Một Nửa Sự Thật	24k.Right	['vietnamese hip hop', 'v-pop']	2024-12-11	230036.0	49.0	True	True	2	0	119	237076	407720
Ma Meilleure Ennemie (from the series Arcane League of Legends)	Ma Meilleure Ennemie (from the series Arcane League of Legends)	Stromae	['french pop']	2024-11-23	147973.0	80.0	False	True	2	0	108	239762	407213
Wonder	Wonder	Shawn Mendes	['pop']	2020-12-04	172692.0	62.0	False	True	9	0	38	63861	405422
Gió - Official		JanK x N2L							4	0	105	117648	405385
Đốt	hương	Văn Mai Hương	['v-pop', 'vinahouse', 'vietnamese hip hop', 'vietnam indie']	2021-01-23	263225.0	23.0	False	True	10	0	26	72381	403527
Like That (feat. Gucci Mane)	Hot Pink	Doja Cat	[]	2019-11-07	163173.0	67.0	True	True	16	0	83	31255	403018
Ocean (feat. Khalid)	Ocean (feat. Khalid)	Martin Garrix	['edm', 'electronica', 'progressive house']	2018-06-15	216419.0	62.0	False	True	36	3	7	27120	402668
Everything I Need (From Aquaman: Original Motion Picture Soundtrack) - Film Version		Skylar Grey							14	6	1	54176	402389
Hướng Dương	Hướng Dương	Changg	['v-pop', 'vietnamese lo-fi', 'vietnamese hip hop', 'vietnam indie']	2021-05-20	219212.0	45.0	False	True	10	0	78	59320	402297
Feelings	~how i'm feeling~	Lauv	[]	2020-03-06	189906.0	62.0	False	True	17	0	61	30680	401768
Find U Again (feat. Camila Cabello)	Find U Again (feat. Camila Cabello)	Mark Ronson	[]	2019-05-30	176416.0	47.0	False	True	16	0	25	36451	401610
We're Good	Future Nostalgia (The Moonlight Edition)	Dua Lipa	['pop']	2021-02-11	165506.0	63.0	False	True	9	0	60	51698	399551
Tell Me It's Not a Dream	Queen of Tears (Original Television Soundtrack), Pt.2	10CM	['k-ballad', 'soundtrack']	2024-03-16	235506.0	61.0	False	True	3	0	150	142498	399314
DUMB DUMB	XOXO	JEON SOMI	['k-pop']	2021-10-29	147240.0	52.0	False	True	10	0	63	55871	397989
WINTER FLOWER(Feat.RM)	UNSTABLE MINDSET	Younha	['k-ballad']	2020-01-06	221133.0	53.0	False	True	11	0	21	68523	397613
Tự Lau Nước Mắt	Tự Lau Nước Mắt	Mr.Siro	['v-pop', 'vinahouse']	2017-01-18	322827.0	44.0	False	True	4	0	138	109542	397254
Like	2 Cool 4 Skool	BTS	['k-pop']	2013-06-12	231893.0	62.0	False	True	5	1	10	172907	396819
ETA	NewJeans 2nd EP 'Get Up'	NewJeans	['k-pop']	2023-07-21	151373.0	73.0	False	True	3	0	48	195075	395384
Enchanted	Speak Now	Taylor Swift	[]	2010-10-25	352200.0	66.0	False	True	4	0	109	117687	394830
Beautiful nightmare (interlude)	MỘNGMEE	AMEE	['v-pop', 'vietnamese hip hop', 'vietnam indie', 'vietnamese lo-fi']	2024-08-02	51490.0	32.0	False	True	2	0	71	251200	394124
Look What You Made Me Do	reputation	Taylor Swift	[]	2017-11-10	211853.0	76.0	False	True	46	0	74	14475	393651
BUỒN không thể BUÔNG (Piano Version)	BUỒN không thể BUÔNG (Piano Version)	MiiNa	['v-pop', 'vietnamese lo-fi']	2022-04-22	243874.0	30.0	False	True	8	0	104	56921	392862
Trót Yêu	Trót Yêu	Trung Quân	['v-pop', 'vietnam indie', 'vietnamese lo-fi']	2014-03-31	287935.0	32.0	False	True	38	0	120	15906	391594
THE BADDEST	THE BADDEST	K/DA	['k-pop']	2020-08-27	162600.0	59.0	False	True	8	0	22	94306	389316
29	THE WXRDIES	Wxrdie	['vietnamese hip hop', 'v-pop']	2024-11-12	158154.0	48.0	True	True	2	0	113	215484	388885
Summer Days (feat. Macklemore & Patrick Stump of Fall Out Boy)	Summer Days (feat. Macklemore & Patrick Stump of Fall Out Boy)	Martin Garrix	['edm', 'electronica', 'progressive house']	2019-04-25	163804.0	66.0	True	True	17	0	37	29204	388676
Over	Over	Khoi Vu	['v-pop', 'vietnamese hip hop', 'vietnamese lo-fi', 'vietnam indie']	2023-11-22	173538.0	38.0	False	True	3	0	157	138245	387720
like my father	like my father	Jax	[]	2021-06-03	183133.0	58.0	False	True	10	0	77	50949	386829
Đưa Nhau Đi Trốn - Chill Version	Đưa Nhau Đi Trốn (Chill Version)	Đen	['v-pop', 'vietnamese hip hop', 'vietnam indie', 'vietnamese lo-fi']	2015-09-11	241958.0	53.0	False	True	5	0	173	114290	385789
Dreams Come True	Dreams Come True - SM STATION	aespa	['k-pop']	2021-12-20	204933.0	54.0	False	True	8	0	60	70817	384768
moonchild	mono.	RM	['k-pop', 'k-rap']	2018-10-23	205833.0	56.0	False	True	6	1	4	295992	381504
DRIP	DRIP	BABYMONSTER	['k-pop']	2024-11-01	180845.0	78.0	False	True	2	0	119	202086	379619
Maroon	Midnights	Taylor Swift	[]	2022-10-21	218270.0	68.0	True	True	3	0	18	208003	379519
Bet On Me	Bet On Me	Walk off the Earth	[]	2022-03-18	172983.0	41.0	False	True	9	0	132	51205	379259
I Can Do It With a Broken Heart	THE TORTURED POETS DEPARTMENT	Taylor Swift	[]	2024-04-18	218004.0	78.0	True	True	2	0	66	234278	378641
Run BTS	Proof	BTS	['k-pop']	2022-06-10	204939.0	71.0	False	True	3	0	59	247544	377139
Make You Feel My Love	19	Adele	['soft pop']	2008-01-27	212040.0	72.0	False	True	57	0	119	11597	376787
Quên Dần Quên	Quên Dần Quên	CAPTAIN BOY	['v-pop', 'vietnamese hip hop']	2024-01-11	262655.0	48.0	False	True	3	0	154	135900	376381
Reality	Less Is More	Lost Frequencies	['tropical house']	2016-10-21	159480.0	74.0	False	True	40	0	28	14659	375049
Let Me Go (with Alesso, Florida Georgia Line & watt)	Let Me Go (with Alesso, Florida Georgia Line & watt)	Hailee Steinfeld	[]	2017-09-08	174800.0	68.0	False	True	48	0	63	16741	374860
Ổn Không, Brô (feat. 24k.Right & Yuno Bigboi)	Rap Việt Mùa 3 (2023) - Tập 8	RAP VIỆT	['vietnamese hip hop', 'v-pop']	2023-07-16	189629.0	25.0	False	True	3	0	75	146787	373101
Yun (with Erykah Badu)	Indigo	RM	['k-pop', 'k-rap']	2022-12-02	233688.0	53.0	True	True	2	1	9	270402	372910
changes	?	XXXTENTACION	['emo rap']	2018-03-16	121886.0	71.0	False	True	29	0	48	18905	372742
Dễ Đến Dễ Đi	Dễ Đến Dễ Đi	Quang Hùng MasterD	['v-pop', 'vietnamese lo-fi', 'vinahouse', 'vietnamese hip hop']	2020-11-01	270048.0	40.0	False	True	11	0	130	40054	371886
Perfect	Lặng	Shiki	['vietnamese hip hop', 'v-pop', 'vietnam indie']	2024-06-27	188000.0	52.0	False	True	2	0	133	207104	371673
Not Shy	Not Shy	ITZY	['k-pop']	2020-08-17	177728.0	59.0	False	True	10	0	27	76193	371583
Replay trên con Guây (feat. Đan Ni)	Replay trên con Guây (feat. Đan Ni)	Phuc Du	['vietnamese hip hop', 'v-pop', 'vietnamese lo-fi', 'vinahouse', 'vietnam indie']	2022-10-10	221607.0	26.0	False	True	4	0	70	111936	371220
Em Mới Là Người Yêu Anh (Acoustic Version)	Em Mới Là Người Yêu Anh (Acoustic Version)	MIN	['v-pop', 'vietnamese hip hop', 'vietnamese lo-fi', 'vietnam indie', 'vinahouse']	2021-06-08	236559.0	30.0	False	True	27	0	22	25301	370648
Adore You	Fine Line	Harry Styles	[]	2019-12-13	207133.0	76.0	False	True	16	0	50	38634	370124
No Time To Die	No Time To Die	Billie Eilish	[]	2020-02-13	242265.0	72.0	False	True	6	1	7	96281	369611
Thèn Chóa	THE WXRDIES	Wxrdie	['vietnamese hip hop', 'v-pop']	2024-11-12	244464.0	49.0	True	True	2	0	136	196045	369298
Người Âm Phủ	Người Âm Phủ	Osad	['v-pop', 'vietnamese hip hop']	2018-01-01	130558.0	43.0	False	True	25	1	4	26926	368247
Hectic (with Colde)	Indigo	RM	['k-pop', 'k-rap']	2022-12-02	226189.0	53.0	False	True	2	1	10	265622	367764
Love Story (Taylor’s Version)	Love Story (Taylor’s Version)	Taylor Swift	[]	2021-02-12	235766.0	73.0	False	True	9	0	43	67987	367430
Intro: Serendipity	Love Yourself 承 'Her'	BTS	['k-pop']	2017-09-18	139971.0	51.0	False	True	7	0	78	112997	365326
M.A.Y (feat. RPT MCK, Duy Andy & Yuno Bigboi)	Rap Việt Tập 8	RAP VIỆT	['vietnamese hip hop', 'v-pop']	2020-10-22	172363.0	25.0	False	True	9	0	53	59999	364307
Nơi Ta Sống (feat. Long Nón Lá & Mikelodic)	Rap Việt Mùa 3 - Vòng 2	RAP VIỆT	['vietnamese hip hop', 'v-pop']	2023-08-09	179668.0	30.0	False	True	3	0	83	145791	363892
Loving You Sunny	Loving You Sunny	Kimmese	['vietnamese hip hop', 'v-pop', 'vietnam indie']	2020-10-27	294857.0	42.0	False	True	25	0	104	23221	363826
Lý Do... Anh Bỏ Em Vào Balo (Lofi Ver.)	Lý Do... Anh Bỏ Em Vào Balo (Lofi Ver.)	Tân Trần	['vietnamese lo-fi', 'vinahouse', 'v-pop', 'vietnam indie', 'lo-fi']	2021-07-25	204521.0	4.0	False	True	7	0	84	63879	362166
All Day (with Tablo)	Indigo	RM	['k-pop', 'k-rap']	2022-12-02	186186.0	53.0	True	True	2	0	13	260074	361934
Wow.	Hollywood's Bleeding	Post Malone	[]	2019-09-06	149546.0	73.0	True	True	23	0	12	22508	361431
no song without you	no song without you	HONNE	[]	2020-07-03	160346.0	54.0	False	True	11	0	65	40727	361347
134340	Love Yourself 轉 'Tear'	BTS	['k-pop']	2018-05-18	230063.0	58.0	False	True	14	1	7	138405	360491
Change pt.2	Indigo	RM	['k-pop', 'k-rap']	2022-12-02	114026.0	56.0	True	True	2	0	14	258649	359401
Nhớ Người Hay Nhớ	Nhớ Người Hay Nhớ...	Châu Đăng Khoa	['v-pop', 'vietnamese hip hop', 'vinahouse', 'vietnamese lo-fi']	2020-02-25	254034.0	22.0	False	True	10	0	104	44837	359390
Queendom	Queendom - The 6th Mini Album	Red Velvet	['k-pop']	2021-08-16	181760.0	56.0	False	True	7	0	28	91257	358414
Last Christmas	Christmas Kisses	Ariana Grande	['pop']	2013-01-01	203653.0	62.0	False	True	8	0	156	65218	358349
traitor	SOUR	Olivia Rodrigo	[]	2021-05-21	229226.0	81.0	False	True	11	0	88	52758	357063
Outro		Hoàng Thùy Linh							10	1	10	95903	355787
Bet On Us (feat. HURRYKNG, IndieK & Mây Bae)	Rap Việt Mùa 3 (2023) - Tập 10	RAP VIỆT	['vietnamese hip hop', 'v-pop']	2023-07-30	198817.0	23.0	False	True	3	0	89	136887	355663
You're On Your Own, Kid	Midnights	Taylor Swift	[]	2022-10-21	194206.0	73.0	False	True	3	0	21	192178	354909
Đường Tôi Chở Em Về (Cukak Remix)	Đường Tôi Chở Em Về (Cukak Remix)	buitruonglinh	['v-pop', 'vietnamese lo-fi', 'vietnam indie', 'vinahouse']	2021-07-07	248769.0	34.0	False	True	8	0	59	64407	352262
đôi mình	đôi mình	Chuột Sấm Sét	['vietnam indie', 'v-pop']	2023-04-19	177000.0	38.0	False	True	3	0	162	130332	351722
wo ai ni - orei Remix		Trash Dee							4	0	176	92227	351459
Forg_tful (with Kim Sawol)	Indigo	RM	['k-pop', 'k-rap']	2022-12-02	162295.0	52.0	False	True	2	0	15	252834	350913
Thằng Điên	Thằng Điên	JustaTee	['v-pop', 'vietnamese hip hop', 'vietnam indie', 'vietnamese lo-fi', 'vinahouse']	2022-07-11	234000.0	56.0	False	True	9	9	2	52117	350681
No.2 (with parkjiyoon)	Indigo	RM	['k-pop', 'k-rap']	2022-12-02	193963.0	53.0	False	True	2	0	17	249521	349474
What Love Is… (feat. RPT Gonzo, Thành Draw & Binz)	Rap Việt Tập 16	RAP VIỆT	['vietnamese hip hop', 'v-pop']	2020-11-16	242666.0	22.0	False	True	6	0	35	101081	349309
Snooze (feat. Ryuichi Sakamoto, WOOSUNG of The Rose)	D-DAY	Agust D	['k-pop', 'k-rap']	2023-04-21	264760.0	62.0	True	True	2	0	34	236013	349192
Call Out My Name	My Dear Melancholy,	The Weeknd	[]	2018-03-30	228373.0	80.0	False	True	15	3	3	46478	348387
03 Hay Là	Suýt 1	Ngọt	['vietnam indie', 'v-pop', 'vietnamese hip hop']	2024-02-23	202445.0	41.0	False	True	2	0	63	227833	347695
năm ngoái giờ này (after all)	CITOPIA	Phùng Khánh Linh	['v-pop', 'vietnam indie', 'city pop']	2022-11-11	206325.0	30.0	False	True	6	0	120	68927	347594
Bubble Gum	How Sweet	NewJeans	['k-pop']	2024-05-24	200266.0	69.0	False	True	2	0	70	202326	347135
PLAYING WITH FIRE - KR Ver.		BLACKPINK							39	0	84	27934	346245
= (Equal Sign)	Jack In The Box	j-hope	['k-pop', 'k-rap']	2022-07-15	114477.0	61.0	False	True	4	0	18	176651	346081
Yours	Yours	Raiden	[]	2020-05-12	235413.0	58.0	False	True	10	0	115	39427	345066
Lúc Thấy Lúc Không	LINK	Hoàng Thùy Linh	['v-pop', 'vietnamese hip hop', 'vinahouse', 'vietnam indie']	2022-08-11	173000.0	28.0	False	True	4	0	23	145807	344288
Teach Me How To Love	Wonder	Shawn Mendes	['pop']	2020-12-04	202356.0	52.0	False	True	7	0	42	79557	343264
Em Ơi	Em Ơi	Vũ Cát Tường	['v-pop', 'vietnam indie']	2017	201168.0	45.0	False	True	4	0	125	130086	342727
Panini	7	Lil Nas X	[]	2019-06-21	114893.0	60.0	False	True	16	0	41	32556	342064
Airplane pt.2	Love Yourself 轉 'Tear'	BTS	['k-pop']	2018-05-18	218614.0	64.0	False	True	22	3	5	71733	341262
God is a woman	Sweetener	Ariana Grande	['pop']	2018-08-17	197546.0	72.0	True	True	31	4	3	34027	340856
Chàng Trai Sơ Mi Hồng	Chàng Trai Sơ Mi Hồng	Hoàng Duyên	['v-pop', 'vietnamese lo-fi', 'vietnam indie']	2021-03-12	292098.0	30.0	False	True	8	0	77	54530	340447
Đầu Đường Xó Chợ	Đánh Đổi	Obito	['v-pop', 'vietnamese hip hop', 'vietnam indie']	2023-10-10	184615.0	54.0	True	True	2	0	133	191722	339893
Chuyện Buồn	Tâm 9	Mỹ Tâm	['v-pop', 'vietnamese bolero', 'vietnam indie']	2017-12-06	230533.0	21.0	False	True	37	0	23	25411	339832
Cưới Đi (feat. ChangC)	Cưới Đi (feat. ChangC)	2T	['v-pop', 'vietnamese hip hop', 'vietnamese lo-fi', 'vietnam indie']	2020-08-28	232699.0	40.0	False	True	12	0	151	32785	337883
Leave Before You Love Me (with Jonas Brothers)	Leave Before You Love Me	Marshmello	['edm']	2021-05-21	154983.0	75.0	False	True	10	0	106	46782	337649
Moonlight	Moonlight	Kali Uchis	[]	2023-02-24	187557.0	71.0	False	True	4	0	164	90562	337290
Clme	Clme	Andree Right Hand	['vietnamese hip hop', 'v-pop', 'vinahouse']	2019-07-15	240000.0	39.0	True	True	4	0	178	86814	337195
Supernova Love	Supernova Love	IVE	['k-pop']	2024-11-08	199504.0	67.0	False	True	2	0	139	178839	336951
Nhật Ký Vào Đời	Nhật Ký Vào Đời	Karik	['v-pop', 'vietnamese hip hop', 'vietnam indie', 'vietnamese lo-fi', 'vinahouse']	2024-06-20	242433.0	32.0	False	True	2	0	75	203041	336804
Cool for the Summer	Confident	Demi Lovato	[]	2015-01-01	214739.0	73.0	True	True	6	0	61	78885	336436
Chúng Ta Không Thuộc Về Nhau	m-tp M-TP	Sơn Tùng M-TP	['v-pop', 'vinahouse', 'vietnamese hip hop']	2017-04-01	233009.0	53.0	False	True	19	0	60	171030	336125
Tomboy	Tomboy	Destiny Rogers	[]	2019-02-28	203445.0	61.0	False	True	10	0	122	39500	336016
don't wanna break up again	eternal sunshine	Ariana Grande	['pop']	2024-03-08	174006.0	68.0	True	True	2	0	95	193427	335090
SAD!	?	XXXTENTACION	['emo rap']	2018-03-16	166605.0	76.0	True	True	43	0	16	18570	333953
Night Changes	FOUR (Deluxe)	One Direction	[]	2014-11-17	226600.0	84.0	False	True	2	0	160	170884	333155
Không Thầy Đố Mày Làm Nên		RAP VIỆT							6	0	42	76550	332084
Mong Cho Anh	Tâm 9	Mỹ Tâm	['v-pop', 'vietnamese bolero', 'vietnam indie']	2017-12-06	244040.0	23.0	False	True	42	0	36	19890	331370
Roses	Roses	Finn Askew	[]	2020-07-31	201700.0	46.0	True	True	9	0	93	44116	331075
Em Là Châu Báu	Em Là Châu Báu	tlinh	['v-pop', 'vietnamese hip hop', 'vietnam indie', 'vietnamese lo-fi', 'vinahouse']	2020-11-22	171968.0	43.0	False	True	10	0	106	42832	330950
Music Box : Reflection	Jack In The Box	j-hope	['k-pop', 'k-rap']	2022-07-15	70546.0	52.0	False	True	4	0	22	164069	330112
Cho Toi Lang Thang		TLDK							26	0	41	17300	329917
Sau Tat Ca - Original		ERIK							42	0	53	11050	329711
Closer (with Paul Blanco, Mahalia)	Indigo	RM	['k-pop', 'k-rap']	2022-12-02	196507.0	58.0	False	True	2	0	20	235448	329532
xuân, hạ, thu, đông rồi lại xuân	dreaAMEE	AMEE	['v-pop', 'vietnamese hip hop', 'vietnam indie', 'vietnamese lo-fi']	2020-06-20	290609.0	36.0	False	True	8	0	15	91969	329246
With you - Instrumental	Our Blues, Pt. 4 (Original Television Soundtrack)	Jimin	['k-pop']	2022-04-24	201487.0	37.0	False	True	4	0	29	123908	328288
Blueberry Eyes (feat. SUGA of BTS)	Colour Vision	MAX	[]	2020-09-18	172244.0	52.0	False	True	11	0	66	40311	328234
Look At Her Now	Rare	Selena Gomez	['pop']	2020-01-10	162595.0	56.0	False	True	12	0	22	60132	328181
Bài này không để đi diễn	Bài này không để đi diễn	Anh Tú Atus	['v-pop', 'vietnamese hip hop']	2022-10-17	178520.0	38.0	False	True	5	0	101	84191	327744
Not Today	You Never Walk Alone	BTS	['k-pop']	2017-02-13	231859.0	62.0	False	True	3	1	9	264992	325574
một ngày tôi quên hết (feat. Cẩm Vân, CeCe Trương)	COLOURS	Hứa Kim Tuyền	['v-pop', 'vietnamese lo-fi', 'vietnam indie']	2022-05-31	261000.0	26.0	False	True	6	0	73	71829	325516
XO (Only If You Say Yes)	ROMANCE : UNTOLD	ENHYPEN	['k-pop']	2024-07-12	188332.0	72.0	False	True	2	0	103	185293	325515
Dancing in My Room	Dancing in My Room	347aidan	[]	2020-10-26	180138.0	61.0	True	True	10	0	123	37650	323660
ex's hate me, Pt.2	dreaAMEE	AMEE	['v-pop', 'vietnamese hip hop', 'vietnam indie', 'vietnamese lo-fi']	2020-06-20	216500.0	55.0	False	True	2	0	80	193217	322745
UP - KARINA Solo	SYNK : PARALLEL LINE - Special Digital Single	aespa	['k-pop']	2024-10-09	166640.0	75.0	False	True	2	0	160	163189	322642
Dynamite (Instrumental)	Dynamite (DayTime Version)	BTS	['k-pop']	2020-08-28	198770.0	34.0	False	True	7	0	17	108152	322617
Pandora's Box	Jack In The Box	j-hope	['k-pop', 'k-rap']	2022-07-15	156291.0	54.0	False	True	3	0	13	187739	320802
Love Story (Taylor’s Version)	Love Story (Taylor’s Version)	Taylor Swift	[]	2021-02-12	235766.0	73.0	False	True	15	0	147	24657	319767
Ikigai	Khu Vườn Tình	Tăng Duy Tân	['v-pop', 'vinahouse', 'vietnamese lo-fi']	2024-10-29	180000.0	44.0	False	True	2	0	157	166678	318745
Strawberries & Cigarettes	Strawberries & Cigarettes	Troye Sivan	[]	2018-03-16	201538.0	72.0	False	True	25	1	9	38361	318082
Tonight	Tonight	Jin	['k-pop']	2019-06-05	178806.0	59.0	False	True	3	0	24	181569	316656
365	365	Zedd	['edm']	2019-02-14	181899.0	58.0	False	True	15	2	4	49873	316455
Hình Trái Tim	Hình Trái Tim	Thắng	['vietnam indie', 'v-pop', 'vietnamese hip hop']	2022-11-18	236689.0	48.0	False	True	4	0	92	105325	316445
CILU	CILU	Da LAB	['v-pop', 'vietnamese hip hop', 'vietnam indie', 'vietnamese lo-fi', 'vinahouse']	2020-11-30	194181.0	23.0	False	True	9	0	86	50916	316276
Câu Trả Lời	Câu Trả Lời	Tiên Tiên	['v-pop', 'vietnam indie', 'vinahouse', 'vietnamese lo-fi']	2019-07-13	167293.0	26.0	False	True	15	0	39	34764	316147
Bắt Vía (feat. Wren Evans & Mew Amazing)	LINK	Hoàng Thùy Linh	['v-pop', 'vietnamese hip hop', 'vinahouse', 'vietnam indie']	2022-08-11	204000.0	29.0	False	True	4	0	31	130369	314784
Bao Nhiêu	Qua Khung Cửa Sổ	Chillies	['v-pop', 'vietnam indie', 'vietnamese lo-fi', 'vietnamese hip hop']	2021-05-05	229666.0	24.0	False	True	5	0	49	91136	314488
HIGHEST IN THE ROOM	HIGHEST IN THE ROOM	Travis Scott	['rap']	2019-10-04	175720.0	81.0	True	True	12	0	36	40894	312996
Abyss	Abyss	Jin	['k-pop']	2020-12-03	155108.0	62.0	False	True	3	0	25	178226	312952
Em Trang Trí	Gieo	Ngọt	['vietnam indie', 'v-pop', 'vietnamese hip hop']	2022-11-25	165868.0	44.0	False	True	5	0	69	85910	312626
AI BIET	AI BIET	WEAN	['v-pop', 'vietnamese hip hop', 'vietnam indie', 'vietnamese lo-fi']	2019-08-30	177626.0	39.0	False	True	12	0	101	34160	310631
Here With Me	Here With Me	Marshmello	['edm']	2019-03-08	156313.0	64.0	False	True	17	0	24	27276	310584
người đẹp ngủ	ái	tlinh	['v-pop', 'vietnamese hip hop', 'vietnam indie', 'vietnamese lo-fi', 'vinahouse']	2023-08-16	215720.0	40.0	False	True	2	0	64	190834	309797
Trưởng Nữ Chạy Trốn	LINK	Hoàng Thùy Linh	['v-pop', 'vietnamese hip hop', 'vinahouse', 'vietnam indie']	2022-08-11	195008.0	29.0	False	True	4	0	35	126918	309503
SDL	D-DAY	Agust D	['k-pop', 'k-rap']	2023-04-21	171442.0	59.0	False	True	2	0	46	208068	309336
See You Again (feat. Charlie Puth)	See You Again (feat. Charlie Puth)	Wiz Khalifa	['rap']	2015	229525.0	78.0	False	True	26	0	135	96211	309161
Polar Night	D-DAY	Agust D	['k-pop', 'k-rap']	2023-04-21	165319.0	58.0	False	True	2	0	49	203618	308842
Miên Man		Huỳnh Thanh Kiệt							1	0	20	308637	308637
I Don’t Think That I Like Her	CHARLIE	Charlie Puth	['soft pop', 'pop']	2022-10-06	188507.0	55.0	False	True	4	0	86	90437	307874
Hong Kong 1 (RnB Version)		Nguyễn Trọng Tài							23	0	73	22819	307505
Nụ Cười	Nụ Cười	Rhymastic	['v-pop', 'vietnamese hip hop', 'vietnam indie', 'vinahouse', 'vietnamese lo-fi']	2020-04-07	237714.0	28.0	False	True	14	0	100	29530	306823
I Don't Wanna Miss You	I Don't Wanna Miss You	TRANG	['vietnam indie', 'v-pop']	2020-07-24	192720.0	21.0	False	True	9	0	34	62836	306050
Cuộc Gọi Cuối	Cuộc Gọi Cuối	T.R.I	['v-pop', 'vietnamese lo-fi', 'vietnam indie', 'vietnamese hip hop']	2022-06-02	266181.0	24.0	False	True	6	0	85	67114	305604
Girls	Girls - The 2nd Mini Album	aespa	['k-pop']	2022-07-08	240440.0	60.0	False	True	4	0	34	125763	305553
Chạy Ngay Đi - Sky Tour 2019	Sky Tour (Original Motion Picture Soundtrack)	Sơn Tùng M-TP	['v-pop', 'vinahouse', 'vietnamese hip hop']	2020-06-12	309504.0	25.0	False	True	6	0	15	80015	305200
First Class	Come Home The Kids Miss You	Jack Harlow	[]	2022-05-06	173947.0	72.0	True	True	6	0	96	63521	303942
The Tortured Poets Department	THE TORTURED POETS DEPARTMENT: THE ANTHOLOGY	Taylor Swift	[]	2024-04-19	293048.0	68.0	True	True	1	0	40	303895	303895
Just Say Hello	Just Say Hello	Melo-D	[]	2022-05-11	288333.0	44.0	False	True	3	0	91	123723	303868
Lights Up	Fine Line	Harry Styles	[]	2019-12-13	172213.0	65.0	False	True	8	0	24	50232	303309
tonight	goodnight	demxntia	['emo rap']	2018-06-02	84875.0	54.0	False	True	10	0	157	50948	303291
Oh My God	30	Adele	['soft pop']	2021-11-19	225148.0	69.0	False	True	3	0	14	155260	302244
Saturday Nights	Suncity	Khalid	[]	2018-10-18	210666.0	62.0	False	True	23	0	19	20013	301706
Get Up	NewJeans 2nd EP 'Get Up'	NewJeans	['k-pop']	2023-07-21	36226.0	64.0	False	True	2	0	49	194520	298500
Như Ngày Hôm Qua	m-tp M-TP	Sơn Tùng M-TP	['v-pop', 'vinahouse', 'vietnamese hip hop']	2017-04-01	222981.0	48.0	False	True	11	0	139	37948	298074
Rise	Blue	Jonas Blue	['tropical house']	2018-11-09	194407.0	67.0	False	True	29	0	14	20883	297757
Bài Hát Của Em	Người Tình	TRANG	['vietnam indie', 'v-pop']	2017-09-19	220363.0	30.0	False	True	29	0	59	20455	297441
To Die For	To Die For	Sam Smith	['soft pop']	2020-02-14	193795.0	57.0	False	True	7	0	41	61217	297154
Biên Giới Long Bình	Đánh Đổi	Obito	['v-pop', 'vietnamese hip hop', 'vietnam indie']	2023-10-10	179072.0	48.0	True	True	2	0	73	175860	296445
my future	Happier Than Ever	Billie Eilish	[]	2021-07-30	210005.0	67.0	False	True	5	0	15	98496	295508
Tháng 4 Là Lời Nói Dối Của Em - Live Version		Hà Anh Tuấn							8	0	156	37250	290706
Chờ Anh Nhé	Tình Ca Hoàng Dũng	Hoàng Dũng	['v-pop', 'vietnam indie', 'vietnamese lo-fi', 'vietnamese hip hop']	2019-03-06	322508.0	47.0	False	True	10	0	160	32304	290165
3 1 0 7 7 - W/N ft. ( titie, Duongg )	3 1 0 7 7 - W/N ft. ( titie, Duongg )	W/N	['v-pop', 'vietnamese hip hop', 'vietnamese lo-fi', 'vietnam indie']	2021-10-31	211846.0	46.0	False	True	5	0	108	87216	289938
Alcohol-Free	Taste of Love	TWICE	['k-pop']	2021-06-11	210573.0	60.0	False	True	6	0	41	88056	289890
Deja Vu	minisode 3: TOMORROW	TOMORROW X TOGETHER	['k-pop']	2024-04-01	171427.0	70.0	False	True	2	0	128	162689	289847
Alone, Pt. II	World Of Walker	Alan Walker	[]	2021-11-26	179052.0	67.0	False	True	10	0	50	39589	288707
Đừng Gọi Anh Dậy	Trạm Cảm Xúc	Phuc Du	['vietnamese hip hop', 'v-pop', 'vietnamese lo-fi', 'vinahouse', 'vietnam indie']	2021-07-05	194366.0	27.0	False	True	5	0	44	88340	288669
FOREVER YOUNG - KR Ver.		BLACKPINK							30	0	11	22135	288206
Reckless	Silence Between Songs	Madison Beer	[]	2023-09-15	203384.0	69.0	False	True	7	0	139	62172	288123
Nơi Tình Yêu Kết Thúc	Xin Em, Vol. 01	Bùi Anh Tuấn	['v-pop', 'vietnamese lo-fi']	2016-09-15	317773.0	50.0	False	True	2	0	135	157206	287997
STOP	Jack In The Box	j-hope	['k-pop', 'k-rap']	2022-07-15	122211.0	54.0	False	True	3	0	20	168490	287109
Lover (Remix) [feat. Shawn Mendes]	Lover (Remix) [feat. Shawn Mendes]	Taylor Swift	[]	2019-11-13	221306.0	62.0	False	True	8	0	15	63010	286984
Matchanah (feat. Bâu)	Matchanah (feat. Bâu)	Híu	['v-pop', 'vietnamese lo-fi', 'vietnamese hip hop']	2021-03-13	227586.0	36.0	False	True	7	0	88	50283	286882
Interlude : Dawn	D-DAY	Agust D	['k-pop', 'k-rap']	2023-04-21	105139.0	58.0	False	True	2	0	55	192097	286790
Diamond Heart	Different World	Alan Walker	[]	2018-12-14	240333.0	56.0	False	True	28	1	8	18121	286243
Tâm Sự Của Ta	Tâm Sự Của Ta	Vũ.	['v-pop', 'vietnam indie', 'vietnamese lo-fi']	2018-12-19	247500.0	28.0	False	True	24	0	21	17052	285945
Done for Me (feat. Kehlani)	Voicenotes	Charlie Puth	['soft pop', 'pop']	2018-05-11	180493.0	63.0	False	True	28	0	11	40074	285515
FRIENDSHIP	FRIENDSHIP	Đen	['v-pop', 'vietnamese hip hop', 'vietnam indie', 'vietnamese lo-fi']	2024-06-25	294997.0	37.0	False	True	2	0	111	165295	285476
Trước Khi Em Tồn Tại		Việt Anh							2	0	71	154835	285364
Miền Đất Hứa	Miền Đất Hứa	Hoàng Thùy Linh	['v-pop', 'vietnamese hip hop', 'vinahouse', 'vietnam indie']	2023-11-27	239519.0	30.0	False	True	2	0	104	163945	284763
I will come to you	Happy	Jin	['k-pop']	2024-11-15	156964.0	64.0	False	True	1	0	68	284550	284550
In My Feelings	Scorpion	Drake	['rap', 'hip hop']	2018-06-29	217925.0	69.0	True	True	20	4	5	28403	284541
Wildest Dreams	1989	Taylor Swift	[]	2014-01-01	220440.0	70.0	False	True	12	0	75	32024	284363
Permission to Dance (Instrumental)	Permission to Dance	BTS	['k-pop']	2021-07-23	187585.0	30.0	False	True	6	0	36	95734	284198
The Nights	The Days / Nights	Avicii	['edm']	2014-01-01	176658.0	81.0	False	True	13	0	16	29981	283713
Ruin My Life	Ruin My Life	Zara Larsson	[]	2018-10-18	190931.0	57.0	True	True	22	0	15	22634	283392
Wrap Me In Plastic - Marcus Layton Radio Edit	Wrap Me In Plastic (Marcus Layton Radio Edit)	CHROMANCE	[]	2019-11-15	193320.0	54.0	False	True	14	0	158	22372	283277
My Boy Only Breaks His Favorite Toys	THE TORTURED POETS DEPARTMENT: THE ANTHOLOGY	Taylor Swift	[]	2024-04-19	203801.0	70.0	False	True	1	0	50	282904	282904
Intro	Jack In The Box	j-hope	['k-pop', 'k-rap']	2022-07-15	58871.0	53.0	False	True	3	0	21	166060	281529
Phonecert		Minh Nhựt							1	0	75	281112	281112
Có Chàng Trai Viết Lên Cây		Unknown Artist							4	3	5	105959	280657
LILAC	IU 5th Album 'LILAC'	IU	['k-pop', 'k-ballad']	2021-03-25	214253.0	61.0	False	True	3	0	23	127512	279905
Đôi Mi Em Đang U Sầu	Đôi Mi Em Đang U Sầu	Đông Nhi	['v-pop', 'vinahouse']	2022-04-23	267272.0	19.0	False	True	3	0	48	103658	279358
SOS (feat. Aloe Blacc)	TIM	Avicii	['edm']	2019-06-06	157202.0	70.0	False	True	11	0	18	38829	279299
Anpanman	Love Yourself 轉 'Tear'	BTS	['k-pop']	2018-05-18	232966.0	61.0	False	True	20	2	8	61919	278510
The Archer	Lover	Taylor Swift	[]	2019-08-23	211240.0	71.0	False	True	9	0	20	57089	278461
How Long	Voicenotes	Charlie Puth	['soft pop', 'pop']	2018-05-11	200853.0	71.0	False	True	32	0	33	23019	278358
Tam Giác	Tam Giác	Anh Phan	['vietnamese hip hop', 'v-pop']	2022-02-28	122390.0	37.0	True	True	5	0	59	83739	278114
LION	I trust	(G)I-DLE	['k-pop']	2020-04-06	210973.0	57.0	False	True	13	0	53	36250	276521
Matsuri	LOVE ALL SERVE ALL	Fujii Kaze	['j-pop']	2022-03-23	225920.0	63.0	False	True	2	0	63	142891	276421
What You Know Bout Love	Shoot For The Stars Aim For The Moon	Pop Smoke	['brooklyn drill', 'drill', 'new york drill']	2020-07-03	160000.0	74.0	True	True	9	0	99	37200	275701
Agust D		Agust D							2	0	53	187386	275364
WA DA DA	FIRST IMPACT	Kep1er	['k-pop']	2022-01-03	183693.0	53.0	False	True	7	0	138	45033	274900
Scared to Be Lonely	Scared to Be Lonely	Martin Garrix	['edm', 'electronica', 'progressive house']	2017-01-27	220883.0	74.0	False	True	35	0	110	14351	274266
Interlude : Showtime	MUSE	Jimin	['k-pop']	2024-07-19	78492.0	66.0	False	True	1	0	55	273939	273939
Good Thing (with Kehlani)	Good Thing (with Kehlani)	Zedd	['edm']	2019-09-27	210901.0	59.0	True	True	10	0	44	38555	272877
Question...?	Midnights	Taylor Swift	[]	2022-10-21	210556.0	61.0	True	True	2	0	24	176641	272774
Million Dollar Boy		16 Typh							4	0	80	81085	272316
Big Plans	Big Plans	Why Don't We	[]	2019-01-17	179929.0	57.0	False	True	20	0	55	19780	271749
Future	Jack In The Box	j-hope	['k-pop', 'k-rap']	2022-07-15	139308.0	55.0	False	True	3	0	25	158435	270956
Never Be the Same	Camila	Camila Cabello	['pop']	2018-01-12	226973.0	72.0	False	True	32	0	23	31217	270910
Safety Zone	Jack In The Box	j-hope	['k-pop', 'k-rap']	2022-07-15	165340.0	54.0	False	True	3	0	24	159235	270247
Natural	Origins (Deluxe)	Imagine Dragons	[]	2018-11-09	189466.0	76.0	False	True	27	0	17	17173	269834
Illusion	Girls - The 2nd Mini Album	aespa	['k-pop']	2022-07-08	195053.0	57.0	False	True	5	0	83	69028	269573
what if… (dance mix)	HOPE ON THE STREET VOL.1	j-hope	['k-pop', 'k-rap']	2024-03-29	196485.0	58.0	False	True	3	0	23	159505	269095
MOONLIGHT SUNRISE	READY TO BE	TWICE	['k-pop']	2023-03-10	180320.0	56.0	False	True	3	0	58	112257	268989
So Long, London	THE TORTURED POETS DEPARTMENT: THE ANTHOLOGY	Taylor Swift	[]	2024-04-19	262974.0	69.0	False	True	1	0	53	267591	267591
đừng làm nó phức tạp	đừng làm nó phức tạp	tlinh	['v-pop', 'vietnamese hip hop', 'vietnam indie', 'vietnamese lo-fi', 'vinahouse']	2024-01-26	289321.0	36.0	False	True	2	0	112	166639	267509
Xuất Phát Điểm	Đánh Đổi	Obito	['v-pop', 'vietnamese hip hop', 'vietnam indie']	2023-10-10	189111.0	45.0	False	True	2	0	92	163011	267379
Người Ấy	Ca Sĩ Giấu Mặt	Trịnh Thăng Bình	['v-pop', 'vinahouse', 'vietnamese lo-fi']	2017-04-04	260674.0	42.0	False	True	17	0	135	20622	267022
Ghệ Mới	Ghệ Mới	B Ray	['vietnamese hip hop', 'v-pop', 'vinahouse', 'vietnam indie']	2025-02-14	226238.0	51.0	False	True	1	0	87	266909	266909
Kick It	Kill This Love	BLACKPINK	['k-pop']	2019-04-05	191225.0	53.0	False	True	12	1	3	66013	266572
若月亮没来（若是月亮还没来）	若月亮没来（若是月亮还没来）	王宇宙Leto	['mandopop', 'c-pop']	2024-01-22	173822.0	58.0	False	True	2	0	159	139843	266197
Good Boy Gone Bad	minisode 2: Thursday's Child	TOMORROW X TOGETHER	['k-pop']	2022-05-09	191038.0	62.0	False	True	4	0	51	95863	266009
Is It Over Now? (Taylor's Version) (From The Vault)	1989 (Taylor's Version)	Taylor Swift	[]	2023-10-26	229477.0	71.0	False	True	2	0	125	139919	265616
Dạ Vũ	Dạ Vũ	Tăng Duy Tân	['v-pop', 'vinahouse', 'vietnamese lo-fi']	2021-08-15	202167.0	42.0	False	True	7	0	174	43996	264688
Đời Là Giấc Mơ (Nhạc Phim Chị Trợ Lý Của Anh)	Đời Là Giấc Mơ (Nhạc Phim Chị Trợ Lý Của Anh)	Mỹ Tâm	['v-pop', 'vietnamese bolero', 'vietnam indie']	2019-01-25	181875.0	17.0	False	True	20	0	17	24223	264078
Burning Up (Fire)	The Most Beautiful Moment in Life: Young Forever	BTS	['k-pop']	2016-05-02	203351.0	64.0	False	True	4	0	36	98154	263227
Zimzalabim	‘The ReVe Festival’ Finale	Red Velvet	['k-pop']	2019-12-23	190859.0	47.0	False	True	10	0	19	46575	262809
Vigilante Shit	Midnights	Taylor Swift	[]	2022-10-21	164801.0	67.0	True	True	2	0	26	169829	262709
Do Ai?	Vũ Trụ Song Song	Vũ.	['v-pop', 'vietnam indie', 'vietnamese lo-fi']	2019-11-06	216003.0	25.0	False	True	14	0	45	26742	261844
Luật rừng	Luật rừng	Binz	['vietnamese hip hop', 'v-pop', 'vinahouse', 'vietnam indie']	2022-08-04	193600.0	22.0	False	True	4	0	88	75362	261428
What Lovers Do (feat. SZA)	Red Pill Blues (Deluxe)	Maroon 5	['pop']	2018-06-15	199849.0	70.0	False	True	42	0	96	12864	261277
Tìm (Lost)	Tìm	MIN	['v-pop', 'vietnamese hip hop', 'vietnamese lo-fi', 'vietnam indie', 'vinahouse']	2021-11-24	270000.0	36.0	False	True	24	0	65	20827	260975
Young Dumb & Broke	American Teen	Khalid	[]	2017-04-27	202546.0	76.0	False	True	34	0	119	11521	259092
all the good girls go to hell	WHEN WE ALL FALL ASLEEP, WHERE DO WE GO?	Billie Eilish	[]	2019-03-29	168839.0	70.0	False	True	17	0	44	20443	258132
Sacrifice	Dawn FM	The Weeknd	[]	2022-01-06	188918.0	66.0	True	True	3	0	34	104315	257840
Let Her Go	All the Little Lights (Deluxe)	Passenger	['folk pop']	2013-11-29	252733.0	73.0	False	True	40	0	97	12972	257765
해야 (HEYA)	IVE SWITCH	IVE	['k-pop']	2024-04-29	189680.0	64.0	False	True	2	0	157	138488	257578
Phải Lòng (feat. Phong Max)	Phải Lòng	Tăng Duy Tân	['v-pop', 'vinahouse', 'vietnamese lo-fi']	2022-09-01	218256.0	27.0	False	True	4	0	83	74052	257076
Lift Me Up - From Black Panther: Wakanda Forever - Music From and Inspired By	Lift Me Up (From Black Panther: Wakanda Forever - Music From and Inspired By)	Rihanna	[]	2022-10-28	196519.0	66.0	False	True	3	0	54	115896	256065
Send My Love / Sit Still, Look Pretty (Acoustic Mashup)	Send My Love / Sit Still, Look Pretty (Acoustic Mashup)	Landon Austin	['acoustic pop']	2016-06-29	202142.0	44.0	False	True	11	0	137	25198	254399
Love Lies (with Normani)	Love Lies (with Normani)	Khalid	[]	2018-02-14	201707.0	72.0	False	True	19	0	18	32281	254009
Cháu Xin Lỗi Chú (feat. Gia Nghi)	Cháu Xin Lỗi Chú (feat. Gia Nghi)	Linh Thộn	['v-pop', 'vietnamese hip hop', 'vietnam indie']	2021-02-22	249473.0	32.0	False	True	7	0	109	42999	253627
Vì Yêu Cứ Đâm Đầu	Vì Yêu Cứ Đâm Đầu	MIN	['v-pop', 'vietnamese hip hop', 'vietnamese lo-fi', 'vietnam indie', 'vinahouse']	2020-07-29	231000.0	47.0	False	True	3	0	150	91326	252987
MORE	MORE	K/DA	['k-pop']	2020-10-28	217088.0	61.0	False	True	5	0	34	80177	251888
Best Part of Me (feat. YEBBA)	No.6 Collaborations Project	Ed Sheeran	['soft pop']	2019-07-12	243266.0	55.0	False	True	11	0	23	47050	251840
Your Love	AMORTAGE	JISOO	['k-pop']	2025-02-14	173232.0	72.0	False	True	1	0	99	251666	251666
Christmas EveL	Christmas EveL	Stray Kids	['k-pop']	2021-11-29	178529.0	60.0	False	True	5	0	93	58591	251519
LOCO	CRAZY IN LOVE	ITZY	['k-pop']	2021-09-24	191462.0	62.0	False	True	4	0	42	83985	251413
Lalala	Lalala	Y2K	[]	2019-06-28	160626.0	68.0	True	True	13	0	72	24017	250601
TRUE	YOARI X MY DEMON	YOARI	[]	2023-12-23	192240.0	59.0	False	True	2	0	167	130539	250308
Thuyền Không Bến Đợi (feat. Czee)	Thuyền Không Bến Đợi (feat. Czee)	Trungg I.U	['v-pop', 'vietnamese lo-fi', 'vietnam indie']	2024-01-10	335022.0	39.0	False	True	2	0	182	129319	250220
Young And Beautiful	Young And Beautiful	Lana Del Rey	[]	2013-01-01	236053.0	81.0	False	True	2	0	181	127569	250027
Cream Soda	EXIST – The 7th Album	EXO	['k-pop']	2023-07-10	185320.0	55.0	False	True	2	0	84	138272	249920
Meant to Be (feat. Florida Georgia Line)	All Your Fault: Pt. 2	Bebe Rexha	[]	2017-08-11	163870.0	67.0	False	True	35	0	67	16301	249698
OMG What's Happening	Heaven & Hell	Ava Max	[]	2020-09-18	179831.0	51.0	False	True	8	0	61	41562	249534
tình em là đại dương	Hương Mùa Hè EP.02	Hoàng Dũng	['v-pop', 'vietnam indie', 'vietnamese lo-fi', 'vietnamese hip hop']	2022-07-10	226000.0	38.0	False	True	5	0	109	58975	249298
Cố Thức Đến Mùa Cây Thay Lá	Cố Thức Đến Mùa Cây Thay Lá	Thái Đinh	['vietnam indie', 'v-pop']	2020-10-13	257683.0	26.0	False	True	8	0	88	40687	249278
Funny	Funny	Zedd	['edm']	2020-07-16	221465.0	53.0	False	True	9	0	90	32546	248609
Đây Là Rap Việt (feat. Binz, JustaTee, Rhymastic, Wowy, Karik & Suboi)	Rap Việt, Vòng 1	RAP VIỆT	['vietnamese hip hop', 'v-pop']	1900-01-01	180600.0	30.0	False	True	6	0	71	49468	248430
Bao Giờ Lấy Vợ (feat. Right & Anh Tú)	Rap Việt Mùa 3 (2023) - Tập 2	RAP VIỆT	['vietnamese hip hop', 'v-pop']	2023-06-04	192000.0	31.0	False	True	3	0	173	87512	248108
you should see me in a crown	WHEN WE ALL FALL ASLEEP, WHERE DO WE GO?	Billie Eilish	[]	2019-03-29	180952.0	73.0	False	True	19	0	55	17471	248077
CHUYỂN KÊNH (sản phẩm này không phải là thuốc)	3 (tuyển tập nhạc Ngọt mới trẻ sôi động 2019)	Ngọt	['vietnam indie', 'v-pop', 'vietnamese hip hop']	2019-06-10	273806.0	41.0	False	True	9	0	27	44843	246460
everything sucks	everything sucks	vaultboy	[]	2021-05-21	115401.0	61.0	True	True	8	0	117	37444	246204
Một Chiều Mưa Bất Ngờ	Một Chiều Mưa Bất Ngờ	K-ICM	['v-pop', 'vinahouse', 'vietnam indie', 'vietnamese lo-fi', 'vietnamese hip hop']	2020-10-21	250735.0	3.0	False	True	2	0	13	152481	244683
Như Hoa Mùa Xuân	Gala Nhạc Việt: GreaTET - Thập Kỷ Nhạc Xuân	Phùng Khánh Linh	['v-pop', 'vietnam indie', 'city pop']	2023-01-01	295634.0	42.0	False	True	2	0	141	123318	243608
Ngày Này, Người Con Gái Này	Ngày Này, Người Con Gái Này	Vũ Cát Tường	['v-pop', 'vietnam indie']	2025-02-14	255105.0	50.0	False	True	1	0	104	241953	241953
Khi ông mặt trời khóc	Khi ông mặt trời khóc	Tiên Tiên	['v-pop', 'vietnam indie', 'vinahouse', 'vietnamese lo-fi']	2022-09-23	233000.0	23.0	False	True	3	0	66	107873	241098
Dynamite (Acoustic Remix)	Dynamite (DayTime Version)	BTS	['k-pop']	2020-08-28	197993.0	41.0	False	True	6	0	34	67776	241096
KILLING ME	NEW KIDS REPACKAGE : THE NEW KIDS	iKON	['k-pop']	2019-01-07	193733.0	53.0	False	True	23	1	2	33975	240840
Ignite	Ignite	Alan Walker	[]	2018-05-11	210288.0	65.0	False	True	29	0	40	13386	240513
dimple	Love Yourself 承 'Her'	BTS	['k-pop']	2017-09-18	196776.0	64.0	False	True	9	0	31	69518	240233
Bejeweled	Midnights	Taylor Swift	[]	2022-10-21	194165.0	70.0	False	True	2	0	35	153281	239770
Đợi đến tháng 13	Đợi đến tháng 13	Vũ Thịnh	['v-pop', 'vietnamese hip hop', 'vinahouse']	2024-03-16	208258.0	45.0	False	True	2	0	197	124102	239602
Thói Quen	Baby With You - EP	Wren Evans	['v-pop', 'vietnam indie', 'vietnamese hip hop', 'vietnamese lo-fi', 'vinahouse']	2022-10-14	213167.0	30.0	False	True	4	0	132	69552	239129
Chị Ngả Em Nâng	Dramatic	Bích Phương	['v-pop', 'vietnamese hip hop', 'vietnamese lo-fi', 'vinahouse', 'vietnam indie']	2018-11-21	225600.0	20.0	False	True	16	2	6	33168	238731
Em Có Nhớ Anh Không ?	Em Có Nhớ Anh Không ?	Hiya	['v-pop']	2023-11-05	272538.0	47.0	False	True	2	0	197	122514	238067
SÀI GÒN CÓ EM (feat. Blacka)	Rap Việt Season 2 - Tập 2	RAP VIỆT	['vietnamese hip hop', 'v-pop']	2021-10-25	145428.0	25.0	False	True	5	0	89	53640	237642
Cứu Lấy Âm Nhạc	Cứu Lấy Âm Nhạc	Wren Evans	['v-pop', 'vietnam indie', 'vietnamese hip hop', 'vietnamese lo-fi', 'vinahouse']	2025-01-16	183479.0	48.0	False	True	1	0	112	236900	236900
Dành Cho Em	Hoàng Tôn: The Hits Collection	Hoàng Tôn	['v-pop', 'vietnamese hip hop', 'vinahouse']	2015-01-01	238773.0	50.0	False	True	2	0	187	118692	236872
Nhường Lại Em (feat. Phúc Du)	Một Vạn Năm	Vũ.	['v-pop', 'vietnam indie', 'vietnamese lo-fi']	2022-09-09	214333.0	33.0	False	True	4	0	92	71794	236650
Love Me	Love Me	RealestK	[]	2022-02-18	207546.0	58.0	False	True	4	0	75	70316	236195
Hugs & Kisses	AMORTAGE	JISOO	['k-pop']	2025-02-14	189826.0	70.0	False	True	1	0	109	235267	235267
La La La	Hotel Cabana (Deluxe Version)	Naughty Boy	[]	2013-01-01	222200.0	78.0	False	True	7	0	121	43213	234739
Patient	Voicenotes	Charlie Puth	['soft pop', 'pop']	2018-05-11	190533.0	50.0	False	True	31	0	15	18217	233174
SLOW DANCING IN THE DARK	BALLADS 1	Joji	[]	2018-10-26	209273.0	76.0	True	True	10	0	82	66880	233109
FOREVER 1	FOREVER 1 - The 7th Album	Girls' Generation	['k-pop']	2022-08-05	202533.0	55.0	False	True	4	0	78	81076	232340
Chúng Ta Không Thuộc Về Nhau - Sky Tour 2019	Sky Tour (Original Motion Picture Soundtrack)	Sơn Tùng M-TP	['v-pop', 'vinahouse', 'vietnamese hip hop']	2020-06-12	247594.0	25.0	False	True	5	0	21	68912	231928
All Night (BTS World Original Soundtrack) (Pt. 3)	All Night (BTS World Original Soundtrack) (Pt. 3)	BTS	['k-pop']	2019-06-21	216873.0	56.0	False	True	7	1	7	76907	231638
I Was Never There	My Dear Melancholy,	The Weeknd	[]	2018-03-30	241066.0	79.0	False	True	6	0	110	47373	230970
Nhà Văn Vở (feat. SMO & Hoàng Tôn)	Rap Việt Mùa 3 (2023) - Tập 14	RAP VIỆT	['vietnamese hip hop', 'v-pop']	2023-08-27	228572.0	23.0	False	True	2	0	130	120914	230957
Like I Do	Like I Do	David Guetta	['edm', 'dance']	2018-02-22	202500.0	57.0	False	True	19	0	17	33703	230557
Mercy	Illuminate (Deluxe)	Shawn Mendes	['pop']	2017-04-20	208733.0	76.0	False	True	23	0	137	14747	230483
Miễn Chê (feat. BigDaddy & Tez)	Rap Việt Mùa 3 (2023) - Tập 16	RAP VIỆT	['vietnamese hip hop', 'v-pop']	2023-09-10	214465.0	27.0	False	True	2	0	134	115611	229748
Easier	CALM	5 Seconds of Summer	[]	2020-03-27	158098.0	63.0	False	True	12	0	42	27236	229626
One Thing Right	One Thing Right	Marshmello	['edm']	2019-06-21	181823.0	70.0	False	True	8	0	29	42292	229510
Thanh	Thanh	Thịnh Suy	['v-pop', 'vietnam indie', 'vietnamese lo-fi']	2021-04-28	162000.0	28.0	False	True	4	0	54	84073	228827
Karma	Midnights	Taylor Swift	[]	2022-10-21	204852.0	72.0	True	True	2	0	37	144517	228616
i wonder... (with Jung Kook of BTS)	HOPE ON THE STREET VOL.1	j-hope	['k-pop', 'k-rap']	2024-03-29	163598.0	67.0	False	True	1	0	66	228405	228405
POP/STARS	POP/STARS	K/DA	['k-pop']	2018-11-03	191100.0	64.0	False	True	14	3	4	41056	228081
Skit: Soulmate	Skool Luv Affair	BTS	['k-pop']	2014-02-12	92791.0	44.0	False	True	3	0	20	125762	227683
quý cô say xỉn (secret sunday)	CITOPIA	Phùng Khánh Linh	['v-pop', 'vietnam indie', 'city pop']	2022-11-11	202241.0	28.0	False	True	3	0	75	93850	227218
Akuma no Ko	Akuma no Ko	Ai Higuchi	['anime', 'j-pop']	2022-01-10	227679.0	60.0	False	True	6	0	117	47940	227128
God's Plan	Scorpion	Drake	['rap', 'hip hop']	2018-06-29	198973.0	79.0	True	True	26	0	17	26459	227031
All of Me	Love In The Future (Expanded Edition)	John Legend	['soft pop', 'neo soul']	2013-08-30	269560.0	82.0	False	True	37	0	137	9238	226453
tình wá akk	tình wá akk	2pillz	['v-pop', 'vietnamese hip hop', 'vietnam indie', 'vinahouse']	2023-08-10	180394.0	24.0	False	True	2	0	111	122421	226267
Lost Cause	Happier Than Ever	Billie Eilish	[]	2021-07-30	212496.0	67.0	True	True	3	0	29	117845	225995
Leyla	Leyla	Mesto	['future house', 'edm']	2019-02-22	181810.0	36.0	False	True	12	0	80	23874	225836
Đừng Chờ Anh Nữa	Đừng Chờ Anh Nữa	Tăng Phúc	['v-pop', 'vietnamese lo-fi', 'vinahouse', 'vietnam indie']	2020-01-01	225132.0	36.0	False	True	7	0	167	34211	225652
Easy	Easy	Camila Cabello	['pop']	2019-10-11	194686.0	48.0	False	True	10	0	63	31947	225373
Say Bye! (feat. Pháp Kiều & Dương Hoàng Yến)	Rap Việt Mùa 3 (2023) - Tập 14	RAP VIỆT	['vietnamese hip hop', 'v-pop']	2023-08-27	203085.0	26.0	False	True	2	0	141	117051	225110
Better Days (NEIKED x Mae Muller x Polo G)	Better Days (NEIKED x Mae Muller x Polo G)	NEIKED	[]	2021-09-24	160656.0	66.0	False	True	6	0	123	42751	224203
Nobody's Love	JORDI (Deluxe)	Maroon 5	['pop']	2021-06-11	211253.0	58.0	False	True	5	0	29	77895	223540
Có Nhiều Cái Khó Nói (feat. Liu Grace)	Rap Việt Mùa 3 (2023) - Tập 15	RAP VIỆT	['vietnamese hip hop', 'v-pop']	2023-09-03	218555.0	26.0	False	True	2	0	135	113944	222741
Muộn Màng Là Từ Lúc	Tâm 9	Mỹ Tâm	['v-pop', 'vietnamese bolero', 'vietnam indie']	2017-12-06	235093.0	44.0	False	True	11	0	166	22623	222659
Ooh Just You	Ooh Just You	Lê Thiện Hiếu	['v-pop', 'vietnam indie', 'vietnamese lo-fi', 'vinahouse']	2020-11-24	195200.0	33.0	False	True	7	0	129	38099	222647
Bam Bam (feat. Ed Sheeran)	Familia	Camila Cabello	['pop']	2022-04-07	206070.0	65.0	False	True	5	0	90	62907	222457
Sinh Nhật Của Xinh Nhất	Nội Dung Nhạy Cảm - Part 1	24k.Right	['vietnamese hip hop', 'v-pop']	2023-11-08	180000.0	38.0	True	True	2	0	183	114920	222385
Black Mamba	Girls - The 2nd Mini Album	aespa	['k-pop']	2022-07-08	174933.0	62.0	False	True	6	0	80	54181	222237
Việt Nam Muôn Đời (feat. Thai VG, Liu Grace & Mikelodic)	Rap Việt Mùa 3 (2023) - Tập 16	RAP VIỆT	['vietnamese hip hop', 'v-pop']	2023-09-10	243902.0	31.0	False	True	2	0	139	110978	221806
Khum Hề Giả Trân (feat. gung0cay)	Rap Việt Mùa 3 (2023) - Tập 13	RAP VIỆT	['vietnamese hip hop', 'v-pop']	2023-08-20	210000.0	27.0	False	True	2	0	143	115251	221451
These Days (feat. Jess Glynne, Macklemore & Dan Caplen)	Toast to Our Differences (Deluxe Edition)	Rudimental	[]	2019-01-25	211760.0	66.0	False	True	17	0	16	31672	221091
But Daddy I Love Him	THE TORTURED POETS DEPARTMENT: THE ANTHOLOGY	Taylor Swift	[]	2024-04-19	340428.0	69.0	True	True	1	0	73	220849	220849
I Can’t Get Enough (benny blanco, Selena Gomez, J Balvin, Tainy)	I Can’t Get Enough (benny blanco, Selena Gomez, J Balvin, Tainy)	benny blanco	[]	2019-02-28	158027.0	57.0	False	True	10	0	12	36067	219808
Cơn Mưa Rào	Minh Tinh	Văn Mai Hương	['v-pop', 'vinahouse', 'vietnamese hip hop', 'vietnam indie']	2023-10-24	225000.0	34.0	False	True	2	0	190	110222	219657
Tiếp Đất	Tiếp Đất	Low G	['vietnamese hip hop', 'v-pop', 'vietnam indie']	2023-07-20	195860.0	34.0	False	True	2	0	93	132493	218773
Mặc Sự Đời! (feat. Tlinh)	Rap Việt Tập 13	RAP VIỆT	['vietnamese hip hop', 'v-pop']	2020-10-25	196333.0	21.0	False	True	5	0	58	54759	218738
I'm Not The Only One	In The Lonely Hour	Sam Smith	['soft pop']	2014-05-26	239316.0	80.0	False	True	36	0	113	12286	218610
XOXO	XOXO	JEON SOMI	['k-pop']	2021-10-29	207650.0	52.0	False	True	4	0	45	81076	218076
Thở	Thở	Da LAB	['v-pop', 'vietnamese hip hop', 'vietnam indie', 'vietnamese lo-fi', 'vinahouse']	2021-04-08	228050.0	33.0	False	True	6	0	117	41272	217968
Follow You	Mercury - Acts 1 & 2	Imagine Dragons	[]	2022-07-01	175643.0	66.0	False	True	4	0	58	68253	217849
Mặt Trời Khóc	Mặt Trời Khóc	Emcee L (Da LAB)	['v-pop', 'vietnamese lo-fi', 'vietnam indie', 'vietnamese hip hop']	2022-07-15	226682.0	19.0	False	True	4	0	98	65612	217186
Nép Vào Anh Và Nghe Anh Hát	Nép Vào Anh Và Nghe Anh Hát	Hoàng Dũng	['v-pop', 'vietnam indie', 'vietnamese lo-fi', 'vietnamese hip hop']	2018-12-12	263533.0	31.0	False	True	21	0	69	14551	217167
As I Am (feat. Khalid)	Justice	Justin Bieber	[]	2021-03-19	174406.0	57.0	False	True	4	0	54	73480	216263
Lạc Trôi - Sky Tour 2019	Sky Tour (Original Motion Picture Soundtrack)	Sơn Tùng M-TP	['v-pop', 'vinahouse', 'vietnamese hip hop']	2020-06-12	293890.0	23.0	False	True	5	0	30	62757	215878
Adios	HUSH	EVERGLOW	['k-pop']	2019-08-19	189146.0	53.0	False	True	10	0	50	37312	215763
Vẫn	Vẫn	24k.Right	['vietnamese hip hop', 'v-pop']	2023-09-09	238344.0	37.0	True	True	2	0	129	116950	215683
Rewrite The Stars (with James Arthur & Anne-Marie)	Rewrite The Stars (with James Arthur & Anne-Marie)	James Arthur	['soft pop']	2018-10-25	218293.0	75.0	False	True	21	0	46	12025	215474
breathin	Sweetener	Ariana Grande	['pop']	2018-08-17	198160.0	66.0	True	True	20	1	2	30655	215165
Walk On Da Street	Walk On The Street	16 Typh	['vietnamese hip hop', 'v-pop', 'vinahouse']	2021-04-06	179777.0	23.0	False	True	6	0	122	40484	214987
Soju Love	Soju Love	Obito	['v-pop', 'vietnamese hip hop', 'vietnam indie']	2022-03-08	191000.0	36.0	False	True	4	0	99	61472	214951
Ngày Mai Người Ta Lấy Chồng	Ngày Mai Người Ta Lấy Chồng	Thành Đạt	['v-pop', 'vinahouse', 'vietnamese lo-fi']	2023-05-12	361818.0	41.0	False	True	2	0	126	114710	214708
Sugar Rush Ride	The Name Chapter: TEMPTATION	TOMORROW X TOGETHER	['k-pop']	2023-01-27	186570.0	65.0	False	True	2	0	50	133157	214704
Cơn Mơ Băng Giá	Cơn Mơ Băng Giá	Bằng Kiều	['vietnamese bolero', 'v-pop', 'bolero']	2020-06-29	280016.0	38.0	False	True	6	0	154	45276	214601
Nếu Ngày Mai Không Đến	Nếu Ngày Mai Không Đến	Chillies	['v-pop', 'vietnam indie', 'vietnamese lo-fi', 'vietnamese hip hop']	2019-03-22	330967.0	34.0	False	True	10	0	110	28673	213443
Lemonade (feat. NAV)	B4 The Storm	Internet Money	[]	2020-08-28	195428.0	73.0	True	True	8	0	125	30659	213249
Ai Cũng Có Thể Là Quán Quân (feat. Dick & Bùi Công Nam)	Rap Việt Mùa 3 (2023) - Tập 15	RAP VIỆT	['vietnamese hip hop', 'v-pop']	2023-09-03	239057.0	27.0	False	True	2	0	144	106806	213029
Em Của Ngày Hôm Qua - Sky Tour 2019	Sky Tour (Original Motion Picture Soundtrack)	Sơn Tùng M-TP	['v-pop', 'vinahouse', 'vietnamese hip hop']	2020-06-12	246241.0	23.0	False	True	5	0	44	53146	212965
Please Me	Please Me	Cardi B	[]	2019-02-15	200889.0	74.0	True	True	10	0	13	31869	212354
Khóc Ở Trong Club	Khóc Ở Trong Club	Hiền Hồ	['v-pop', 'vinahouse', 'vietnam indie', 'vietnamese lo-fi']	2023-08-14	197073.0	31.0	False	True	2	0	161	106520	212304
Sweet Nothing	Midnights	Taylor Swift	[]	2022-10-21	188496.0	64.0	False	True	2	0	45	138444	211716
Take My Breath	Dawn FM	The Weeknd	[]	2022-01-06	339023.0	66.0	False	True	4	0	46	75148	211558
Try Again	Try Again - SM STATION	JAEHYUN	[]	2017-11-24	178233.0	66.0	False	True	5	0	105	48220	211410
vaicaunoicokhiennguoithaydoi - Acoustic	Hương Mùa Hè EP.01	GREY D	['v-pop', 'vietnam indie', 'vietnamese lo-fi', 'vietnamese hip hop']	2022-07-03	222068.0	43.0	False	True	4	0	107	59590	211222
Beautiful Monster	KOSMIK	SOOBIN	['v-pop', 'vietnamese hip hop', 'vietnamese lo-fi', 'vietnam indie', 'vinahouse']	2022-10-31	235354.0	31.0	False	True	2	0	49	117195	211004
Thành Thật (feat. Thành Draw)	Rap Việt Tập 15	RAP VIỆT	['vietnamese hip hop', 'v-pop']	2020-11-08	187200.0	23.0	False	True	4	0	49	69374	210938
Florida!!! (feat. Florence + The Machine)	THE TORTURED POETS DEPARTMENT: THE ANTHOLOGY	Taylor Swift	[]	2024-04-19	215463.0	68.0	True	True	1	0	79	210836	210836
HOT	SEVENTEEN 4th Album 'Face the Sun'	SEVENTEEN	['k-pop']	2022-05-27	197586.0	66.0	False	True	4	0	63	76559	210763
Bỏ Em Vào Balo (Lofi Ver.)	Bỏ Em Vào Balo (Lofi Ver.)	Tân Trần	['vietnamese lo-fi', 'vinahouse', 'v-pop', 'vietnam indie', 'lo-fi']	2021-07-11	186885.0	35.0	False	True	6	0	76	55027	209982
JIKJIN	THE SECOND STEP : CHAPTER ONE	TREASURE	['k-pop']	2022-02-15	184117.0	58.0	False	True	5	0	121	50365	209529
Labyrinth	Midnights	Taylor Swift	[]	2022-10-21	247962.0	67.0	False	True	2	0	44	138605	209488
Daisies	Daisies	Katy Perry	['pop']	2020-05-15	173123.0	51.0	False	True	6	0	55	43246	208954
Diamonds	Love Goes	Sam Smith	['soft pop']	2020-10-30	213869.0	62.0	False	True	7	0	70	38928	208385
Mẹ Biết Mẹ Buồn (feat. Ogenus)	Rap Việt Mùa 3 (2023) - Tập 13	RAP VIỆT	['vietnamese hip hop', 'v-pop']	2023-08-20	240000.0	23.0	False	True	2	0	151	108445	208131
Small Talk	Small Talk	Katy Perry	['pop']	2019-08-09	161962.0	46.0	False	True	10	0	40	36150	208042
Everything I Need - Film Version	Aquaman (Original Motion Picture Soundtrack) [Deluxe Edition]	Skylar Grey	[]	2019-07-19	196234.0	44.0	False	True	15	0	56	17041	207946
Buồn Không Thể Buông	Buồn Không Thể Buông	Trung Quân	['v-pop', 'vietnam indie', 'vietnamese lo-fi']	2022-09-30	255146.0	29.0	False	True	4	0	175	52778	207192
You’re Losing Me (From The Vault)	You're Losing Me (From The Vault)	Taylor Swift	[]	2023-11-29	277831.0	72.0	False	True	1	0	70	207177	207177
Kéo Em Về Làm Vợ (feat. Double2T)	Rap Việt Mùa 3 (2023) - Tập 15	RAP VIỆT	['vietnamese hip hop', 'v-pop']	2023-09-03	200888.0	24.0	False	True	2	0	142	109207	207150
Không Cần Phải Nói Nhiều	Không Cần Phải Nói Nhiều	tlinh	['v-pop', 'vietnamese hip hop', 'vietnam indie', 'vietnamese lo-fi', 'vinahouse']	2022-05-10	246271.0	33.0	False	True	3	0	52	91600	207130
Oh my god	I trust	(G)I-DLE	['k-pop']	2020-04-06	195866.0	60.0	False	True	6	0	30	59752	206722
nằm ngủ emru	nằm ngủ emru	Bích Phương	['v-pop', 'vietnamese hip hop', 'vietnamese lo-fi', 'vinahouse', 'vietnam indie']	2021-10-21	254705.0	17.0	False	True	3	0	35	93495	206049
Before You Go	Divinely Uninspired To A Hellish Extent (Extended Edition)	Lewis Capaldi	['soft pop']	2019-11-22	215106.0	78.0	False	True	11	0	102	23277	205617
Giấc Mơ		YanBi							17	0	14	22793	205466
Không Thích	Không Thích	Low G	['vietnamese hip hop', 'v-pop', 'vietnam indie']	2022-03-30	216373.0	41.0	False	True	4	0	77	68135	205311
Not Like Us	Not Like Us	Kendrick Lamar	['hip hop', 'west coast hip hop']	2024-05-04	274192.0	92.0	True	True	1	0	136	205114	205114
Lost Control	Different World	Alan Walker	[]	2018-12-14	222320.0	58.0	False	True	22	0	53	11687	204895
Outro: Tear	Love Yourself 轉 'Tear'	BTS	['k-pop']	2018-05-18	284980.0	55.0	False	True	18	0	13	49060	203706
06 Quen Lắm	Suýt 2	Ngọt	['vietnam indie', 'v-pop', 'vietnamese hip hop']	2024-08-30	247784.0	39.0	False	True	1	0	98	203366	203366
04 Thắp Hương 05 Hoá Vàng	Suýt 1	Ngọt	['vietnam indie', 'v-pop', 'vietnamese hip hop']	2024-02-23	228705.0	37.0	False	True	1	0	82	203319	203319
Trao	Chiều Hôm Ấy Anh Thấy Màu Đỏ	Wren Evans	['v-pop', 'vietnam indie', 'vietnamese hip hop', 'vietnamese lo-fi', 'vinahouse']	2022-12-08	191937.0	33.0	False	True	3	0	139	75152	203317
Last Hurrah	Last Hurrah	Bebe Rexha	[]	2019-02-15	150333.0	52.0	False	True	12	0	29	25330	202893
TEARS	AMORTAGE	JISOO	['k-pop']	2025-02-14	182221.0	70.0	False	True	1	0	139	202652	202652
Don't Leave Me Alone (feat. Anne-Marie)	Don't Leave Me Alone (feat. Anne-Marie)	David Guetta	['edm', 'dance']	2018-07-26	183750.0	49.0	False	True	20	0	19	17721	202393
Merry Christmas	Merry Christmas	Ed Sheeran	['soft pop']	2021-12-03	208546.0	64.0	False	True	4	0	101	55584	202132
Nothing	To Let A Good Thing Die	Bruno Major	[]	2020-06-05	162797.0	70.0	False	True	5	0	119	44077	201971
Chương Hai Của Tương Lai	Chương 2 Của Tương Lai	WEAN	['v-pop', 'vietnamese hip hop', 'vietnam indie', 'vietnamese lo-fi']	2021-01-08	243000.0	26.0	False	True	6	0	93	44439	201489
High On Life (feat. Bonn)	High On Life (feat. Bonn)	Martin Garrix	['edm', 'electronica', 'progressive house']	2018-07-29	230761.0	65.0	False	True	22	0	18	19435	201433
Bất Chấp	Bất Chấp	WHEE!	['vietnam indie', 'v-pop', 'vietnamese lo-fi']	2023-07-28	184297.0	36.0	False	True	3	0	165	74559	201281
1/2	A Fence	Lee À	['v-pop', 'vietnamese hip hop', 'vietnam indie']	2023-10-08	240000.0	52.0	False	True	1	0	144	201137	201137
NDA	Happier Than Ever	Billie Eilish	[]	2021-07-30	195776.0	73.0	True	True	4	0	39	89889	201098
Earth	Earth	Lil Dicky	[]	2019-04-18	281500.0	54.0	True	True	9	0	21	35499	200767
CRY FOR ME	CRY FOR ME	TWICE	['k-pop']	2020-12-18	204167.0	61.0	False	True	5	0	56	64241	200456
Harleys In Hawaii	Smile	Katy Perry	['pop']	2020-08-28	185480.0	68.0	False	True	7	0	25	49512	200081
Danger	Dark & Wild	BTS	['k-pop']	2014-08-20	245140.0	61.0	False	True	3	0	42	80384	200031
Nhạc Cho Mẹ (feat. Mikelodic)	Rap Việt Mùa 3 (2023) - Tập 15	RAP VIỆT	['vietnamese hip hop', 'v-pop']	2023-09-03	199385.0	26.0	False	True	2	0	152	103950	199937
What do you think?	D-2	Agust D	['k-pop', 'k-rap']	2020-05-22	182171.0	54.0	True	True	3	0	31	118582	199597
Bad Boy	The Perfect Red Velvet - The 2nd Album Repackage	Red Velvet	['k-pop']	2018-01-29	210817.0	63.0	False	True	26	0	41	20778	199539
24h	24h	Lyly	['v-pop', 'vietnamese hip hop', 'vietnamese lo-fi', 'vietnam indie']	2020-10-28	257000.0	50.0	False	True	4	0	157	51245	198675
Bloody Mary	Born This Way (International Special Edition Version)	Lady Gaga	['art pop', 'pop']	2011-05-23	244760.0	71.0	False	True	3	0	143	74306	198600
Nắng Thủy Tinh	Nắng Thủy Tinh	Avin Lu	['v-pop', 'vietnam indie']	2022-02-28	147368.0	28.0	False	True	3	0	80	74602	198262
Tìm Lại Bầu Trời	Tìm Lại Bầu Trời, Vol. 10	Tuấn Hưng	['v-pop', 'vietnamese bolero', 'vinahouse']	2012-05-12	328773.0	41.0	False	True	20	0	19	29867	197727
Vị Nhà	Vị Nhà	Đen	['v-pop', 'vietnamese hip hop', 'vietnam indie', 'vietnamese lo-fi']	2025-01-15	298728.0	50.0	False	True	1	0	130	197713	197713
Love Maze	Love Yourself 轉 'Tear'	BTS	['k-pop']	2018-05-18	221529.0	62.0	False	True	14	2	8	63027	197596
Nếu Có Một Ngày - Original Soundtrack	Gai Gia Lam Chieu 2 - The Cougar Queen (Original Motion Picture Soundtrack)	Uyên Linh	['v-pop', 'vietnamese lo-fi', 'vietnam indie']	2018-12-10	256180.0	22.0	False	True	16	0	12	21682	196827
Em Chào Tết	Em Chào Tết	Bích Phương	['v-pop', 'vietnamese hip hop', 'vietnamese lo-fi', 'vinahouse', 'vietnam indie']	2020-01-01	188588.0	43.0	False	True	6	0	102	61500	196796
enough for you	SOUR	Olivia Rodrigo	[]	2021-05-21	202826.0	72.0	False	True	2	0	36	120097	196772
NGHE - NÓI (feat. Pjpo & Obito)	Rap Việt Season 2 - Tập 10	RAP VIỆT	['vietnamese hip hop', 'v-pop']	2021-12-22	210862.0	30.0	False	True	4	0	64	70123	196741
Close to You	When the Stars Gossip OST Part.3	Jin	['k-pop']	2025-01-26	228146.0	78.0	False	True	1	0	133	196406	196406
"We Don't Talk About Bruno - From ""Encanto""/Soundtrack Version"	Disney Summer Songs , Vol. 2	Carolina Gaitán - La Gaita	[]	2023-09-25	216120.0	29.0	False	True	5	0	126	43926	195996
Intro		Hoàng Thùy Linh							5	0	16	74202	195947
WHISTLE - KR Ver.		BLACKPINK							21	0	96	26477	195913
Guilty as Sin?	THE TORTURED POETS DEPARTMENT: THE ANTHOLOGY	Taylor Swift	[]	2024-04-19	254365.0	72.0	False	True	1	0	87	195162	195162
La Vie en Rose	COLOR*IZ	IZ*ONE	['k-pop']	2018-10-29	218993.0	60.0	False	True	21	0	25	14640	194745
People Pt.2 (feat. IU)	D-DAY	Agust D	['k-pop', 'k-rap']	2023-04-21	213995.0	62.0	False	True	3	0	26	108294	194566
This Time	Travelling Ways: The HTD Anthology	Caravan	['progressive rock', 'symphonic rock', 'art rock', 'psychedelic rock', 'krautrock']	2001-01-01	317920.0	0.0	False	True	7	0	95	32504	194296
the 1	folklore	Taylor Swift	[]	2020-07-24	210251.0	70.0	True	True	4	0	22	92727	193624
HWAA	I burn	(G)I-DLE	['k-pop']	2021-01-11	197320.0	56.0	False	True	4	0	52	69587	193508
Fast Forward	GAME PLAN	JEON SOMI	['k-pop']	2023-08-07	160578.0	52.0	False	True	2	0	150	102470	193466
Can't Control Myself	INVU - The 3rd Album	TAEYEON	['k-pop', 'k-ballad']	2022-02-14	181600.0	45.0	False	True	4	0	82	62146	192501
I Like It	Invasion of Privacy	Cardi B	[]	2018-04-06	253390.0	72.0	True	True	26	0	51	11465	192457
Mấy Khi	Gieo	Ngọt	['vietnam indie', 'v-pop', 'vietnamese hip hop']	2022-11-25	177050.0	41.0	False	True	3	0	61	81323	192414
Butter (Hotter Remix)	Butter (Hotter, Sweeter, Cooler)	BTS	['k-pop']	2021-06-04	166962.0	40.0	False	True	5	0	105	44113	192337
Life Is Good (feat. Drake)	Life Is Good (feat. Drake)	Future	['rap']	2020-01-10	237735.0	68.0	True	True	8	0	79	26755	191957
Lac Nhau Co Phai Muon Doi (Music From “Cho Em Den Ngay Mai”)	Lac Nhau Co Phai Muon Doi (Music From “Cho Em Den Ngay Mai”)	ERIK	['v-pop', 'vietnamese lo-fi', 'vinahouse', 'vietnam indie']	2017-01-16	316866.0	51.0	False	True	1	0	144	191609	191609
Butter (Hotter Remix)	Butter (Hotter, Sweeter, Cooler)	BTS	['k-pop']	2021-06-04	166962.0	40.0	False	True	5	0	107	43808	191550
Wake Me Up	True	Avicii	['edm']	2013-01-01	247426.0	82.0	False	True	23	1	3	33527	191166
Enjoy Cái Moment Này (feat. Tez, Anh Tú & Vũ Thảo My)	Rap Việt Mùa 3 (2023) - Tập 12	RAP VIỆT	['vietnamese hip hop', 'v-pop']	2023-08-13	240000.0	27.0	False	True	2	0	177	98833	191139
Tình Yêu Buông Tha Cho Chúng Ta	Tình Yêu Buông Tha Cho Chúng Ta	Trungg I.U	['v-pop', 'vietnamese lo-fi', 'vietnam indie']	2025-01-02	261492.0	48.0	False	True	1	0	159	190503	190503
"""Slut!"" (Taylor's Version) (From The Vault)"	1989 (Taylor's Version)	Taylor Swift	[]	2023-10-26	180381.0	71.0	False	True	1	0	69	190163	190163
Mastermind	Midnights	Taylor Swift	[]	2022-10-21	191039.0	66.0	False	True	2	0	55	125928	190078
Phố Đã Lên Đèn - Cukak Remix		Huyền Tâm Môn							3	0	49	79573	188960
Psycho (feat. Ty Dolla $ign)	beerbongs & bentleys	Post Malone	[]	2018-04-27	221440.0	70.0	True	True	15	0	25	30708	188435
KHÔNG PHẢI TẠI NÓ (feat. Mai Ngô)	Rap Việt Season 2 - Tập 1	RAP VIỆT	['vietnamese hip hop', 'v-pop']	2021-10-18	164210.0	27.0	False	True	4	0	60	65995	187718
Chưa Quên Người Yêu Cũ - Live Version	Chưa Quên Người Yêu Cũ (Live Version)	Hà Nhi	['v-pop', 'vinahouse', 'vietnamese lo-fi', 'vietnam indie']	2022-06-02	336000.0	27.0	False	True	4	0	128	55497	187026
Life Goes On	BE	BTS	['k-pop']	2020-11-20	207481.0	71.0	False	True	28	0	33	18810	186989
Overpass Graffiti	=	Ed Sheeran	['soft pop']	2021-10-25	236906.0	62.0	False	True	3	0	46	80447	186505
Rescue Me	Human (Deluxe)	OneRepublic	['soft pop']	2021-08-27	159650.0	65.0	False	True	11	0	64	20056	186125
Lo Xa	Lo Xa	Tiên Tiên	['v-pop', 'vietnam indie', 'vinahouse', 'vietnamese lo-fi']	2020-12-18	167148.0	26.0	False	True	5	0	81	47988	185951
Four Seasons	Four Seasons	TAEYEON	['k-pop', 'k-ballad']	2019-03-24	188237.0	47.0	False	True	9	1	8	40316	185742
Bận Lòng	Bận Lòng	Pay	['v-pop', 'vietnam indie']	2022-10-03	202500.0	45.0	False	True	3	0	145	64259	185612
Đánh Đố (feat. Thanh Lam & Tùng Dương)	LINK	Hoàng Thùy Linh	['v-pop', 'vietnamese hip hop', 'vinahouse', 'vietnam indie']	2022-08-11	268235.0	22.0	False	True	3	0	81	80239	185302
The River	The River	Axel Johansson	[]	2017-11-17	212210.0	45.0	False	True	19	0	37	16349	184999
Slide Away	SHE IS COMING	Miley Cyrus	[]	2019-05-31	233654.0	62.0	False	True	7	0	29	42131	184871
Who’s Afraid of Little Old Me?	THE TORTURED POETS DEPARTMENT: THE ANTHOLOGY	Taylor Swift	[]	2024-04-19	334084.0	70.0	False	True	1	0	100	183574	183574
Heading Home	Heading Home	Alan Walker	[]	2020-04-01	184889.0	47.0	False	True	7	0	79	34047	183158
Cypher Nhà Làm	Cypher Nhà Làm	Low G	['vietnamese hip hop', 'v-pop', 'vietnam indie']	2021-05-04	238152.0	38.0	True	True	4	0	80	55285	183062
Happy New Year	Super Trouper	ABBA	[]	1980	263693.0	54.0	False	True	6	0	98	57900	182044
Dung co mo	Dung co mo	ERIK	['v-pop', 'vietnamese lo-fi', 'vinahouse', 'vietnam indie']	2018-12-14	216303.0	13.0	False	True	15	0	20	17134	181874
Cậu Ấm, Cô Chén (feat. Quang Anh Rhyder & dubbie)	Rap Việt Mùa 3 (2023) - Tập 7	RAP VIỆT	['vietnamese hip hop', 'v-pop']	2023-07-09	201600.0	32.0	False	True	2	0	149	100329	181490
Born To Be Yours	Born To Be Yours	Kygo	['tropical house']	2018-06-15	193320.0	64.0	False	True	15	0	11	22521	181434
906090	906090	Tóc Tiên	['v-pop', 'vietnamese lo-fi', 'vietnam indie', 'vietnamese bolero']	2022-10-19	208767.0	21.0	False	True	2	0	86	98705	181102
Thị Mầu	Thị Mầu	Hoà Minzy	['v-pop', 'vinahouse']	2023-03-05	205397.0	33.0	False	True	2	0	144	95823	180591
Get Money	THE WXRDIES	Wxrdie	['vietnamese hip hop', 'v-pop']	2024-11-12	162000.0	48.0	True	True	1	0	156	180300	180300
Chỉ Cần Có Nhau	Chỉ Cần Có Nhau	Vũ Cát Tường	['v-pop', 'vietnam indie']	2024-09-19	214387.0	49.0	False	True	1	0	171	179787	179787
Mượn Rượu Tỏ Tình	King Of Rap Tập 10	King Of Rap	['vietnamese hip hop', 'v-pop', 'vinahouse', 'thai pop']	2020-10-18	254629.0	40.0	False	True	6	0	128	34679	179747
Pied Piper	Love Yourself 承 'Her'	BTS	['k-pop']	2017-09-18	245620.0	66.0	False	True	2	0	18	143674	179641
Paradise	Love Yourself 轉 'Tear'	BTS	['k-pop']	2018-05-18	211223.0	58.0	False	True	13	1	10	61670	179563
Know me	Know me	GEMINI	['k-rap']	2021-02-06	214613.0	51.0	False	True	3	0	94	71053	179428
FIESTA	BLOOM*IZ	IZ*ONE	['k-pop']	2020-02-17	217760.0	57.0	False	True	6	0	70	41458	178968
Cô Gái M52	Cô Gái M52	HuyR	['v-pop', 'vietnam indie', 'vietnamese lo-fi', 'vietnamese hip hop', 'vinahouse']	2018-06-01	211147.0	40.0	False	True	18	0	29	15189	178533
DICE	ENTWURF	NMIXX	['k-pop']	2022-09-19	165746.0	62.0	False	True	3	0	105	73693	178509
Permission to Dance (R&B Remix)	Permission to Dance	BTS	['k-pop']	2021-07-23	216156.0	42.0	False	True	5	0	74	53001	178036
Hãy Trao Cho Anh - Sky Tour 2019	Sky Tour (Original Motion Picture Soundtrack)	Sơn Tùng M-TP	['v-pop', 'vinahouse', 'vietnamese hip hop']	2020-06-12	253033.0	25.0	False	True	5	0	49	48644	177965
Lạc	Lạc	Rhymastic	['v-pop', 'vietnamese hip hop', 'vietnam indie', 'vinahouse', 'vietnamese lo-fi']	2021-10-22	237531.0	30.0	False	True	4	0	84	55363	177847
Gửi Người Yêu Cũ	Gửi Người Yêu Cũ	Hồ Ngọc Hà	['v-pop', 'vinahouse']	2017-01-18	282541.0	22.0	False	True	10	0	13	37293	177670
my tears ricochet	folklore	Taylor Swift	[]	2020-07-24	255893.0	76.0	False	True	4	0	24	86966	176930
Rockstar - Extended	Rockstar	LISA	['k-pop']	2024-06-27	164782.0	60.0	True	True	1	0	94	176869	176869
champagne problems	evermore	Taylor Swift	[]	2020-12-11	244000.0	71.0	True	True	4	0	42	75849	176789
loml	THE TORTURED POETS DEPARTMENT: THE ANTHOLOGY	Taylor Swift	[]	2024-04-19	277156.0	70.0	True	True	1	0	111	176166	176166
Fresh Out The Slammer	THE TORTURED POETS DEPARTMENT: THE ANTHOLOGY	Taylor Swift	[]	2024-04-19	210789.0	67.0	False	True	1	0	113	176042	176042
Saint-Tropez	Hollywood's Bleeding	Post Malone	[]	2019-09-06	150866.0	61.0	True	True	7	0	47	36669	176033
Kỳ Vọng Sai Lầm	Kỳ Vọng Sai Lầm	Tăng Phúc	['v-pop', 'vietnamese lo-fi', 'vinahouse', 'vietnam indie']	2022-09-26	221558.0	33.0	False	True	3	0	143	63912	176032
Without You (feat. Sandro Cavazza)	AVĪCI (01)	Avicii	['edm']	2017-08-10	181672.0	78.0	True	True	23	1	6	27738	175496
ICY	IT'z ICY	ITZY	['k-pop']	2019-07-29	191142.0	54.0	False	True	8	0	37	35558	175434
Blueming	Love poem	IU	['k-pop', 'k-ballad']	2019-11-18	217053.0	59.0	False	True	10	0	121	21214	175428
Cry For Me	Hurry Up Tomorrow	The Weeknd	[]	2025-01-31	224136.0	87.0	True	True	1	0	139	175273	175273
EVERYDAY	EVERYD4Y	WINNER	['k-pop']	2018-04-04	206350.0	45.0	False	True	17	1	8	32633	175189
Ms. May (feat. Magazine)	Qua Khung Cửa Sổ	Chillies	['v-pop', 'vietnam indie', 'vietnamese lo-fi', 'vietnamese hip hop']	2021-05-05	203593.0	26.0	False	True	4	0	74	58734	175176
Gia Vo Say	Ten On Ten	Đông Nhi	['v-pop', 'vinahouse']	2018-12-13	272542.0	11.0	False	True	16	0	22	21062	175086
Godzilla (feat. Juice WRLD)	Music To Be Murdered By	Eminem	['rap', 'hip hop']	2020-01-17	210800.0	79.0	True	True	7	0	67	31578	174468
Best Friend (feat. Doja Cat)	Best Friend (feat. Doja Cat) [Remix EP] [Extended Edition]	Saweetie	[]	2021-04-23	155883.0	67.0	True	True	6	0	169	30686	174287
Only The Young - Featured in Miss Americana	Only The Young (Featured in Miss Americana)	Taylor Swift	[]	2020-01-31	157507.0	57.0	False	True	5	0	40	48665	173882
28 Reasons	28 Reasons - The 1st Mini Album	SEULGI	['k-pop']	2022-10-04	189413.0	59.0	False	True	3	0	113	70066	173753
Let Me In	Let Me In	EXO	['k-pop']	2023-06-12	197533.0	46.0	False	True	2	0	177	86897	173586
supernatural	eternal sunshine	Ariana Grande	['pop']	2024-03-08	163381.0	70.0	False	True	1	0	115	173414	173414
Right People, Wrong Place	Right Place, Wrong Person	RM	['k-pop', 'k-rap']	2024-05-24	117000.0	56.0	True	True	1	0	108	173081	173081
Anh Không Thể	22	MONO	['v-pop', 'vietnamese hip hop', 'vinahouse']	2022-08-18	219936.0	32.0	False	True	3	0	141	59245	172940
All The Stars (with SZA)	Black Panther The Album Music From And Inspired By	Kendrick Lamar	['hip hop', 'west coast hip hop']	2018-02-09	232186.0	90.0	True	True	13	0	15	34446	172923
Abracadabra	Abracadabra	Lady Gaga	['art pop', 'pop']	2025-02-03	223398.0	90.0	False	True	1	0	174	172008	172008
Dưới Tán Cây Khô Hoa Nở	Dưới Tán Cây Khô Hoa Nở	Jack - J97	['v-pop', 'vietnamese lo-fi', 'vinahouse']	2024-12-10	282352.0	45.0	False	True	1	0	195	171033	171033
Hope Not	Kill This Love	BLACKPINK	['k-pop']	2019-04-05	191030.0	51.0	False	True	7	1	9	58430	170832
Hồn Lỡ Sa Vào	Keep Cầm Ca	Binz	['vietnamese hip hop', 'v-pop', 'vinahouse', 'vietnam indie']	2024-11-27	198545.0	44.0	False	True	1	0	173	170690	170690
Heartless	After Hours	The Weeknd	[]	2020-03-20	198266.0	74.0	True	True	7	0	46	39494	170123
Senorita	I made	(G)I-DLE	['k-pop']	2019-02-26	197616.0	52.0	False	True	12	0	20	30649	170019
Calling (Spider-Man: Across the Spider-Verse) (Metro Boomin & Swae Lee, NAV, feat. A Boogie Wit da Hoodie)	METRO BOOMIN PRESENTS SPIDER-MAN: ACROSS THE SPIDER-VERSE (SOUNDTRACK FROM AND INSPIRED BY THE MOTION PICTURE)	Metro Boomin	[]	2023-06-02	219453.0	67.0	False	True	2	0	172	88566	169739
on the street (solo version)	HOPE ON THE STREET VOL.1	j-hope	['k-pop', 'k-rap']	2024-03-29	191602.0	63.0	False	True	1	0	114	169542	169542
anh nhà ở đâu thế	dreaAMEE	AMEE	['v-pop', 'vietnamese hip hop', 'vietnam indie', 'vietnamese lo-fi']	2020-06-20	216000.0	46.0	False	True	6	0	74	38093	168933
Thương Nhiều Hơn Nói (feat. Đạt G, B-Ray)	Thương Nhiều Hơn Nói (feat. Đạt G, B-Ray)	Masew	['v-pop', 'vietnamese hip hop', 'vinahouse', 'vietnamese lo-fi', 'vietnam indie']	2020-01-01	178353.0	23.0	False	True	17	0	22	16736	168913
Thư Cho Anh	Người Tình	TRANG	['vietnam indie', 'v-pop']	2017-09-19	241621.0	31.0	False	True	21	0	42	11603	168808
Phoenix	Phoenix	League of Legends	[]	2019-10-08	197633.0	62.0	False	True	7	0	45	38555	168559
Đau Thế Mà	Tâm 9	Mỹ Tâm	['v-pop', 'vietnamese bolero', 'vietnam indie']	2017-12-06	194266.0	18.0	False	True	21	0	43	18240	168394
Stupid Love	Chromatica	Lady Gaga	['art pop', 'pop']	2020-05-29	193533.0	63.0	False	True	4	0	28	68080	167384
Ca Khúc Cuối	THE WXRDIES	Wxrdie	['vietnamese hip hop', 'v-pop']	2024-11-12	185514.0	47.0	True	True	1	0	166	167152	167152
GIANTS	GIANTS	True Damage	[]	2019-11-10	191720.0	58.0	False	True	4	0	16	62507	167085
Những Con Đường Song Song	Những Con Đường Song Song	Chillies	['v-pop', 'vietnam indie', 'vietnamese lo-fi', 'vietnamese hip hop']	2019-05-22	297662.0	31.0	False	True	8	0	125	26268	167076
Tình Là Gì Đây Em Ơi Remix	Tình Là Gì Đây Em Ơi	ICM	['v-pop', 'vietnam indie', 'vietnamese lo-fi', 'vinahouse', 'vietnamese hip hop']	2021-01-15	224351.0	10.0	False	True	2	0	49	86895	166958
Halo	I AM...SASHA FIERCE - Platinum Edition	Beyoncé	[]	2008	261160.0	70.0	False	True	28	0	108	12699	166852
Midnight Sky	Plastic Hearts	Miley Cyrus	[]	2020-11-27	223280.0	67.0	False	True	5	0	51	47219	166012
Mother's Daughter	SHE IS COMING	Miley Cyrus	[]	2019-05-31	219080.0	60.0	True	True	8	0	22	36077	165754
Blue Side	Blue Side	j-hope	['k-pop', 'k-rap']	2021-03-02	198600.0	57.0	False	True	2	0	35	120839	164897
Hướng Dương	Hướng Dương	Thắng	['vietnam indie', 'v-pop', 'vietnamese hip hop']	2024-06-01	208805.0	41.0	False	True	1	0	119	164551	164551
Honest (feat. Don Toliver)	Honest	Justin Bieber	[]	2022-04-29	193322.0	59.0	True	True	2	0	47	103849	164534
Between us - Vietnamese version		SOOBIN							21	0	46	11379	164526
LATATA	I am	(G)I-DLE	['k-pop']	2018-05-02	202772.0	56.0	False	True	20	0	23	15252	164315
Không Yêu Xin Đừng Nói (Piano Version)	Không Yêu Xin Đừng Nói (Piano Version)	UMIE	['v-pop', 'vietnamese hip hop', 'vinahouse']	2023-10-03	244218.0	48.0	False	True	1	0	156	164106	164106
Em Gai Mua Cover - Huong Tram ft Anh Khang - Original	Em Gai Mua Cover - Huong Tram ft Anh Khang (Original)	Anh Khang	['v-pop', 'vietnam indie']	2018-03-07	196944.0	21.0	False	True	17	0	29	14814	164058
CROWN	The Dream Chapter: STAR	TOMORROW X TOGETHER	['k-pop']	2019-03-04	230706.0	57.0	False	True	11	0	33	23990	163303
Snapping	Flourishing	CHUNG HA	['k-pop']	2019-06-24	213164.0	52.0	False	True	10	0	82	20811	162913
Anh Chồng Quốc Dân Của Em (feat. Lăng LD & Rhymastic)	Rap Việt Tập 16	RAP VIỆT	['vietnamese hip hop', 'v-pop']	2020-11-16	186666.0	16.0	False	True	3	0	58	72466	162555
Dáng Xinh	Dáng Xinh	Low G	['vietnamese hip hop', 'v-pop', 'vietnam indie']	2021-12-16	205244.0	46.0	False	True	3	0	63	69650	162443
Gashina	SUNMI SPECIAL EDITION [Gashina]	SUNMI	['k-pop']	2017-08-22	180000.0	57.0	False	True	28	0	127	11398	162288
Anh Thuong Em Nhat Do - Acoustic Version		Am Mi							9	0	70	24237	162261
Candy	Candy - Winter Special Mini Album	NCT DREAM	['k-pop']	2022-12-16	217066.0	60.0	False	True	2	0	92	99261	162009
CHIHIRO	HIT ME HARD AND SOFT	Billie Eilish	[]	2024-05-17	303440.0	86.0	False	True	1	0	122	161416	161416
Tình Xa Lúc Ban Chiều - Piano Version		K-ICM							3	0	93	62991	160904
Cry About It Later	Smile	Katy Perry	['pop']	2020-08-28	189772.0	42.0	False	True	5	0	76	36771	160873
Cross Me (feat. Chance the Rapper & PnB Rock)	No.6 Collaborations Project	Ed Sheeran	['soft pop']	2019-07-12	206186.0	54.0	True	True	8	0	33	30801	160420
MIC Drop (Steve Aoki Remix) (Full Length Edition)	Love Yourself 結 'Answer'	BTS	['k-pop']	2018-08-24	307675.0	64.0	False	True	19	0	35	18022	160304
Nevermind	Nevermind	Dennis Lloyd	[]	2017-06-30	156600.0	72.0	False	True	20	0	43	13739	160237
Smokin Out The Window	An Evening With Silk Sonic	Bruno Mars	[]	2021-11-11	197442.0	68.0	False	True	4	0	111	44661	160031
Don't Call Me Up	Ivy To Roses (Mixtape)	Mabel	[]	2019-01-18	178480.0	68.0	False	True	11	0	52	18342	159764
SICKO MODE	ASTROWORLD	Travis Scott	['rap']	2018-08-03	312820.0	79.0	True	True	24	0	55	9478	159323
this is what falling in love feels like	this is what ____ feels like (Vol. 1-4)	JVKE	[]	2022-09-23	120308.0	71.0	False	True	4	0	157	43730	159064
Bad Habits	An-nyeong	SHAUN	['k-pop']	2019-01-01	212959.0	43.0	False	True	10	0	13	25694	158716
So What	Love Yourself 轉 'Tear'	BTS	['k-pop']	2018-05-18	281520.0	60.0	False	True	10	0	11	58063	158639
Anh Freestyle	THE WXRDIES	Wxrdie	['vietnamese hip hop', 'v-pop']	2024-11-12	171968.0	46.0	True	True	1	0	179	158280	158280
I'm Fine	Love Yourself 結 'Answer'	BTS	['k-pop']	2018-08-24	240339.0	60.0	False	True	12	1	5	45699	158252
imagine	thank u, next	Ariana Grande	['pop']	2019-02-08	212266.0	64.0	True	True	12	0	12	24387	157943
UNDERSTAND	GABRIEL	keshi	[]	2022-03-25	150519.0	72.0	False	True	2	0	185	79922	157840
HY VỌNG (feat. Lower, Dablo & Vũ Phụng Tiên)	RAP VIỆT 2024, Tập 7	RAP VIỆT	['vietnamese hip hop', 'v-pop']	2024-11-04	196000.0	28.0	False	True	3	0	50	65055	157750
NẾU ANH LÀ CỦA EM		Chị Đẹp Đạp Gió Rẽ Sóng							1	0	191	157535	157535
Xem Như Anh Chẳng May - Lofi	Tuyển Tập Nhạc Lofi Metub 1	CaoTri	['vietnamese lo-fi', 'vinahouse', 'v-pop']	2023-07-02	195851.0	0.0	False	True	3	0	132	54653	157501
Ai Mà Biết Được (feat. tlinh)	BẬT NÓ LÊN	SOOBIN	['v-pop', 'vietnamese hip hop', 'vietnamese lo-fi', 'vietnam indie', 'vinahouse']	2024-06-25	240000.0	50.0	False	True	1	0	90	157443	157443
My Universe - Instrumental	My Universe	Coldplay	[]	2021-09-24	228000.0	33.0	False	True	3	0	36	89274	157415
OK Not To Be OK	OK Not To Be OK	Marshmello	['edm']	2020-09-10	159862.0	57.0	False	True	6	0	91	32598	157142
Lạnh Lùng	Tâm 9	Mỹ Tâm	['v-pop', 'vietnamese bolero', 'vietnam indie']	2017-12-06	270160.0	21.0	False	True	20	0	50	16717	156162
Paradise	Soul Searching	Bazzi	[]	2019-08-09	169038.0	65.0	True	True	10	0	54	21742	156072
Drugs & The Internet	~how i'm feeling~	Lauv	[]	2020-03-06	178560.0	45.0	True	True	9	0	41	25691	155414
Teeth	CALM	5 Seconds of Summer	[]	2020-03-27	205502.0	76.0	False	True	8	0	60	27346	155349
Jopping	SuperM - The 1st Mini Album	SuperM	['k-pop']	2019-10-04	251293.0	55.0	False	True	6	0	19	54952	155285
What A Man Gotta Do	What A Man Gotta Do	Jonas Brothers	[]	2020-01-17	180644.0	65.0	False	True	6	0	69	29271	154976
Cherish (My Love)	Cherish (My Love) (Remixes)	ILLIT	['k-pop']	2024-10-28	176854.0	71.0	False	True	1	0	183	154746	154746
I Can See You (Taylor’s Version) (From The Vault)	Speak Now (Taylor's Version)	Taylor Swift	[]	2023-07-07	273186.0	68.0	False	True	1	0	65	154732	154732
Trốn Chạy	Đánh Đổi	Obito	['v-pop', 'vietnamese hip hop', 'vietnam indie']	2023-10-10	170078.0	44.0	False	True	1	0	99	154452	154452
I Can Fix Him (No Really I Can)	THE TORTURED POETS DEPARTMENT: THE ANTHOLOGY	Taylor Swift	[]	2024-04-19	156297.0	65.0	False	True	1	0	144	154320	154320
true story	eternal sunshine	Ariana Grande	['pop']	2024-03-08	163278.0	65.0	False	True	1	0	138	154282	154282
Can't Help Falling In Love	Crazy Rich Asians (Original Motion Picture Soundtrack)	Kina Grannis	['acoustic pop']	2018-08-10	201933.0	63.0	False	True	20	0	41	11697	154157
Dancing In The Flames	Dancing In The Flames	The Weeknd	[]	2024-09-13	220036.0	78.0	False	True	1	0	153	154141	154141
Lemon Tree	Dish of the Day	Fools Garden	[]	1995-01-01	191026.0	72.0	False	True	5	0	89	36801	154132
Lie To Me	Youngblood (Deluxe)	5 Seconds of Summer	[]	2018-06-15	150467.0	58.0	False	True	12	0	31	15054	153718
YES or YES	YES or YES	TWICE	['k-pop']	2018-11-05	237680.0	62.0	False	True	14	0	11	24349	153633
Red (Taylor's Version)	Red (Taylor's Version)	Taylor Swift	[]	2021-11-12	223093.0	69.0	False	True	3	0	55	72078	153404
I'm Good (Blue)	I'm Good (Blue)	David Guetta	['edm', 'dance']	2022-08-26	175238.0	81.0	True	True	3	0	149	56699	153264
It's the Most Wonderful Time of the Year	The Andy Williams Christmas Album	Andy Williams	['christmas']	1963-11-24	151933.0	71.0	False	True	7	0	72	46263	153227
Từng Ngày Yêu Em	Từng Ngày Như Mãi Mãi	buitruonglinh	['v-pop', 'vietnamese lo-fi', 'vietnam indie', 'vinahouse']	2024-12-12	225882.0	61.0	False	True	1	0	195	153159	153159
Let Me	Icarus Falls	ZAYN	[]	2018-12-14	185373.0	61.0	False	True	13	2	8	29039	153074
Dynamite (EDM Remix)	Dynamite (DayTime Version)	BTS	['k-pop']	2020-08-28	198939.0	40.0	False	True	4	0	46	60251	152750
Ngày Xuân Long Phụng Sum Vầy	Bao Giờ Lấy Chồng	Bích Phương	['v-pop', 'vietnamese hip hop', 'vietnamese lo-fi', 'vinahouse', 'vietnam indie']	2017-01-16	230263.0	38.0	False	True	4	0	116	52916	152688
Tiễn Khách	Dramatic	Bích Phương	['v-pop', 'vietnamese hip hop', 'vietnamese lo-fi', 'vinahouse', 'vietnam indie']	2018-11-21	230689.0	15.0	False	True	14	0	17	21857	152470
BBIBBI	BBIBBI	IU	['k-pop', 'k-ballad']	2018-10-10	194426.0	58.0	False	True	16	0	14	20091	152397
No Brainer	No Brainer	DJ Khaled	[]	2018-07-27	260000.0	57.0	True	True	10	0	12	23965	152363
Know Me Too Well (with Danna Paola)	New Hope Club	New Hope Club	[]	2020-02-14	200600.0	51.0	False	True	3	0	132	58137	152231
SCIENTIST	Formula of Love: O+T=<3	TWICE	['k-pop']	2021-11-12	194600.0	56.0	False	True	3	0	56	71883	152153
Jesus in LA	These Two Windows	Alec Benjamin	[]	2020-05-29	171539.0	57.0	False	True	8	0	78	22235	152054
Somebody	Sick Boy	The Chainsmokers	[]	2018-12-14	221986.0	55.0	False	True	16	0	26	13314	151929
POWER	POWER	G-DRAGON	['k-pop', 'k-rap']	2024-10-31	143242.0	71.0	False	True	1	0	179	151866	151866
LOVE SOMEBODY (feat. Coolkid & Puppy)	RAP VIỆT 2024, Tập 9	RAP VIỆT	['vietnamese hip hop', 'v-pop']	2024-11-18	189281.0	47.0	False	True	1	0	196	151605	151605
Style (Taylor's Version)	1989 (Taylor's Version)	Taylor Swift	[]	2023-10-26	231000.0	73.0	False	True	1	0	106	151175	151175
Em Ơi Sau Này	Em Ơi Sau Này	Đặng Trí	['v-pop', 'vietnam indie']	2019-03-15	303203.0	32.0	False	True	1	0	145	150920	150920
Small girl (feat. D.O.)	16 Fantasy	Lee Young Ji	['k-rap', 'k-pop']	2024-06-21	189706.0	67.0	False	True	1	0	127	150501	150501
Trivia 起 : Just Dance	Love Yourself 結 'Answer'	BTS	['k-pop']	2018-08-24	225220.0	57.0	False	True	9	1	6	48169	150405
The Alchemy	THE TORTURED POETS DEPARTMENT: THE ANTHOLOGY	Taylor Swift	[]	2024-04-19	196900.0	68.0	False	True	1	0	157	149895	149895
Chắc Ai Đó Sẽ Về - Sky Tour 2019	Sky Tour (Original Motion Picture Soundtrack)	Sơn Tùng M-TP	['v-pop', 'vinahouse', 'vietnamese hip hop']	2020-06-12	283500.0	23.0	False	True	4	0	53	47014	149819
The Other Side Of Paradise	How To Be A Human Being	Glass Animals	[]	2016-08-26	320654.0	64.0	True	True	4	0	143	40519	149436
Feel Me	Rare (Deluxe)	Selena Gomez	['pop']	2020-04-09	226002.0	54.0	False	True	5	0	71	40869	149050
Chúng Ta Làm Bạn Được Không?	after YOU	Thiều Bảo Trâm	['v-pop', 'vietnamese lo-fi']	2022-06-07	299830.0	22.0	False	True	3	0	127	53473	148882
What is Love?	Summer Nights	TWICE	['k-pop']	2018-07-09	208240.0	69.0	False	True	18	0	21	18110	148702
Cả 2	THE WXRDIES	Wxrdie	['vietnamese hip hop', 'v-pop']	2024-11-12	212129.0	45.0	True	True	1	0	194	148625	148625
Rollin'	Rollin'	Brave Girls	['k-pop']	2017-03-07	197746.0	56.0	False	True	4	0	88	49858	148579
I Forgot That You Existed	Lover	Taylor Swift	[]	2019-08-23	170640.0	66.0	False	True	5	0	14	64284	148508
NHẠT		Unknown Artist							9	0	66	20544	148449
Flames	Flames	David Guetta	['edm', 'dance']	2018-03-22	195000.0	59.0	False	True	19	0	52	16590	148352
Never Not	I met you when I was 18. (the playlist)	Lauv	[]	2018-05-31	208000.0	64.0	False	True	6	0	91	29287	148333
no body, no crime (feat. HAIM)	evermore	Taylor Swift	[]	2020-12-11	215626.0	60.0	False	True	3	0	47	72236	148324
Burn Out (feat. Dewain Whitmore)	Burn Out (feat. Dewain Whitmore)	Martin Garrix	['edm', 'electronica', 'progressive house']	2018-09-14	200322.0	51.0	False	True	13	1	6	21730	148029
That's What I Like	24K Magic	Bruno Mars	[]	2016-11-17	206693.0	85.0	False	True	2	0	180	143593	147876
Love, Maybe	Love, Maybe (A Business Proposal OST Special Track)	MeloMance	['k-ballad', 'k-pop', 'soundtrack']	2022-02-18	185000.0	59.0	False	True	3	0	127	50258	147621
One Last Time	My Everything (Deluxe)	Ariana Grande	['pop']	2014-08-22	197266.0	80.0	False	True	18	0	120	9827	147587
Underneath the Tree	Wrapped In Red	Kelly Clarkson	['christmas']	2013-10-25	229640.0	70.0	False	True	5	0	82	49963	147346
More Than You Know	More Than You Know	Axwell /\ Ingrosso	[]	2017-07-28	203000.0	75.0	False	True	21	0	86	12758	147018
Mê Ly	Mê Ly	BigDaddy	['v-pop', 'vietnamese hip hop', 'vinahouse', 'vietnam indie']	2020-10-18	196363.0	13.0	False	True	4	0	64	51051	146734
FAKE LOVE (Rocking Vibe Mix)	Love Yourself 結 'Answer'	BTS	['k-pop']	2018-08-24	238494.0	49.0	False	True	15	1	8	32143	146503
Vì Một Câu Nói	25	Hoàng Dũng	['v-pop', 'vietnam indie', 'vietnamese lo-fi', 'vietnamese hip hop']	2020-12-16	293495.0	26.0	False	True	4	0	115	43179	146242
Wait a Minute!	ARDIPITHECUS	WILLOW	[]	2015-01-11	196520.0	74.0	False	True	3	0	121	52323	145837
Nuts	Right Place, Wrong Person	RM	['k-pop', 'k-rap']	2024-05-24	194666.0	60.0	True	True	1	0	146	145715	145715
the last great american dynasty	folklore	Taylor Swift	[]	2020-07-24	230999.0	64.0	True	True	3	0	26	83229	145679
New Light	Sob Rock	John Mayer	['singer-songwriter']	2021-07-16	217426.0	71.0	False	True	18	0	26	14984	145634
Đừng Yêu Người Nổi Tiếng	Đừng Yêu Người Nổi Tiếng	7UPPERCUTS	['vietnam indie', 'v-pop', 'vietnamese hip hop']	2023-04-25	254302.0	36.0	False	True	2	0	136	76229	145571
Vạn Sự Tuỳ Duyên	Vạn Sự Tuỳ Duyên	Thanh Hưng	['v-pop', 'vietnamese lo-fi', 'vinahouse']	2023-07-10	298124.0	49.0	False	True	1	0	183	144378	144378
Boyfriend	Rare (Deluxe)	Selena Gomez	['pop']	2020-04-09	161188.0	47.0	False	True	5	0	61	39786	143966
I’m Ready (with Demi Lovato)	I’m Ready (with Demi Lovato)	Sam Smith	['soft pop']	2020-04-16	200838.0	50.0	False	True	5	0	65	36697	143824
Tempo	DON’T MESS UP MY TEMPO – The 5th Album	EXO	['k-pop']	2018-11-02	224482.0	59.0	False	True	12	1	7	33046	143723
Ransom	We Love You Tecca	Lil Tecca	['melodic rap', 'rap']	2019-08-30	131240.0	82.0	True	True	8	0	88	21321	143615
NẮNG (feat. CoolKid)	RAP VIỆT 2024, Tập 5	RAP VIỆT	['vietnamese hip hop', 'v-pop']	2024-10-24	158260.0	41.0	False	True	1	0	200	143534	143534
out of love	Right Place, Wrong Person	RM	['k-pop', 'k-rap']	2024-05-24	127200.0	55.0	True	True	1	0	150	143424	143424
The Smallest Man Who Ever Lived	THE TORTURED POETS DEPARTMENT: THE ANTHOLOGY	Taylor Swift	[]	2024-04-19	245541.0	70.0	True	True	1	0	168	143417	143417
Jackie Chan	Jackie Chan	Tiësto	['edm', 'trance', 'big room', 'house', 'dance']	2018-05-18	215759.0	64.0	True	True	17	0	43	12024	143267
Cung Anh - Ngoc Dolil, Hagi, STee - Original		Ngọc Dolil							19	0	50	11738	143248
Remember Me - Sky Tour 2019	Sky Tour (Original Motion Picture Soundtrack)	Sơn Tùng M-TP	['v-pop', 'vinahouse', 'vietnamese hip hop']	2020-06-12	203433.0	23.0	False	True	4	0	50	48536	143134
Nhìn Những Mùa Thu Đi	Nhìn Những Mùa Thu Đi	My Anh	['v-pop', 'vietnam indie']	2022-06-04	172872.0	30.0	False	True	3	0	115	56286	143057
Candy	Delight - The 2nd Mini Album	BAEKHYUN	['k-pop', 'k-ballad']	2020-05-25	227173.0	54.0	False	True	4	0	40	50064	142572
Life's Too Short (English Version)	Life's Too Short	aespa	['k-pop']	2022-06-24	178133.0	51.0	False	True	2	0	72	79987	142130
Say Don't Go (Taylor's Version) (From The Vault)	1989 (Taylor's Version)	Taylor Swift	[]	2023-10-26	279833.0	68.0	False	True	1	0	122	142048	142048
Người Chơi Hệ Đẹp - Cukak Remix	Người Chơi Hệ Đẹp	16 Typh	['vietnamese hip hop', 'v-pop', 'vinahouse']	2021-08-06	123183.0	28.0	False	True	5	0	157	31033	141612
Heaven	TIM	Avicii	['edm']	2019-06-06	277261.0	64.0	False	True	6	0	30	31708	141501
hai triệu năm - Madihu mix	hai triệu năm (Madihu mix)	Đen	['v-pop', 'vietnamese hip hop', 'vietnam indie', 'vietnamese lo-fi']	2019-09-11	209735.0	35.0	False	True	7	0	96	24891	141116
Intro: Boy Meets Evil	Wings	BTS	['k-pop']	2016-10-10	121770.0	54.0	False	True	2	0	32	99809	140988
i wish i hated you	eternal sunshine	Ariana Grande	['pop']	2024-03-08	153633.0	66.0	False	True	1	0	168	140620	140620
i don't know (with HUH YUNJIN of LE SSERAFIM)	HOPE ON THE STREET VOL.1	j-hope	['k-pop', 'k-rap']	2024-03-29	183149.0	62.0	False	True	1	0	162	140608	140608
Y.E.U (L.O.V.E) [Edm Version]		MIN							9	1	9	32734	140484
Little Love (But No Limit)	Little Love (But No Limit)	Phương Ly	['v-pop', 'vietnamese hip hop', 'vietnam indie', 'vinahouse', 'vietnamese lo-fi']	2023-11-02	238928.0	25.0	False	True	1	0	124	140261	140261
Opening Sequence	minisode 2: Thursday's Child	TOMORROW X TOGETHER	['k-pop']	2022-05-09	177976.0	59.0	False	True	3	0	99	58836	140120
After Hours	After Hours	The Weeknd	[]	2020-03-20	361026.0	77.0	False	True	5	0	77	36246	140001
ghệ iu dấu của em ơi (ft. Khoi Vu)	ghệ remixes của em ơi	tlinh	['v-pop', 'vietnamese hip hop', 'vietnam indie', 'vietnamese lo-fi', 'vinahouse']	2023-06-06	205000.0	23.0	False	True	1	0	105	139968	139968
Vậy Cũng Vui	Vậy Cũng Vui	Mỹ Tâm	['v-pop', 'vietnamese bolero', 'vietnam indie']	2020-02-23	205588.0	29.0	False	True	6	0	96	30603	139841
Nothing Breaks Like a Heart (feat. Miley Cyrus)	Late Night Feelings	Mark Ronson	[]	2019-06-21	217099.0	74.0	False	True	11	0	21	18723	139575
Đổi Tư Thế	Đổi Tư Thế	Bình Gold	['vietnamese hip hop', 'v-pop', 'vinahouse']	2024-10-02	227555.0	52.0	True	True	1	0	192	139507	139507
09 Chuyện Thường	Suýt 2	Ngọt	['vietnam indie', 'v-pop', 'vietnamese hip hop']	2024-08-30	196620.0	40.0	False	True	1	0	166	139092	139092
Outro: Her	Love Yourself 承 'Her'	BTS	['k-pop']	2017-09-18	228612.0	48.0	False	True	6	0	32	57666	139018
FLASH	QUANTUM LEAP	X1	['k-pop']	2019-08-27	211320.0	46.0	False	True	6	0	39	39303	138597
Summer of Love (Shawn Mendes & Tainy)	Summer Of Love	Shawn Mendes	['pop']	2021-08-20	184104.0	64.0	False	True	3	0	65	55207	138462
lock / unlock (with benny blanco & Nile Rodgers)	HOPE ON THE STREET VOL.1	j-hope	['k-pop', 'k-rap']	2024-03-29	181970.0	61.0	False	True	1	0	165	138419	138419
Mine	COSMIC	Bazzi	[]	2018-04-12	131064.0	68.0	True	True	11	0	32	26613	138161
Da Biet Se Co Ngay Hom Qua		Nhiều người hát							16	0	32	14270	137990
16	Đánh Đổi	Obito	['v-pop', 'vietnamese hip hop', 'vietnam indie']	2023-10-10	175182.0	41.0	False	True	1	0	121	137903	137903
"Ashes - from ""Deadpool 2"" Motion Picture Soundtrack"	"Ashes (from ""Deadpool 2"" Motion Picture Soundtrack)"	Céline Dion	['variété française']	2018-05-03	199506.0	56.0	False	True	13	0	19	21691	137614
Vô Điều Kiện	Đánh Đổi	Obito	['v-pop', 'vietnamese hip hop', 'vietnam indie']	2023-10-10	151579.0	42.0	False	True	1	0	123	137552	137552
Biết Đâu Sẽ Mất	Biết Đâu Sẽ Mất	Kejo	['v-pop', 'vietnamese hip hop']	2024-01-31	184624.0	31.0	True	True	1	0	143	137295	137295
Everyday	Everyday	SPACESPEAKERS	['vietnamese hip hop', 'v-pop', 'vietnam indie', 'vinahouse']	2018-05-08	259200.0	21.0	False	True	17	0	32	15197	137246
Waiting For Love	Stories	Avicii	['edm']	2015-10-02	230613.0	78.0	False	True	14	1	4	29390	136989
THE SCOTTS		THE SCOTTS							5	0	78	33050	136671
IT'S YOU (feat. keshi)	LOVE IN STEREO	MAX	[]	2024-02-16	173426.0	63.0	False	True	2	0	167	81022	136573
34+35 Remix (feat. Doja Cat, Megan Thee Stallion) - Remix	Positions (Deluxe)	Ariana Grande	['pop']	2021-02-19	182437.0	60.0	True	True	4	0	72	52721	136557
Anh đánh rơi người yêu		Trần Quang Ngọc							1	0	38	136451	136451
Yêu một người có lẽ		Trần Quang Ngọc							1	0	39	136448	136448
BAAM	Fun to The World	MOMOLAND	['k-pop']	2018-06-26	208474.0	53.0	False	True	16	0	15	18207	136250
Say Yes (Vietnamese Version)	Say Yes (Vietnamese Version)	OgeNus	['v-pop', 'vietnamese hip hop']	2024-08-16	223200.0	52.0	False	True	1	0	173	136169	136169
I Love You	I Love You	EXID	['k-pop']	2018-11-21	194699.0	48.0	False	True	12	0	12	23418	136113
My Bad	Free Spirit	Khalid	[]	2019-04-05	163973.0	48.0	False	True	7	0	29	24810	135361
Moonlight	D-2	Agust D	['k-pop', 'k-rap']	2020-05-22	163015.0	57.0	True	True	2	0	46	85118	134859
Live Fast - PUBGM	Live Fast (PUBGM)	Alan Walker	[]	2019-07-25	225096.0	38.0	False	True	6	0	42	32747	134808
Lucid Dreams	Goodbye & Good Riddance	Juice WRLD	['melodic rap', 'emo rap']	2018-12-10	239835.0	81.0	True	True	15	0	59	18797	134559
"Ngày Chưa Giông Bão (Theme Song From ""Người Bất Tử"")"	"Ngày Chưa Giông Bão (Theme Song From ""Người Bất Tử"")"	Bùi Lan Hương	['v-pop', 'vietnam indie']	2018-10-18	212000.0	42.0	False	True	4	0	157	35235	134070
I Miss You (feat. Julia Michaels)	What Is Love? (Deluxe Edition)	Clean Bandit	[]	2018-11-30	205986.0	61.0	False	True	17	0	80	15185	133905
Chúng Ta Rồi Sẽ Hạnh Phúc (Hướng Dương Ngược Nắng)	Chúng Ta Rồi Sẽ Hạnh Phúc (Hướng Dương Ngược Nắng)	Jack - J97	['v-pop', 'vietnamese lo-fi', 'vinahouse']	2023-12-12	232131.0	39.0	False	True	1	0	165	133691	133691
Phù Hộ Cho Con	Phù Hộ Cho Con	24k.Right	['vietnamese hip hop', 'v-pop']	2024-08-09	260120.0	42.0	True	True	1	0	181	133391	133391
Domodachi (feat. Little Simz)	Right Place, Wrong Person	RM	['k-pop', 'k-rap']	2024-05-24	184973.0	55.0	True	True	1	0	165	133337	133337
Chk Chk Boom	ATE	Stray Kids	['k-pop']	2024-07-19	148051.0	76.0	False	True	1	0	173	133229	133229
Cure For Me	Cure For Me	AURORA	['norwegian pop', 'art pop']	2021-07-07	201640.0	56.0	False	True	4	0	110	39263	133060
This Love (Taylor’s Version)	1989 (Taylor's Version)	Taylor Swift	[]	2023-10-26	250100.0	63.0	False	True	2	0	55	87152	133016
Hồ Điệp Hoa Niên		K-ICM							2	0	81	67788	132944
MAESTRO	SEVENTEEN BEST ALBUM '17 IS RIGHT HERE'	SEVENTEEN	['k-pop']	2024-04-29	198906.0	66.0	False	True	1	0	165	132850	132850
CẦN GÌ NÓI IU	CẦN GÌ NÓI IU	Wxrdie	['vietnamese hip hop', 'v-pop']	2022-12-23	160080.0	50.0	False	True	2	0	145	72150	132754
test drive	Positions (Deluxe)	Ariana Grande	['pop']	2021-02-19	122174.0	57.0	False	True	3	0	58	58855	132718
imperfect for you	eternal sunshine	Ariana Grande	['pop']	2024-03-08	182566.0	66.0	True	True	1	0	184	132616	132616
No More Dream	2 Cool 4 Skool	BTS	['k-pop']	2013-06-12	222066.0	61.0	False	True	2	0	63	93140	132527
Gotta Go	Gotta Go	CHUNG HA	['k-pop']	2019-01-02	221813.0	55.0	False	True	13	0	31	15189	132283
Hoa Bấy Bì	Hoa Bấy Bì	T.R.I	['v-pop', 'vietnamese lo-fi', 'vietnam indie', 'vietnamese hip hop']	2022-07-27	296907.0	14.0	False	True	2	0	80	75511	132067
Freaky Deaky	Freaky Deaky	Tyga	[]	2022-02-25	215281.0	58.0	True	True	3	0	117	52288	131611
Đáp Án Cuối Cùng	Đáp Án Cuối Cùng	Quân A.P	['v-pop', 'vietnamese lo-fi', 'vietnam indie']	2022-09-21	291242.0	41.0	False	True	2	0	115	68834	130850
Ride It	Ride It	Regard	[]	2019-07-26	157605.0	74.0	False	True	7	0	116	21734	130746
Way 2 Sexy (with Future & Young Thug)	Certified Lover Boy	Drake	['rap', 'hip hop']	2021-09-03	257604.0	69.0	True	True	3	0	60	56108	130622
Bye Bye Bye - From Deadpool and Wolverine Soundtrack	No Strings Attached	*NSYNC	[]	2000-03-21	200400.0	79.0	False	True	1	0	182	130498	130498
Con kể Ba nghe	Đánh Đổi	Obito	['v-pop', 'vietnamese hip hop', 'vietnam indie']	2023-10-10	184844.0	44.0	False	True	1	0	138	130459	130459
Con Nhà Người Ta (feat. Ricky Star)	Rap Việt Tập 14	RAP VIỆT	['vietnamese hip hop', 'v-pop']	2020-11-03	213961.0	19.0	False	True	3	0	70	52519	130307
Saturn Returns Interlude	eternal sunshine	Ariana Grande	['pop']	2024-03-08	42166.0	59.0	False	True	1	0	188	129895	129895
Lạ Lùng	Lạ Lùng	Vũ.	['v-pop', 'vietnam indie', 'vietnamese lo-fi']	2016-12-24	261616.0	55.0	False	True	19	0	62	9883	129469
NỖI ĐAU NGÂY DẠI (feat. HIEUTHUHAI, Đức Phúc & Công Dương)	"ANH TRAI ""SAY HI"", Tập 2"	"ANH TRAI ""SAY HI"""	['v-pop', 'vietnamese hip hop']	2024-06-24	258591.0	41.0	False	True	1	0	177	129120	129120
Blank Space (Taylor's Version)	1989 (Taylor's Version)	Taylor Swift	[]	2023-10-26	231833.0	73.0	False	True	1	0	140	129092	129092
Groin	Right Place, Wrong Person	RM	['k-pop', 'k-rap']	2024-05-24	190880.0	57.0	True	True	1	0	178	128539	128539
50/50	99%	RPT MCK	['vietnamese hip hop', 'v-pop', 'vietnam indie']	2023-03-02	60858.0	31.0	True	True	1	0	104	128325	128325
Serendipity (Full Length Edition)	Love Yourself 結 'Answer'	BTS	['k-pop']	2018-08-24	276707.0	62.0	False	True	10	1	8	38586	128151
mirrorball	folklore	Taylor Swift	[]	2020-07-24	208977.0	69.0	False	True	3	0	32	72996	128076
Into the Unknown	Frozen 2 (Original Motion Picture Soundtrack/Deluxe Edition)	Idina Menzel	['musicals']	2019-11-15	194848.0	70.0	False	True	5	0	52	34537	127942
We don't talk together (Prod. by SUGA)	We don’t talk together	Heize	['k-ballad', 'k-pop']	2019-07-07	199215.0	53.0	False	True	5	0	29	44655	127715
ĐOÁ HỒNG CHƠI VƠI (feat. Anh Tú)	"ANH TRAI ""SAY HI"", Chung Kết 1"	"ANH TRAI ""SAY HI"""	['v-pop', 'vietnamese hip hop']	2024-08-31	314285.0	39.0	False	True	1	0	195	127580	127580
Backstage Freestyle	Đánh Đổi	Obito	['v-pop', 'vietnamese hip hop', 'vietnam indie']	2023-10-10	198290.0	37.0	False	True	1	0	143	127459	127459
I'll Never Love Again - Film Version	A Star Is Born Soundtrack	Lady Gaga	['art pop', 'pop']	2018-10-05	281066.0	65.0	False	True	14	0	20	14598	127320
Used To Be Young	Endless Summer Vacation	Miley Cyrus	[]	2023-08-18	191185.0	67.0	False	True	1	0	115	127318	127318
Giac Mo Chi La Giac Mo	Muon Noi Voi Anh	Hồ Ngọc Hà	['v-pop', 'vinahouse']	2006-01-01	273640.0	20.0	False	True	12	0	18	16644	127106
Clara Bow	THE TORTURED POETS DEPARTMENT: THE ANTHOLOGY	Taylor Swift	[]	2024-04-19	216662.0	65.0	False	True	1	0	200	126949	126949
? (Interlude)	Right Place, Wrong Person	RM	['k-pop', 'k-rap']	2024-05-24	113160.0	54.0	False	True	1	0	182	126482	126482
Send It - feat. Rich Homie Quan	Send It (feat. Rich Homie Quan)	Austin Mahone	[]	2016-08-18	181003.0	46.0	False	True	16	0	41	12038	126455
Heaven	Right Place, Wrong Person	RM	['k-pop', 'k-rap']	2024-05-24	194613.0	56.0	False	True	1	0	184	126217	126217
seven	folklore	Taylor Swift	[]	2020-07-24	208906.0	65.0	False	True	3	0	34	70187	126162
1950	1950	King Princess	[]	2018-02-23	225133.0	61.0	True	True	17	0	61	11056	125998
Cooped Up (with Roddy Ricch)	Twelve Carat Toothache	Post Malone	[]	2022-06-03	185857.0	60.0	True	True	3	0	148	45117	125866
Dumhdurum	LOOK	Apink	['k-pop']	2020-04-13	208053.0	49.0	False	True	4	0	62	37981	125851
No Sleep (feat. Bonn)	No Sleep (feat. Bonn)	Martin Garrix	['edm', 'electronica', 'progressive house']	2019-02-21	207094.0	55.0	False	True	9	0	43	18347	125505
what if… (dance mix)	HOPE ON THE STREET VOL.1	j-hope	['k-pop', 'k-rap']	2024-03-29	196485.0	58.0	False	True	1	0	192	125466	125466
Outro: Wings	You Never Walk Alone	BTS	['k-pop']	2017-02-13	225446.0	57.0	False	True	1	0	21	125266	125266
8 Letters	8 Letters	Why Don't We	[]	2018-08-31	190026.0	70.0	False	True	15	0	43	11421	124988
Stay With Me	Guardian (Original Television Soundtrack), Pt. 1	CHANYEOL	['k-pop']	2016-12-03	192441.0	66.0	False	True	17	0	75	15442	124728
Dynamite (Tropical Remix)	Dynamite (DayTime Version)	BTS	['k-pop']	2020-08-28	197101.0	42.0	False	True	4	0	49	53305	124609
Tough	Tough	Quavo	[]	2024-07-03	188828.0	72.0	False	True	1	0	179	124412	124412
Boy in Luv	Skool Luv Affair	BTS	['k-pop']	2014-02-12	230778.0	63.0	False	True	2	0	72	83971	124375
Heaven (feat. Hoàng Duyên)	Heaven (feat. Hoàng Duyên)	Calum Scott	['soft pop']	2022-05-30	194141.0	18.0	False	True	2	0	90	65996	124125
Ngày Chưa Giông Bão	Ngày Chưa Giông Bão	Tùng Dương	['v-pop', 'vietnam indie']	2021-08-28	275553.0	37.0	False	True	4	0	149	32607	123941
Mê	Mê	Hoàng Duyên	['v-pop', 'vietnamese lo-fi', 'vietnam indie']	2022-02-09	218978.0	23.0	False	True	3	0	137	45603	123513
NICOT!NE	NICOT!NE	hooligan.	['vietnamese lo-fi', 'v-pop', 'vietnam indie']	2022-03-31	224516.0	17.0	False	True	3	0	154	45579	122928
seoul (prod. HONNE)	mono.	RM	['k-pop', 'k-rap']	2018-10-23	275954.0	58.0	False	True	8	0	13	44497	122898
DDU-DU DDU-DU (Remix)	Kill This Love	BLACKPINK	['k-pop']	2019-04-05	201225.0	46.0	False	True	6	0	11	47112	122604
"Carry On (from the Original Motion Picture ""POKÉMON Detective Pikachu"")"	"Carry On (from the Original Motion Picture ""POKÉMON Detective Pikachu"")"	Kygo	['tropical house']	2019-04-19	215315.0	55.0	False	True	8	0	66	18853	122267
CÁM ƠN	HIDDEN LUV	16 Typh	['vietnamese hip hop', 'v-pop', 'vinahouse']	2023-09-17	149774.0	26.0	False	True	1	0	118	122264	122264
Miss Americana & The Heartbreak Prince	Lover	Taylor Swift	[]	2019-08-23	234146.0	71.0	False	True	4	0	16	59457	122137
supїdo	supїdo	фрози	[]	2023-08-11	110125.0	62.0	False	True	1	0	122	121773	121773
Met Him Last Night (feat. Ariana Grande)	Dancing With The Devil…The Art of Starting Over	Demi Lovato	[]	2021-04-02	204631.0	47.0	True	True	3	0	106	46367	121763
Begin	Wings	BTS	['k-pop']	2016-10-10	229740.0	54.0	False	True	2	0	98	69659	121727
FLOWER ROAD	FLOWER ROAD	BIGBANG	['k-pop']	2018-03-13	228631.0	55.0	False	True	8	0	18	33518	121695
STAR WALKIN' (League of Legends Worlds Anthem)	STAR WALKIN' (League of Legends Worlds Anthem)	Lil Nas X	[]	2022-09-22	210575.0	66.0	True	True	2	0	107	70998	121675
needy	thank u, next	Ariana Grande	['pop']	2019-02-08	171573.0	67.0	True	True	7	0	13	35485	121279
Lose My Breath (Feat. Charlie Puth)	Lose My Breath (Feat. Charlie Puth)	Stray Kids	['k-pop']	2024-05-10	166913.0	64.0	False	True	1	0	192	121235	121235
Promises (with Sam Smith)	Promises (with Sam Smith)	Calvin Harris	['edm']	2018-08-17	213309.0	67.0	False	True	11	0	29	14694	121032
"What Was I Made For? [From The Motion Picture ""Barbie""]"	"What Was I Made For? [From The Motion Picture ""Barbie""]"	Billie Eilish	[]	2023-07-13	222369.0	82.0	False	True	1	0	105	120950	120950
Lonely (with Jonas Brothers)	Diplo Presents Thomas Wesley: Chapter 1 - Snake Oil	Diplo	['moombahton']	2020-05-27	139809.0	50.0	False	True	6	0	88	22571	120418
Chill Kill	Chill Kill - The 3rd Album	Red Velvet	['k-pop']	2023-11-13	214800.0	50.0	False	True	1	0	157	120210	120210
pov	Positions	Ariana Grande	['pop']	2020-10-30	201882.0	70.0	False	True	4	0	136	30652	119629
GIẢ VỜ	3 (tuyển tập nhạc Ngọt mới trẻ sôi động 2019)	Ngọt	['vietnam indie', 'v-pop', 'vietnamese hip hop']	2019-06-10	178446.0	37.0	False	True	4	0	33	42105	119553
Nếu Anh Thấy Lòng Mình Yếu Đuối (feat. CM1X)	Nếu Anh Thấy Lòng Mình Yếu Đuối (feat. CM1X)	Tùa	['v-pop', 'vietnamese lo-fi']	2020-08-23	254648.0	41.0	False	True	3	0	122	44046	119236
Người Tình Mùa Đông	Người Tình Mùa Đông	Đức Phúc	['v-pop', 'vinahouse', 'vietnam indie']	2022-12-01	222000.0	36.0	False	True	2	0	180	61900	119102
Như Lời Đồn	Như Lời Đồn	Bảo Anh	['v-pop', 'vietnamese lo-fi', 'vinahouse', 'vietnamese bolero', 'vietnam indie']	2018-10-10	219000.0	28.0	False	True	13	0	12	17885	119094
ghệ iu dấu của em ơi (ft. Hoāng)	ghệ remixes của em ơi	tlinh	['v-pop', 'vietnamese hip hop', 'vietnam indie', 'vietnamese lo-fi', 'vinahouse']	2023-06-06	205000.0	21.0	False	True	1	0	105	118997	118997
Ôm Trọn Nỗi Nhớ	Ôm Trọn Nỗi Nhớ	Rum	['v-pop', 'vinahouse', 'vietnamese lo-fi']	2020-01-01	250105.0	32.0	False	True	4	0	156	31576	118981
EM CÓ CHẮC KHÔNG (?) (bài ca rebound)	3 (tuyển tập nhạc Ngọt mới trẻ sôi động 2019)	Ngọt	['vietnam indie', 'v-pop', 'vietnamese hip hop']	2019-06-10	275713.0	38.0	False	True	4	0	35	41392	118919
Xuân Thì	Truyện Ngắn	Hà Anh Tuấn	['v-pop', 'vietnam indie']	2020-07-11	346153.0	35.0	False	True	4	0	162	34556	118879
Right Now	Supernatural	NewJeans	['k-pop']	2024-06-21	160413.0	66.0	False	True	1	0	193	118700	118700
A Veil of Mist	KOSMIK	SPACESPEAKERS	['vietnamese hip hop', 'v-pop', 'vietnam indie', 'vinahouse']	2022-10-31	302000.0	28.0	False	True	2	0	141	64081	118618
Visiting Hours	=	Ed Sheeran	['soft pop']	2021-10-25	215506.0	63.0	False	True	3	0	75	51743	118612
Around the world in a day (feat. Moses Sumney)	Right Place, Wrong Person	RM	['k-pop', 'k-rap']	2024-05-24	257453.0	55.0	True	True	1	0	199	118589	118589
all night	all night	lucidbeatz	[]	2023-09-01	182074.0	44.0	False	True	1	0	127	118240	118240
thành phố xa lạ	the early recordings	Phùng Khánh Linh	['v-pop', 'vietnam indie', 'city pop']	2019-10-08	258706.0	12.0	False	True	12	0	43	13217	118184
Hurricane	Donda	Kanye West	['rap']	2021-08-29	243187.0	62.0	False	True	3	0	84	44654	117832
ABCD		NAYEON	['k-pop']	2024-06-14	162840.0	68.0	False	True	1	0	184	117759	117759
Double Fantasy (with Future)	Double Fantasy	The Weeknd	[]	2023-04-21	268235.0	66.0	True	True	1	0	112	117688	117688
Remind Me to Forget	Kids in Love	Kygo	['tropical house']	2017-11-03	217293.0	61.0	False	True	13	0	59	17149	117653
Savage Remix (feat. Beyoncé)	Savage Remix (feat. Beyoncé)	Megan Thee Stallion	[]	2020-04-29	242000.0	56.0	True	True	5	0	113	27105	117521
You All Over Me (feat. Maren Morris) (Taylor’s Version) (From The Vault)	Fearless (Taylor's Version)	Taylor Swift	[]	2021-04-09	220839.0	54.0	False	True	3	0	107	45250	117402
Arms Around You (feat. Maluma & Swae Lee)	Arms Around You (feat. Maluma & Swae Lee)	XXXTENTACION	['emo rap']	2018-10-25	198902.0	64.0	True	True	12	0	30	13701	117002
Hai Đứa Trẻ (feat. Suboi)	Vũ Trụ Cò Bay	Phương Mỹ Chi	['v-pop', 'vietnamese bolero']	2023-09-18	243401.0	30.0	False	True	1	0	124	116270	116270
Level of Concern	Level of Concern	Twenty One Pilots	[]	2020-04-09	220051.0	59.0	False	True	4	0	81	32713	116099
Strangers By Nature	30	Adele	['soft pop']	2021-11-19	182163.0	55.0	False	True	2	0	46	82418	116092
Love Rosie	Love Rosie	Thiều Bảo Trâm	['v-pop', 'vietnamese lo-fi']	2021-05-05	258665.0	21.0	False	True	3	0	100	45925	115930
Stay With Me	In The Lonely Hour	Sam Smith	['soft pop']	2014-05-26	172723.0	78.0	False	True	18	0	127	9000	115647
Đừng Yêu Nữa, Em Mệt Rồi	Đừng Yêu Nữa, Em Mệt Rồi	MIN	['v-pop', 'vietnamese hip hop', 'vietnamese lo-fi', 'vietnam indie', 'vinahouse']	2020-07-09	281454.0	46.0	False	True	2	0	163	59202	115602
Đố em biết anh đang nghĩ gì - Remix	Đố em biết anh đang nghĩ gì (Remix)	Đen	['v-pop', 'vietnamese hip hop', 'vietnam indie', 'vietnamese lo-fi']	2018-12-27	228037.0	29.0	False	True	12	0	84	10344	115485
I Drink Wine	30	Adele	['soft pop']	2021-11-19	376169.0	68.0	False	True	2	0	50	79824	115453
ALL KILL	Re:T-ARA	T-ARA	['k-pop']	2021-11-15	184866.0	25.0	False	True	2	0	54	74515	115422
River	Endless Summer Vacation	Miley Cyrus	[]	2023-08-18	162973.0	57.0	False	True	1	0	117	115120	115120
The Scientist	A Rush of Blood to the Head	Coldplay	[]	2002-08-27	309600.0	83.0	False	True	21	0	150	8891	115048
Cornelia Street	Lover	Taylor Swift	[]	2019-08-23	287266.0	69.0	False	True	4	0	21	53966	114910
Out Of The Woods (Taylor's Version)	1989 (Taylor's Version)	Taylor Swift	[]	2023-10-26	235800.0	67.0	False	True	1	0	175	114582	114582
Welcome To MY World (feat. nævis)	Welcome To MY World (feat. nævis)	aespa	['k-pop']	2023-05-02	206920.0	51.0	False	True	1	0	125	114554	114554
? (feat. Dế Choắt)	Rap Việt Tập 15	RAP VIỆT	['vietnamese hip hop', 'v-pop']	2020-11-08	243833.0	15.0	False	True	3	0	89	47885	114550
Anh Thôi Nhân Nhượng - Cover	Anh Thôi Nhân Nhượng (Cover)	Kiều Chi	['v-pop', 'vietnamese lo-fi']	2024-06-01	286017.0	40.0	False	True	1	0	200	114252	114252
021	021	Binz	['vietnamese hip hop', 'v-pop', 'vinahouse', 'vietnam indie']	2020-10-04	192088.0	18.0	False	True	4	0	94	32363	113915
Người Ta Đâu Thương Em	Người Ta Đâu Thương Em	Lyly	['v-pop', 'vietnamese hip hop', 'vietnamese lo-fi', 'vietnam indie']	2025-02-12	282447.0	20.0	False	True	4	0	139	33163	113703
Let It Snow! Let It Snow! Let It Snow!	A Winter Romance	Dean Martin	['christmas', 'adult standards', 'big band', 'swing music']	1959-01-01	117146.0	72.0	False	True	4	0	99	44575	113522
Đau Để Trưởng Thành	Đau Để Trưởng Thành	Only C	['v-pop', 'vietnamese hip hop', 'vinahouse', 'vietnamese lo-fi']	2019-05-25	283406.0	50.0	False	True	2	0	130	61142	113514
You	You	Regard	[]	2021-04-16	233386.0	66.0	True	True	3	0	111	43086	112646
Bed (feat. Ariana Grande)	Queen	Nicki Minaj	[]	2018-08-10	189533.0	57.0	True	True	9	0	17	18133	112638
Let You Love Me	Phoenix (Deluxe)	Rita Ora	[]	2018-11-23	190013.0	46.0	False	True	13	0	32	12777	112573
Một Cái Tên (feat. Orange)	Qua Khung Cửa Sổ	Chillies	['v-pop', 'vietnam indie', 'vietnamese lo-fi', 'vietnamese hip hop']	2021-05-05	241463.0	27.0	False	True	3	0	128	43275	112512
Anh Yêu Em Cực (feat. Minh Vũ)	Anh Yêu Em Cực (feat. Minh Vũ)	Linh Thộn	['v-pop', 'vietnamese hip hop', 'vietnam indie']	2022-09-28	146000.0	16.0	False	True	2	0	147	63534	112011
Da Key	Gentle Bad	GUrbane	['v-pop', 'vietnamese hip hop']	2024-05-25	178285.0	48.0	False	True	1	0	199	111926	111926
Better Things	Better Things	aespa	['k-pop']	2023-08-18	203216.0	57.0	False	True	1	0	145	111892	111892
Nhìn Những Mùa Thu Đi - Em Và Trịnh Original Soundtrack	Em Và Trịnh (Original Soundtrack/ Vol.1)	Bùi Lan Hương	['v-pop', 'vietnam indie']	2022-06-20	124445.0	31.0	False	True	2	0	98	61401	111859
I Don't Belong In This Club	I Don't Belong In This Club	Why Don't We	[]	2019-03-20	222620.0	47.0	True	True	9	0	84	16263	111784
FE!N (feat. Playboi Carti)	UTOPIA	Travis Scott	['rap']	2023-07-28	191700.0	83.0	True	True	1	0	200	111708	111708
Welcome To New York (Taylor's Version)	1989 (Taylor's Version)	Taylor Swift	[]	2023-10-26	212600.0	64.0	False	True	1	0	184	111599	111599
Chợt Nhìn Nhau	Một Vạn Năm	Vũ.	['v-pop', 'vietnam indie', 'vietnamese lo-fi']	2022-09-09	180500.0	34.0	False	True	2	0	140	55737	111392
"Swan Song - From the Motion Picture ""Alita: Battle Angel"""	"Swan Song (From the Motion Picture ""Alita: Battle Angel"")"	Dua Lipa	['pop']	2019-01-24	182074.0	52.0	False	True	8	0	22	23587	111389
Chúng Ta Đều Là Người Chiến Thắng (feat. R.I.C, Đạt Dope, Yuno Bigboi, Lor, Tony D. & Tez)	Rap Việt Tập 16	RAP VIỆT	['vietnamese hip hop', 'v-pop']	2020-11-16	492000.0	13.0	False	True	3	0	106	44132	111316
Calling My Phone	Destined 2 Win	Lil Tjay	['brooklyn drill', 'melodic rap']	2021-04-02	205458.0	71.0	True	True	4	0	171	29375	111195
Know Your Worth	Know Your Worth	Khalid	[]	2020-02-04	181436.0	59.0	False	True	4	0	73	32020	111087
Now That We Don't Talk (Taylor's Version) (From The Vault)	1989 (Taylor's Version)	Taylor Swift	[]	2023-10-26	146436.0	71.0	False	True	1	0	187	110810	110810
London Boy	Lover	Taylor Swift	[]	2019-08-23	190240.0	68.0	False	True	4	0	23	51124	110784
Hai Thằng Bịp	Hai Thang Bip	Mason Nguyen	['vietnamese hip hop', 'v-pop']	2024-06-28	177454.0	48.0	True	True	1	0	195	110610	110610
Dick (feat. Doja Cat)	Dick (feat. Doja Cat)	StarBoi3	[]	2021-04-23	175238.0	62.0	True	True	3	0	122	42998	110311
Red Eye (feat. TroyBoi)	Justice (The Complete Edition)	Justin Bieber	[]	2021-10-08	187452.0	56.0	False	True	2	0	64	60358	110240
In My Mind	In My Mind	Dynoro	[]	2018-06-08	184560.0	75.0	False	True	12	0	40	12490	109732
Rewrite The Stars	Rewrite The Stars	Zac Efron	['musicals']	2017-11-17	217440.0	71.0	False	True	11	0	27	25423	109700
Đường Tôi Chở Em Về (Cukak Remix)	Đường Tôi Chở Em Về (Cukak Remix)	buitruonglinh	['v-pop', 'vietnamese lo-fi', 'vietnam indie', 'vinahouse']	2021-07-07	248769.0	34.0	False	True	3	0	96	44294	109604
DYNAMIC DUO	DYNAMIC DUO	HIEUTHUHAI	['v-pop', 'vietnamese hip hop', 'vietnamese lo-fi', 'vietnam indie', 'vinahouse']	2022-03-14	184615.0	43.0	False	True	2	0	109	55435	109543
Don't Go Yet	Don't Go Yet	Camila Cabello	['pop']	2021-07-23	164842.0	62.0	False	True	3	0	84	48285	109500
Siren	WARNING	SUNMI	['k-pop']	2018-09-12	199133.0	47.0	False	True	15	0	46	11126	109450
Champion	Đánh Đổi	Obito	['v-pop', 'vietnamese hip hop', 'vietnam indie']	2023-10-10	349319.0	42.0	False	True	1	0	181	109289	109289
Audio (feat. Sia, Diplo, and Labrinth)	LABRINTH, SIA & DIPLO PRESENT... LSD	Sia	[]	2019-04-12	204093.0	57.0	False	True	15	0	55	10995	109267
Vroom Vroom	Into The TEMPEST	TEMPEST	['k-pop']	2023-09-20	179440.0	30.0	False	True	1	0	143	108500	108500
Gặp Lại Năm Ta 60	Tập 13: The Masked Singer Vietnam mùa 2	The Masked Singer	['v-pop']	2023-11-05	338265.0	39.0	False	True	1	0	196	108219	108219
Counting Stars	Native	OneRepublic	['soft pop']	2013-01-01	257265.0	82.0	False	True	22	0	135	5388	108102
Càng Trưởng Thành, Càng Cô Đơn	Love Songs Collection 4: Càng Trưởng Thành, Càng Cô Đơn	Hồ Ngọc Hà	['v-pop', 'vinahouse']	2020-08-21	305938.0	20.0	False	True	4	0	97	33355	108026
Cupid Twin Version	Cupid Twin Version	Velvet Horizon	['nightcore']	2023-02-25	146468.0	18.0	False	True	1	0	121	107870	107870
Used To Love (with Dean Lewis)	Used To Love (with Dean Lewis)	Martin Garrix	['edm', 'electronica', 'progressive house']	2019-10-31	236764.0	54.0	False	True	5	0	98	24428	107548
Make Me Feel	Đan Xinh In Love	Binz	['vietnamese hip hop', 'v-pop', 'vinahouse', 'vietnam indie']	2023-11-02	216000.0	30.0	False	True	1	0	200	107186	107186
00	99%	RPT MCK	['vietnamese hip hop', 'v-pop', 'vietnam indie']	2023-03-02	33874.0	31.0	True	True	1	0	123	106967	106967
On A Roll	On A Roll	Ashley O	[]	2019-06-14	154447.0	47.0	False	True	6	0	73	21614	106837
Đốt	Đốt	Ngọt	['vietnam indie', 'v-pop', 'vietnamese hip hop']	2021-02-06	235602.0	42.0	False	True	2	0	65	73458	106792
Capital Letters	Fifty Shades Freed (Original Motion Picture Soundtrack)	Hailee Steinfeld	[]	2018-02-09	219373.0	67.0	False	True	13	0	54	18847	106788
Like I'm Gonna Lose You (feat. John Legend)	Title (Deluxe)	Meghan Trainor	[]	2015-01-09	225053.0	75.0	False	True	17	0	111	9981	106770
Let Somebody Go	Music Of The Spheres	Coldplay	[]	2021-10-15	241595.0	65.0	False	True	2	0	65	58184	106571
Bao Giờ Lấy Chồng	Bao Giờ Lấy Chồng	Bích Phương	['v-pop', 'vietnamese hip hop', 'vietnamese lo-fi', 'vinahouse', 'vietnam indie']	2017-01-16	225191.0	36.0	False	True	16	0	48	13212	106209
i love you	WHEN WE ALL FALL ASLEEP, WHERE DO WE GO?	Billie Eilish	[]	2019-03-29	291796.0	79.0	False	True	7	0	98	15966	105660
Những Câu Hỏi Khi Say	Những Câu Hỏi Khi Say	Bảo Uyên	['v-pop', 'vinahouse', 'vietnamese lo-fi']	2023-10-24	247535.0	38.0	False	True	1	0	199	105423	105423
kết thúc = mở đầu	ái	tlinh	['v-pop', 'vietnamese hip hop', 'vietnam indie', 'vietnamese lo-fi', 'vinahouse']	2023-08-16	56571.0	33.0	False	True	1	0	163	105342	105342
Enchanted (Taylor's Version)	Speak Now (Taylor's Version)	Taylor Swift	[]	2023-07-07	353253.0	73.0	False	True	1	0	131	105182	105182
Here's Your Perfect	Here's Your Perfect	Jamie Miller	[]	2021-04-30	158594.0	69.0	False	True	4	0	181	27215	105106
REALLY REALLY - KR ver.		WINNER							17	0	113	10818	104949
Cô gái bàn bên	Kobukovu	Đen	['v-pop', 'vietnamese hip hop', 'vietnam indie', 'vietnamese lo-fi']	2016-08-28	198119.0	44.0	False	True	7	0	161	17339	104735
Dope	The Most Beautiful Moment in Life Pt.1	BTS	['k-pop']	2015-04-29	240020.0	63.0	False	True	2	0	55	64564	104611
Answer : Love Myself	Love Yourself 結 'Answer'	BTS	['k-pop']	2018-08-24	251279.0	60.0	False	True	8	1	7	38953	104488
Modern Loneliness	~how i'm feeling~	Lauv	[]	2020-03-06	252337.0	51.0	True	True	4	0	111	28784	104194
Can I Get It	30	Adele	['soft pop']	2021-11-19	210384.0	62.0	False	True	2	0	57	69752	104084
Mr. Perfectly Fine (Taylor’s Version) (From The Vault)	Fearless (Taylor's Version)	Taylor Swift	[]	2021-04-09	277591.0	65.0	False	True	2	0	65	66626	103779
Late Night Talking	Harry's House	Harry Styles	[]	2022-05-20	177954.0	73.0	False	True	2	0	108	54764	103749
Only Human	Happiness Begins	Jonas Brothers	[]	2019-06-07	183000.0	66.0	False	True	6	0	64	22329	103685
Lối Đi Riêng (feat. Pháp Kiều)	Rap Việt Mùa 3 (2023) - Tập 15	RAP VIỆT	['vietnamese hip hop', 'v-pop']	2023-09-03	202105.0	30.0	False	True	1	0	154	103599	103599
Look Here	Dark & Wild	BTS	['k-pop']	2014-08-20	218887.0	53.0	False	True	1	0	39	103539	103539
Changes	~how i'm feeling~	Lauv	[]	2020-03-06	160186.0	49.0	False	True	5	0	77	27536	103352
Take A Bow - Main		Rihanna							18	0	144	10470	103153
Yêu Là Phải Nói (feat. Lor)	Rap Việt Tập 12	RAP VIỆT	['vietnamese hip hop', 'v-pop']	2020-10-19	206009.0	16.0	False	True	3	0	98	37380	102997
Don’t Matter To Me (with Michael Jackson)	Scorpion	Drake	['rap', 'hip hop']	2018-06-29	245786.0	65.0	False	True	6	2	8	27163	102667
Taste (feat. Offset)	Legendary	Tyga	[]	2019-06-07	229210.0	70.0	True	True	14	0	59	9811	102351
SNEAKERS	CHECKMATE	ITZY	['k-pop']	2022-07-15	179453.0	53.0	False	True	2	0	110	58746	102349
Một Ngày Buồn	Một Ngày Buồn	Kiều Chi	['v-pop', 'vietnamese lo-fi']	2023-10-11	192000.0	35.0	False	True	1	0	194	102323	102323
Love Shot	LOVE SHOT– The 5th Album Repackage	EXO	['k-pop']	2018-12-13	200306.0	65.0	False	True	10	0	14	18425	102040
When You're Gone	When You're Gone	Shawn Mendes	['pop']	2022-03-31	172266.0	65.0	False	True	2	0	107	54581	101903
BTS Cypher Pt.3: Killer	Dark & Wild	BTS	['k-pop']	2014-08-20	267782.0	56.0	False	True	2	0	115	61020	101613
S-Class	5-STAR	Stray Kids	['k-pop']	2023-06-02	195688.0	68.0	False	True	1	0	138	101320	101320
016 Tan Du	016 Tan Du	Solsilva	['v-pop', 'vietnamese hip hop']	2022-07-31	135534.0	29.0	False	True	2	0	142	50812	101222
Don’t Go (with Justin Bieber & Don Toliver)	Don’t Go (with Justin Bieber & Don Toliver)	Skrillex	['dubstep', 'edm', 'electro', 'electronic']	2021-08-20	168253.0	53.0	False	True	3	0	100	38667	101105
Epiphany	Love Yourself 結 'Answer'	BTS	['k-pop']	2018-08-24	240361.0	63.0	False	True	8	0	11	33889	101003
Skyler	Skyler	Sơn Tùng M-TP	['v-pop', 'vinahouse', 'vietnamese hip hop']	2021-01-28	134400.0	30.0	False	True	3	0	101	43294	100955
Mình Yêu Đến Đây Thôi	Yêu Rồi Yêu Rồi Yêu	Tóc Tiên	['v-pop', 'vietnamese lo-fi', 'vietnam indie', 'vietnamese bolero']	2021-12-16	285885.0	23.0	False	True	2	0	80	61727	100893
If the World Was Ending (feat. Julia Michaels)	If the World Was Ending (feat. Julia Michaels)	JP Saxe	[]	2019-10-17	208687.0	70.0	False	True	5	0	171	21080	100409
Gia Ngay Dau Dung Noi Thuong Nhau	Gia Ngay Dau Dung Noi Thuong Nhau	Isaac	['v-pop', 'vietnamese hip hop']	2018-09-09	270000.0	30.0	False	True	12	0	39	11630	100274
Enemies	I met you when I was 18. (the playlist)	Lauv	[]	2018-05-31	194754.0	50.0	False	True	12	0	33	12670	100181
Solar Power	Solar Power	Lorde	[]	2021-08-20	192621.0	57.0	False	True	2	0	69	63328	100160
Lộn Xộn 2	Lộn Xộn 2	Đen	['v-pop', 'vietnamese hip hop', 'vietnam indie', 'vietnamese lo-fi']	2018-03-01	217256.0	37.0	False	True	7	0	145	18875	100080
Đắm (feat. Ricky Star)	Đắm (feat. Ricky Star)	Xesi	['v-pop', 'vietnamese hip hop', 'vinahouse', 'vietnamese lo-fi', 'vietnam indie']	2021-07-08	185509.0	25.0	False	True	3	0	98	43058	100044
Motley Crew	Motley Crew	Post Malone	[]	2021-07-09	184213.0	64.0	True	True	3	0	113	39142	99860
Phân Thân	Phân Thân	Low G	['vietnamese hip hop', 'v-pop', 'vietnam indie']	2022-05-25	172673.0	33.0	False	True	2	0	96	59382	99596
bellyache	Bellyache	Billie Eilish	[]	2017-02-24	179172.0	74.0	False	True	11	0	132	11123	99558
What If I Told You That I Love You	The Idea Of Her	Ali Gatie	[]	2021-03-26	193667.0	60.0	False	True	5	0	127	23244	99505
Love Somebody	Without You	Lauv	[]	2020-07-10	142773.0	55.0	False	True	3	0	75	38060	99487
Anh Không Xứng (feat. Quang Anh Rhyder)	Rap Việt Mùa 3 (2023) - Tập 15	RAP VIỆT	['vietnamese hip hop', 'v-pop']	2023-09-03	230400.0	33.0	False	True	1	0	164	99219	99219
Từ Khung Cửa Sổ Này	Từ Khung Cửa Sổ Này	SUNI	['v-pop', 'vietnam indie', 'vietnamese lo-fi', 'vinahouse']	2023-07-20	221886.0	14.0	False	True	1	0	158	99001	99001
Cô Gái Vàng (feat. Tùng Viu)	Cô Gái Vàng	HuyR	['v-pop', 'vietnam indie', 'vietnamese lo-fi', 'vietnamese hip hop', 'vinahouse']	2020-09-15	227692.0	34.0	False	True	4	0	140	26101	98938
Freaky Friday (feat. Chris Brown)	Freaky Friday (feat. Chris Brown)	Lil Dicky	[]	2018-03-16	216631.0	67.0	True	True	9	0	36	16554	98520
Người Rất Tốt Không Gặp Sẽ Tốt Hơn	Người Rất Tốt Không Gặp Sẽ Tốt Hơn	Hiền Hồ	['v-pop', 'vinahouse', 'vietnam indie', 'vietnamese lo-fi']	2023-02-23	227060.0	29.0	False	True	1	0	122	98516	98516
Good as Hell	Cuz I Love You (Super Deluxe)	Lizzo	[]	2019-04-17	159735.0	64.0	False	True	5	0	119	21550	98509
Em Là Nhất - Cukak Remix		Cukak							2	0	141	50975	98339
Thầy Bói Xem Voi (feat. DT & KymLeez)	Rap Việt Mùa 3 (2023) - Tập 11	RAP VIỆT	['vietnamese hip hop', 'v-pop']	2023-08-06	214588.0	25.0	False	True	1	0	158	98339	98339
Friendzone (Yêu Bạn Được Không)	Friendzone (Yêu Bạn Được Không)	JUUN D	['v-pop', 'vietnamese lo-fi', 'vietnam indie', 'vietnamese hip hop']	2018-05-14	209338.0	17.0	False	True	10	0	36	14142	97868
Trust Fund Baby	minisode 2: Thursday's Child	TOMORROW X TOGETHER	['k-pop']	2022-05-09	156364.0	50.0	False	True	2	0	109	55812	97840
Yêu Lại Từ Đầu	Yêu Lại Từ Đầu	Khắc Việt	['vinahouse', 'v-pop', 'vietnamese bolero']	2011-02-23	207072.0	37.0	False	True	15	0	58	13692	97794
Người Hát Tình Ca	Giấc Mơ Tôi, Vol. 1	Uyên Linh	['v-pop', 'vietnamese lo-fi', 'vietnam indie']	2017-10-26	304509.0	13.0	False	True	7	0	24	30737	97260
Anh Thương Em Nhất Mà? (feat. Log & TiB)	Anh Thương Em Nhất Mà? (feat. Log & TiB)	Thùy Trang	['v-pop', 'vietnamese lo-fi', 'vietnam indie', 'vietnamese hip hop', 'vietnamese bolero']	2019-05-20	193123.0	34.0	False	True	6	0	139	17990	96974
Chemical	Chemical	Post Malone	[]	2023-04-14	184013.0	72.0	True	True	1	0	134	96963	96963
Cupid Twin Version (Sped Up) - Remix		Music Factory							1	0	140	96843	96843
Running Out Of Roses	Walker Racing League	Alan Walker	[]	2021-09-10	136563.0	54.0	False	True	3	0	123	36511	96826
Lonely Boy (The tattoo on my ring finger)	minisode 2: Thursday's Child	TOMORROW X TOGETHER	['k-pop']	2022-05-09	168751.0	54.0	False	True	2	0	114	54870	96780
bloodline	thank u, next	Ariana Grande	['pop']	2019-02-08	216893.0	72.0	True	True	6	1	10	32501	96653
Let Me Love You	Encore	DJ Snake	[]	2016-08-05	205946.0	81.0	False	True	13	0	176	10615	96503
99	99%	RPT MCK	['vietnamese hip hop', 'v-pop', 'vietnam indie']	2023-03-02	171673.0	30.0	False	True	1	0	142	96261	96261
RAPSTAR	Hall of Fame	Polo G	[]	2021-06-11	165925.0	75.0	True	True	3	0	156	33630	96221
Thursday's Child Has Far To Go	minisode 2: Thursday's Child	TOMORROW X TOGETHER	['k-pop']	2022-05-09	211399.0	58.0	False	True	2	0	117	54353	96220
Favorite (Vampire)	Favorite - The 3rd Album Repackage	NCT 127	['k-pop']	2021-10-25	215586.0	49.0	False	True	2	0	98	50133	96187
Woman Like Me (feat. Nicki Minaj)	LM5 (Deluxe)	Little Mix	[]	2018-11-16	229720.0	61.0	True	True	10	0	37	12038	96146
DIVE	Into The TEMPEST	TEMPEST	['k-pop']	2023-09-20	178306.0	29.0	False	True	1	0	184	95997	95997
TV	Guitar Songs	Billie Eilish	[]	2022-07-21	281380.0	81.0	False	True	1	0	54	95914	95914
MAGO	回:Walpurgis Night	GFRIEND	['k-pop']	2020-11-09	199133.0	63.0	False	True	3	0	112	39025	95748
Hold	Remember	WINNER	['k-pop']	2020-04-09	176351.0	35.0	False	True	3	0	67	37730	95545
Mưa Hồng	Mưa Hồng	Hoàng Duyên	['v-pop', 'vietnamese lo-fi', 'vietnam indie']	2022-06-14	224847.0	30.0	False	True	2	0	135	51000	95456
Body	Body	Loud Luxury	[]	2017-10-27	163216.0	73.0	False	True	12	0	58	9826	95120
Secret Story of the Swan	Oneiric Diary	IZ*ONE	['k-pop']	2020-06-15	192333.0	59.0	False	True	3	0	69	38218	95094
Crystal Snow	FACE YOURSELF	BTS	['k-pop']	2018-04-04	323360.0	56.0	False	True	3	0	49	81145	94948
Shameless	Romance	Camila Cabello	['pop']	2019-12-06	219742.0	78.0	False	True	4	0	47	33609	94942
Lying to myself	Lying to myself	Dab	['v-pop', 'vietnamese hip hop', 'vietnam indie']	2022-01-02	176935.0	44.0	False	True	1	0	195	94862	94862
Happy Now	Happy Now	Kygo	['tropical house']	2018-10-26	211362.0	62.0	False	True	11	0	43	12353	94495
Cô Thắm Không Về	Cô Thắm Không Về	Phát Hồ	['v-pop', 'vinahouse', 'vietnamese lo-fi', 'vietnamese hip hop']	2019-09-16	254713.0	37.0	False	True	5	0	76	24433	94311
Bluetooth	Into The TEMPEST	TEMPEST	['k-pop']	2023-09-20	201853.0	23.0	False	True	1	0	189	94139	94139
Điểm Đến Cuối Cùng	Gieo	Ngọt	['vietnam indie', 'v-pop', 'vietnamese hip hop']	2022-11-25	213667.0	39.0	False	True	1	0	98	94019	94019
Spark	Purpose - The 2nd Album	TAEYEON	['k-pop', 'k-ballad']	2019-10-28	217926.0	46.0	False	True	4	0	71	30211	93855
Trước Khi Em Tồn Tại		Trần Quốc Cường							1	0	171	93769	93769
Antisocial (with Travis Scott)	No.6 Collaborations Project	Ed Sheeran	['soft pop']	2019-07-12	161746.0	56.0	False	True	4	0	48	33172	93613
Retrograde	Retrograde	NAOMI	['vietnamese hip hop', 'vietnam indie', 'v-pop']	2018-12-24	229026.0	37.0	False	True	1	0	167	93594	93594
Cưới Thôi	Cưới Thôi	Masew	['v-pop', 'vietnamese hip hop', 'vinahouse', 'vietnamese lo-fi', 'vietnam indie']	2021-10-08	182843.0	27.0	False	True	3	0	158	32871	93501
Skit: Billboard Music Awards Speech	Love Yourself 承 'Her'	BTS	['k-pop']	2017-09-18	107062.0	42.0	False	True	1	0	51	93432	93432
Đừng Xin Lỗi Nữa	Đừng Xin Lỗi Nữa	ERIK	['v-pop', 'vietnamese lo-fi', 'vinahouse', 'vietnam indie']	2018	231397.0	49.0	False	True	3	0	129	82614	93427
invisible string	folklore	Taylor Swift	[]	2020-07-24	252880.0	69.0	False	True	2	0	43	62855	93410
Play	Play	K-391	[]	2019-08-30	167976.0	64.0	False	True	5	0	70	26002	92998
Hổng Có Ưa (feat. Pháp Kiều & Snoop Dee)	Rap Việt Mùa 3 (2023) - Tập 10	RAP VIỆT	['vietnamese hip hop', 'v-pop']	2023-07-30	230322.0	21.0	False	True	1	0	177	92794	92794
Tương 3+1	Tương 3+1	W/N	['v-pop', 'vietnamese hip hop', 'vietnamese lo-fi', 'vietnam indie']	2021-11-30	244000.0	39.0	False	True	2	0	103	52556	92665
this is me trying	folklore	Taylor Swift	[]	2020-07-24	195097.0	70.0	False	True	2	0	42	63675	92625
Sad Forever	~how i'm feeling~	Lauv	[]	2020-03-06	203520.0	49.0	False	True	6	0	95	18151	91510
Huhu Haha (feat. SMO & Lil'Wuyn)	Rap Việt Mùa 3 (2023) - Tập 15	RAP VIỆT	['vietnamese hip hop', 'v-pop']	2023-09-03	245371.0	21.0	False	True	1	0	198	91467	91467
Buồn Làm Chi Em Ơi	Buồn Làm Chi Em Ơi	Hoài Lâm	['v-pop', 'vietnamese bolero', 'bolero', 'vietnamese lo-fi']	2020-06-26	272727.0	20.0	False	True	4	0	140	27600	91333
Ko Ko Bop	THE WAR - The 4th Album	EXO	['k-pop']	2017-07-18	190422.0	58.0	False	True	14	0	68	13085	91051
Lời tạm biệt chưa nói		Trần Quang Ngọc							1	0	84	90900	90900
rockstar (feat. 21 Savage)	beerbongs & bentleys	Post Malone	[]	2018-04-27	218146.0	78.0	True	True	15	0	102	10894	90797
Red Rum	Red Rum	Táo	['vietnamese hip hop', 'v-pop', 'vietnam indie', 'vietnamese lo-fi']	2022-05-27	219600.0	26.0	False	True	2	0	152	45914	90532
MANIAC	ODDINARY	Stray Kids	['k-pop']	2022-03-18	182757.0	68.0	False	True	2	0	120	52950	90178
I Think He Knows	Lover	Taylor Swift	[]	2019-08-23	173386.0	66.0	False	True	3	0	24	50866	90086
Smile (with The Weeknd)	Legends Never Die	Juice WRLD	['melodic rap', 'emo rap']	2020-07-10	196180.0	65.0	True	True	3	0	72	36751	89938
I Do	Illuminate... (The Hits and More)	911	['v-pop']	2013-09-08	207542.0	41.0	False	True	1	0	128	89878	89878
Diệu Kỳ Việt Nam	Diệu Kỳ Việt Nam	Bích Phương	['v-pop', 'vietnamese hip hop', 'vietnamese lo-fi', 'vinahouse', 'vietnam indie']	2021-01-17	285473.0	23.0	False	True	3	0	137	34972	89804
Paper Rings	Lover	Taylor Swift	[]	2019-08-23	222400.0	72.0	False	True	3	0	27	49955	89658
Alone	Different World	Alan Walker	[]	2018-12-14	160426.0	71.0	False	True	12	0	72	15543	89226
Moth To A Flame (with The Weeknd)	Paradise Again	Swedish House Mafia	['edm']	2022-04-15	234000.0	77.0	False	True	2	0	93	51926	88631
Ngày Đôi Ta Là Của Nhau	Ngày Đôi Ta Là Của Nhau	Đông Nhi	['v-pop', 'vinahouse']	2019-11-05	272913.0	22.0	False	True	4	0	72	28990	88593
Intro : DT sugA (Feat. DJ Friz)	Agust D	Agust D	['k-pop', 'k-rap']	2016-08-16	64182.0	62.0	False	True	1	0	161	88506	88506
những ngày mưa cô đơn	những ngày mưa cô đơn	Trung Quân	['v-pop', 'vietnam indie', 'vietnamese lo-fi']	2021-08-20	311546.0	21.0	False	True	3	0	137	31328	88397
xanny	WHEN WE ALL FALL ASLEEP, WHERE DO WE GO?	Billie Eilish	[]	2019-03-29	243725.0	67.0	False	True	8	0	63	16232	88155
Ði Trong Mùa Hè	Ði Trong Mùa Hè	Đen	['v-pop', 'vietnamese hip hop', 'vietnam indie', 'vietnamese lo-fi']	2022-05-09	271073.0	28.0	False	True	2	0	149	46699	88092
Like Crazy (Deep House Remix)	Like Crazy (Remixes)	Jimin	['k-pop']	2023-03-26	180719.0	47.0	False	True	1	0	164	87861	87861
Sixteen	Brightest Blue	Ellie Goulding	[]	2020-07-16	201226.0	46.0	False	True	7	0	115	13884	87740
HANN (Alone)	HANN (Alone)	(G)I-DLE	['k-pop']	2018-08-14	205820.0	54.0	False	True	10	0	20	17439	87643
Love poem	Love poem	IU	['k-pop', 'k-ballad']	2019-11-18	258226.0	47.0	False	True	4	0	62	33398	87642
illicit affairs	folklore	Taylor Swift	[]	2020-07-24	190898.0	71.0	False	True	2	0	45	60677	87623
Start Again (feat. Logic)	13 Reasons Why (Season 2)	OneRepublic	['soft pop']	2018-05-18	165626.0	53.0	False	True	10	0	22	15774	87537
Hear Me Out	Hear Me Out	EXO	['k-pop']	2023-06-30	204093.0	42.0	False	True	1	0	176	87214	87214
Entertainer	Icarus Falls	ZAYN	[]	2018-12-14	202600.0	57.0	True	True	11	0	34	14601	87191
Bạn thỏ tivi nhỏ	Gieo	Ngọt	['vietnam indie', 'v-pop', 'vietnamese hip hop']	2022-11-25	268845.0	37.0	False	True	1	0	106	86968	86968
Wrecked	Mercury - Acts 1 & 2	Imagine Dragons	[]	2022-07-01	244004.0	65.0	False	True	2	0	80	51920	86861
DO IT FOR FLY TEAM (feat. Binz & Kellie)	Rap Việt Season 2 - Tập 16	RAP VIỆT	['vietnamese hip hop', 'v-pop']	2022-01-26	175410.0	22.0	False	True	2	0	100	49284	86834
NOT BY THE MOON	DYE	GOT7	['k-pop']	2020-04-20	204701.0	53.0	False	True	3	0	59	38717	86775
một triệu like	một triệu like	Đen	['v-pop', 'vietnamese hip hop', 'vietnam indie', 'vietnamese lo-fi']	2020-12-29	264000.0	47.0	False	True	6	0	158	15902	86643
Change (feat. James Taylor)	Voicenotes	Charlie Puth	['soft pop', 'pop']	2018-05-11	217560.0	44.0	False	True	11	0	36	18293	86524
Giant (with Rag'n'Bone Man)	Giant (with Rag'n'Bone Man)	Calvin Harris	['edm']	2019-01-11	229184.0	62.0	False	True	8	0	37	14443	86510
Savage	Suga	Megan Thee Stallion	[]	2020-03-06	155497.0	62.0	True	True	4	0	154	23356	86467
Back To December (Taylor's Version)	Speak Now (Taylor's Version)	Taylor Swift	[]	2023-07-07	294189.0	68.0	False	True	1	0	182	86305	86305
The Spectre	The Spectre	Alan Walker	[]	2017-09-15	193787.0	68.0	False	True	13	0	93	13458	86256
Playinwitme (feat. Kehlani)	Light of Mine	KYLE	[]	2018-05-18	191680.0	53.0	False	True	11	0	64	9748	86102
bad idea right?	GUTS	Olivia Rodrigo	[]	2023-09-08	184783.0	74.0	True	True	1	0	200	86041	86041
'yêu yêu yêu' mashup	Hương Mùa Hè EP.02	GREY D	['v-pop', 'vietnam indie', 'vietnamese lo-fi', 'vietnamese hip hop']	2022-07-10	227628.0	27.0	False	True	2	0	185	43906	85516
Nightmare	If I Can’t Have Love, I Want Power (Extended)	Halsey	[]	2021-08-27	231998.0	61.0	True	True	4	0	32	29310	85248
Afterglow	Lover	Taylor Swift	[]	2019-08-23	223293.0	70.0	False	True	3	0	34	44680	85080
You (Prod. SUGA of BTS)	ANSWER... SHINE	ØMI	[]	2021-10-15	187364.0	34.0	False	True	2	0	81	52435	85022
Anh Ơi Ở Lại	Anh Ơi Ở Lại	Chi Pu	['v-pop', 'vinahouse', 'vietnam indie']	2019	292379.0	48.0	False	True	1	0	180	84987	84987
Gật Đầu	Gật Đầu	Jun Phạm	['v-pop']	2018-12-23	247200.0	13.0	False	True	10	0	60	10770	84873
Vì Em Vẫn	Vì Em Vẫn	Hari Won	['v-pop']	2019-01-28	218400.0	11.0	False	True	7	0	64	13873	84780
Anh Chua Thuong Em Den Vay Dau		Inkle							1	0	89	84721	84721
Hông Về Tình Iu (Not About Love)	Hông Về Tình Iu (Not About Love)	Khoi Vu	['v-pop', 'vietnamese hip hop', 'vietnamese lo-fi', 'vietnam indie']	2022-04-08	202072.0	40.0	False	True	2	0	156	44136	84680
OTW	OTW	Khalid	[]	2018-04-20	263013.0	65.0	True	True	11	0	63	9246	84648
Dynamite (Holiday Remix)	Dynamite (Holiday Remix)	BTS	['k-pop']	2020-12-11	213314.0	41.0	False	True	2	0	144	43167	84317
Who	Who	Chillies	['v-pop', 'vietnam indie', 'vietnamese lo-fi', 'vietnamese hip hop']	2018-10-06	243409.0	25.0	False	True	4	0	146	23868	84236
Don't Leave Me	FACE YOURSELF	BTS	['k-pop']	2018-04-04	227413.0	54.0	False	True	8	0	30	18302	84166
Castle In The Sky		Logan Harris							3	0	89	33954	84104
H In My Arms	H In My Arms	Kha	['v-pop', 'vietnamese lo-fi', 'vietnam indie', 'vietnamese hip hop', 'vinahouse']	2021-01-22	192857.0	38.0	False	True	3	0	137	31342	83751
Daylight	Lover	Taylor Swift	[]	2019-08-23	293453.0	74.0	False	True	3	0	35	44256	83724
Fake	Fake	Lauv	[]	2020-10-13	146375.0	53.0	True	True	3	0	106	30551	83699
evermore (feat. Bon Iver)	evermore	Taylor Swift	[]	2020-12-11	304106.0	58.0	False	True	2	0	78	54499	83649
Post Malone (feat. RANI)	Magnets EP	Sam Feldt	['tropical house']	2019-05-24	174444.0	58.0	False	True	5	0	110	19323	83603
No New Friends (feat. Sia, Diplo, and Labrinth)	LABRINTH, SIA & DIPLO PRESENT... LSD	Sia	[]	2019-04-12	175826.0	51.0	False	True	7	0	90	14366	83460
betty	folklore	Taylor Swift	[]	2020-07-24	294521.0	65.0	True	True	2	0	50	56459	83394
Về Nghe Mẹ Ru	Về Nghe Mẹ Ru	NSND Bach Tuyet	['v-pop', 'vietnamese bolero']	2022-04-09	224347.0	22.0	False	True	2	0	168	42563	83362
Sick Boy	Sick Boy	The Chainsmokers	[]	2018-12-14	193200.0	60.0	False	True	9	0	47	21783	83340
5AM	Hiệu Ứng Trốn Chạy	Cá Hồi Hoang	['vietnam indie', 'v-pop', 'vietnamese hip hop']	2019-07-31	262331.0	37.0	False	True	6	0	151	16324	83288
Weekend	INVU - The 3rd Album	TAEYEON	['k-pop', 'k-ballad']	2022-02-14	233413.0	49.0	False	True	2	0	90	49555	83094
The Way I Am	Voicenotes	Charlie Puth	['soft pop', 'pop']	2018-05-11	186080.0	56.0	False	True	10	1	6	19685	83014
Head Above Water	Head Above Water	Avril Lavigne	[]	2019-02-15	220850.0	56.0	False	True	8	0	22	14607	82976
Style	1989 (Deluxe)	Taylor Swift	[]	2014-01-01	231000.0	74.0	False	True	1	0	190	82811	82811
Thu Cuối	Tuyển Tập Yanbi Vol 2	YanBi	['v-pop', 'vietnamese hip hop', 'vinahouse']	2016-10-10	294948.0	43.0	False	True	8	0	46	18276	82783
Left and Right (Feat. Jung Kook of BTS)	CHARLIE	Charlie Puth	['soft pop', 'pop']	2022-10-06	154486.0	69.0	False	True	1	0	75	82650	82650
Du Hành Vào Tâm Trí	Du Hành Vào Tâm Trí	GiGi Hương Giang	['v-pop', 'vietnam indie']	2022-04-26	209732.0	12.0	False	True	1	0	55	82559	82559
Rồi Tới Luôn	Rồi Tới Luôn	Nal	['vinahouse', 'vietnamese lo-fi', 'v-pop', 'vietnamese bolero']	2021-08-07	246664.0	37.0	False	True	3	0	146	29643	82445
Có Lẽ Anh Chưa Từng	Có Lẽ Anh Chưa Từng	Only C	['v-pop', 'vietnamese hip hop', 'vinahouse', 'vietnamese lo-fi']	2021-04-01	294534.0	40.0	False	True	2	0	111	45370	82337
NO LOVE (feat. Kellie)	Rap Việt Season 2 - Tập 13	RAP VIỆT	['vietnamese hip hop', 'v-pop']	2022-01-10	192022.0	18.0	False	True	2	0	128	46251	82281
NẾU KHÔNG ĐIỀU GÌ THAY ĐỔI (feat. RamC & Vlary)	RAP VIỆT 2024, Tập 9	RAP VIỆT	['vietnamese hip hop', 'v-pop']	2024-11-18	233424.0	32.0	False	True	1	0	196	82078	82078
tokyo	mono.	RM	['k-pop', 'k-rap']	2018-10-23	208936.0	54.0	False	True	5	1	9	26497	82068
Alien	Alien	Sabrina Carpenter	[]	2018-03-16	174840.0	53.0	False	True	9	0	69	12138	81929
Zero	Zero	NewJeans	['k-pop']	2023-04-03	154194.0	58.0	False	True	1	0	177	81882	81882
In the Night		Le Mousche							5	0	177	16397	81744
Enhanced Depth		Trance Demon							5	0	178	16384	81712
Vài Lần Đón Đưa	ACOUS'84	Hà Anh Tuấn	['v-pop', 'vietnam indie']	2021-10-01	235000.0	30.0	False	True	10	0	76	14171	81698
Devil by the Window	The Name Chapter: TEMPTATION	TOMORROW X TOGETHER	['k-pop']	2023-01-27	186471.0	61.0	False	True	1	0	120	81688	81688
Just Say Hello - Acoustic Version	Just Say Hello (Acoustic Version)	甘草片r	[]	2022-07-22	235833.0	40.0	False	True	1	0	179	81575	81575
CÒN THỞ CÒN GỠ (feat. Lil Wuyn )	Rap Việt Season 2 - Tập 5	RAP VIỆT	['vietnamese hip hop', 'v-pop']	2021-11-15	203713.0	27.0	False	True	2	0	121	46302	81189
Sơn Tinh Thuỷ Tinh (feat. R.Tee & Ricky Star)	Rap Việt Tập 10	RAP VIỆT	['vietnamese hip hop', 'v-pop']	2020-10-07	220137.0	13.0	False	True	3	0	140	29525	81134
Like Crazy (UK Garage Remix)	Like Crazy (Remixes)	Jimin	['k-pop']	2023-03-26	210395.0	47.0	False	True	1	0	185	80969	80969
Càng Lớn Càng Cô Đơn	Càng Lớn Càng Cô Đơn	JayKii	['v-pop', 'vietnamese lo-fi', 'vietnam indie']	2021-05-23	261818.0	30.0	False	True	2	0	119	44093	80928
Electricity	Electricity	Silk City	[]	2018-09-06	238173.0	63.0	False	True	8	0	30	14398	80768
HẾT THỜI	3 (tuyển tập nhạc Ngọt mới trẻ sôi động 2019)	Ngọt	['vietnam indie', 'v-pop', 'vietnamese hip hop']	2019-06-10	278779.0	40.0	False	True	3	0	48	36520	80732
mad woman	folklore	Taylor Swift	[]	2020-07-24	237258.0	61.0	True	True	2	0	51	55631	80536
motive (with Doja Cat)	Positions	Ariana Grande	['pop']	2020-10-30	167989.0	68.0	True	True	2	0	76	47858	80499
Truth Hurts	Cuz I Love You (Super Deluxe)	Lizzo	[]	2019-04-19	173325.0	66.0	True	True	6	0	155	14882	79865
Instruction	Tell Me You Love Me (Deluxe)	Jax Jones	[]	2017-09-29	166426.0	41.0	True	True	3	0	100	30032	79833
Skate	An Evening With Silk Sonic	Bruno Mars	[]	2021-11-11	203122.0	64.0	False	True	2	0	84	45618	79700
Side Effects	Sick Boy	The Chainsmokers	[]	2018-12-14	172746.0	50.0	False	True	8	0	37	13260	79658
Mình Là Gì Của Nhau	Mình Là Gì Của Nhau	Lou Hoàng	['v-pop', 'vinahouse', 'vietnamese lo-fi']	2016-09-21	295352.0	45.0	False	True	2	0	178	41333	79521
Em Có Còn Dùng Số Này Không	Em Có Còn Dùng Số Này Không	Thái Đinh	['vietnam indie', 'v-pop']	2019-04-12	315631.0	35.0	False	True	5	0	155	19306	79461
CÁNH CỬA VÀ NGƯỜI ĐÀN ÔNG (feat. Seachains)	Rap Việt Season 2 - Tập 14	RAP VIỆT	['vietnamese hip hop', 'v-pop']	2022-01-17	190059.0	28.0	False	True	2	0	128	47728	79382
GANADARA (Feat. IU)	GANADARA	Jay Park	['k-rap', 'k-pop']	2022-03-11	203727.0	50.0	False	True	2	0	162	41777	79363
"Heaven - From ""Fifty Shades Freed"" Soundtrack"	Amethyst	Julia Michaels	[]	2023-08-15	191813.0	63.0	False	True	11	0	68	16241	79179
進撃の防弾(SONPUB REMIX)		BTS							1	0	62	79169	79169
Baby, I'm Jealous (feat. Doja Cat)	Better Mistakes	Bebe Rexha	[]	2021-05-07	175873.0	55.0	False	True	3	0	104	29864	79035
Bon Bon Chocolat	ARRIVAL OF EVERGLOW	EVERGLOW	['k-pop']	2019-03-18	228682.0	55.0	False	True	7	0	117	13838	79008
可不可以 - 抖音热歌	可不可以 (抖音热歌)	张紫豪	['chinese r&b', 'mandopop', 'c-pop']	2018-05-03	240889.0	52.0	False	True	1	0	189	78917	78917
Crush	Bad Ideas	Tessa Violet	[]	2019-10-25	216266.0	55.0	False	True	11	0	42	11324	78561
We On	O!RUL8,2?	BTS	['k-pop']	2013-09-11	230885.0	51.0	False	True	1	0	50	78460	78460
Bite Me	DARK BLOOD	ENHYPEN	['k-pop']	2023-05-22	157531.0	73.0	False	True	1	0	196	78438	78438
Someday, The Boy		Kim Feel							3	0	93	30543	78399
Stitches	Handwritten	Shawn Mendes	['pop']	2015-04-14	206880.0	79.0	False	True	6	0	145	14735	78371
SUN GOES DOWN	SUN GOES DOWN	Lil Nas X	[]	2021-05-21	168275.0	50.0	False	True	2	0	118	45295	78335
Family	World War Joy	The Chainsmokers	[]	2019-12-06	194826.0	52.0	False	True	4	0	138	20991	78205
NỨT (đôi chân đôi tay đôi mắt trái tim)	3 (tuyển tập nhạc Ngọt mới trẻ sôi động 2019)	Ngọt	['vietnam indie', 'v-pop', 'vietnamese hip hop']	2019-06-10	392673.0	38.0	False	True	3	0	50	34349	78197
SOMEBODY	GABRIEL	keshi	[]	2022-03-25	164662.0	60.0	True	True	2	0	122	43403	78148
hate u love u	hate u love u	Olivia O'Brien	[]	2016-12-09	175466.0	62.0	False	True	6	0	178	17678	77929
N95	Mr. Morale & The Big Steppers	Kendrick Lamar	['hip hop', 'west coast hip hop']	2022-05-13	195950.0	73.0	True	True	2	0	179	41158	77889
VÉ ĐI THIÊN ĐƯỜNG (một chiều)	3 (tuyển tập nhạc Ngọt mới trẻ sôi động 2019)	Ngọt	['vietnam indie', 'v-pop', 'vietnamese hip hop']	2019-06-10	165313.0	31.0	False	True	3	0	54	33263	77867
Rumors (feat. Cardi B)	Rumors (feat. Cardi B)	Lizzo	[]	2021-08-13	172832.0	56.0	True	True	2	0	83	46370	77802
Eyes Closed	- (Deluxe)	Ed Sheeran	['soft pop']	2023-05-05	194848.0	69.0	False	True	1	0	195	77625	77625
High Hopes	Pray for the Wicked	Panic! At The Disco	['emo']	2018-06-22	190946.0	75.0	False	True	8	0	48	13300	77511
Hello	25	Adele	['soft pop']	2015-11-20	295502.0	71.0	False	True	9	0	151	36044	77463
Em Trong Đầu	Gieo	Ngọt	['vietnam indie', 'v-pop', 'vietnamese hip hop']	2022-11-25	198222.0	35.0	False	True	1	0	133	77434	77434
Về Với Em	Về Với Em	Võ Hạ Trâm	['v-pop']	2023-04-12	269333.0	21.0	False	True	1	0	193	77330	77330
Chọn Bạn Mà Chơi	Chọn Bạn Mà Chơi	Rtee	['v-pop', 'vietnamese hip hop', 'vietnam indie', 'vietnamese lo-fi']	2021-12-21	218482.0	16.0	False	True	2	0	141	41921	77305
Hạnh Phúc Thoáng Qua	Đổi Thay	Noo Phước Thịnh	['v-pop', 'vinahouse', 'vietnamese lo-fi']	2015-07-10	214778.0	24.0	False	True	12	0	74	7760	77283
There for You	There for You	Martin Garrix	['edm', 'electronica', 'progressive house']	2017-05-26	221904.0	60.0	False	True	13	0	122	8662	77103
Memories	Superache	Conan Gray	[]	2022-06-24	248818.0	75.0	False	True	2	0	180	39869	76897
Cánh Hoa Tổn Thương	Cánh Hoa Tổn Thương	Hoàng Yến Chibi	['v-pop', 'vietnamese hip hop', 'vietnamese lo-fi', 'vietnam indie']	2020-01-06	370666.0	20.0	False	True	4	0	86	25834	76642
Dĩ Vãng Nhạt Nhòa - Remake	Dĩ Vãng Nhạt Nhòa	Hà Nhi	['v-pop', 'vinahouse', 'vietnamese lo-fi', 'vietnam indie']	2020-01-01	219335.0	42.0	False	True	3	0	188	25828	76584
Everybody Hates Me	Sick Boy	The Chainsmokers	[]	2018-12-14	223466.0	50.0	False	True	6	0	29	28584	76455
Dance The Night Away	Summer Nights	TWICE	['k-pop']	2018-07-09	180800.0	60.0	False	True	10	0	38	12233	76270
Đa Đoan	Đa Đoan	Phan Mạnh Quỳnh	['v-pop', 'vietnam indie']	2022-09-28	200730.0	19.0	False	True	1	0	103	76260	76260
Badadu	Badadu	MONSTAR	['v-pop', 'vietnam indie']	2020-12-15	201969.0	22.0	False	True	8	0	56	13405	76074
Mind Is A Prison	These Two Windows	Alec Benjamin	[]	2020-05-29	161697.0	57.0	False	True	4	0	135	20261	75894
Happy	Happy	TAEYEON	['k-pop', 'k-ballad']	2020-05-04	221000.0	37.0	False	True	3	0	82	30738	75847
Strange (feat. RM)	D-2	Agust D	['k-pop', 'k-rap']	2020-05-22	196529.0	54.0	False	True	2	0	33	53888	75791
Nice For What	Scorpion	Drake	['rap', 'hip hop']	2018-06-29	210746.0	72.0	True	True	10	0	47	13256	75786
Scars To Your Beautiful	Know-It-All	Alessia Cara	[]	2015-11-13	230240.0	75.0	False	True	12	0	131	11008	75648
Make A Wish (Birthday Song)	NCT RESONANCE Pt. 1 - The 2nd Album	NCT U	['k-pop']	2020-10-12	229400.0	55.0	False	True	3	0	108	30403	75250
Chắc Anh Đang	Chắc Anh Đang	Tiên Tiên	['v-pop', 'vietnam indie', 'vinahouse', 'vietnamese lo-fi']	2018-02-03	191074.0	38.0	False	True	3	1	8	31517	75248
Tinnitus (Wanna be a rock)	The Name Chapter: TEMPTATION	TOMORROW X TOGETHER	['k-pop']	2023-01-27	157261.0	64.0	False	True	1	0	138	74873	74873
The Great War	Midnights (3am Edition)	Taylor Swift	[]	2022-10-22	240355.0	63.0	False	True	1	0	122	74848	74848
Tinh Nhan Oi		Châu Đăng Khoa							8	0	35	14570	74751
My Universe - SUGA's Remix	My Universe (SUGA's Remix)	Coldplay	[]	2021-09-26	188234.0	47.0	False	True	2	0	127	42723	74707
Trivia 承 : Love	Love Yourself 結 'Answer'	BTS	['k-pop']	2018-08-24	225697.0	54.0	False	True	6	0	12	32665	74705
epiphany	folklore	Taylor Swift	[]	2020-07-24	289749.0	59.0	False	True	2	0	59	51635	74696
Superhero	Superhero	Lauv	[]	2018-08-30	179997.0	50.0	False	True	9	0	36	12890	74444
Stay	Stay	Zedd	['edm']	2017-02-23	210090.0	71.0	False	True	15	0	154	5529	74277
Downtown Baby	Downtown Baby	Rtee	['v-pop', 'vietnamese hip hop', 'vietnam indie', 'vietnamese lo-fi']	2021-03-20	197035.0	21.0	False	True	2	0	140	38763	74226
Going Bad (feat. Drake)	Championships	Meek Mill	['rap']	2018-11-30	180522.0	72.0	True	True	10	0	109	8308	74092
Nights Like This (feat. Ty Dolla $ign)	While We Wait	Kehlani	[]	2019-02-22	201787.0	68.0	True	True	7	0	35	13810	73574
Nhìn Vậy Mà Không Phải Vậy		Orange							2	0	104	43673	73404
Glitch Mode	Glitch Mode - The 2nd Album	NCT DREAM	['k-pop']	2022-03-28	207053.0	50.0	False	True	2	0	187	37921	73398
MẾU MÁO (T.T)	3 (tuyển tập nhạc Ngọt mới trẻ sôi động 2019)	Ngọt	['vietnam indie', 'v-pop', 'vietnamese hip hop']	2019-06-10	217113.0	32.0	False	True	3	0	52	33891	73393
24h	24h	Lyly	['v-pop', 'vietnamese hip hop', 'vietnamese lo-fi', 'vietnam indie']	2020-10-28	257000.0	50.0	False	True	8	0	119	9703	73305
Lil’ Touch	Lil' Touch - The 1st Single	Girls' Generation-Oh!GG	['k-pop']	2018-09-05	189846.0	49.0	False	True	8	0	11	19902	73216
Salt	Heaven & Hell	Ava Max	[]	2020-09-18	180283.0	64.0	False	True	4	0	176	19568	73213
Power Up	Summer Magic - Summer Mini Album	Red Velvet	['k-pop']	2018-08-06	202040.0	50.0	False	True	8	0	23	16135	73136
Đìu Anh Luôn Giữ Kín Trong Tym	Đìu Anh Luôn Giữ Kín Trong Tym	RPT MCK	['vietnamese hip hop', 'v-pop', 'vietnam indie']	2021-07-16	176000.0	43.0	False	True	2	0	109	40200	73052
28 (feat. NiiHWA)	D-2	Agust D	['k-pop', 'k-rap']	2020-05-22	133673.0	57.0	True	True	2	0	39	52088	73007
Bigger Than The Whole Sky	Midnights (3am Edition)	Taylor Swift	[]	2022-10-22	218502.0	61.0	False	True	1	0	126	72973	72973
I Don't Do Drugs (feat. Ariana Grande)	Planet Her	Doja Cat	[]	2021-06-25	188893.0	60.0	True	True	2	0	102	41061	72912
Mặt Trăng	Nữ Thần Mặt Trăng (Mônangel)	Bùi Lan Hương	['v-pop', 'vietnam indie']	2023-10-21	268846.0	28.0	False	True	3	0	53	31918	72736
Blue Side (Outro)	Hope World	j-hope	['k-pop', 'k-rap']	2018-03-02	90539.0	57.0	False	True	1	0	67	72619	72619
Tết Real Khum?	Tết Real Khum?	Wowy	['vietnamese hip hop', 'v-pop']	2022-01-05	218216.0	33.0	False	True	2	0	156	37150	72477
Outta My Head (with John Mayer)	Free Spirit	Khalid	[]	2019-04-05	177066.0	56.0	False	True	5	0	41	23316	72333
Tattoos Together	~how i'm feeling~	Lauv	[]	2020-03-06	186613.0	55.0	True	True	4	0	140	19212	72300
No Guidance (feat. Drake)	Indigo	Chris Brown	['r&b']	2019-06-28	260640.0	72.0	True	True	5	0	133	17499	72299
LALALAY	LALALAY	SUNMI	['k-pop']	2019-08-27	174880.0	43.0	False	True	3	0	49	31597	72160
Pray For Me	The Highlights	The Weeknd	[]	2021-02-05	211420.0	74.0	True	True	7	0	63	16696	72091
MÀU (đen trắng)	3 (tuyển tập nhạc Ngọt mới trẻ sôi động 2019)	Ngọt	['vietnam indie', 'v-pop', 'vietnamese hip hop']	2019-06-10	216899.0	33.0	False	True	3	0	53	33325	71831
Hết Nhạc Con Về	Hết Nhạc Con Về	Duy B	['vinahouse', 'vietnamese hip hop', 'v-pop']	2021-04-22	193548.0	27.0	False	True	2	0	176	36978	71694
Just One Day	Skool Luv Affair	BTS	['k-pop']	2014-02-12	239469.0	64.0	False	True	1	0	70	71633	71633
Cho Không	No Nê	Suboi	['vietnamese hip hop', 'v-pop', 'vietnam indie']	2021-07-15	201047.0	17.0	False	True	4	0	48	23822	71549
hoax	folklore	Taylor Swift	[]	2020-07-24	220042.0	60.0	False	True	2	0	64	48056	71313
0X1=LOVESONG (I Know I Love You) feat. Seori	The Chaos Chapter: FREEZE	TOMORROW X TOGETHER	['k-pop']	2021-05-31	202203.0	65.0	False	True	2	0	134	39116	71171
Ngủ Đi Để Thấy Nhau Còn Hồn Nhiên	25	Hoàng Dũng	['v-pop', 'vietnam indie', 'vietnamese lo-fi', 'vietnamese hip hop']	2020-12-16	350978.0	18.0	False	True	2	0	141	37089	70879
Mộng Du	Qua Khung Cửa Sổ	Chillies	['v-pop', 'vietnam indie', 'vietnamese lo-fi', 'vietnamese hip hop']	2021-05-05	240000.0	30.0	False	True	2	0	125	38545	70754
Dancin - Krono Remix	Ibiza 2019	Aaron Smith	[]	2019-11-11	256000.0	70.0	False	True	8	0	41	13314	70720
Farewell, Neverland	The Name Chapter: TEMPTATION	TOMORROW X TOGETHER	['k-pop']	2023-01-27	180676.0	58.0	False	True	1	0	150	70516	70516
Boys Will Be Boys	Future Nostalgia	Dua Lipa	['pop']	2020-03-27	166266.0	51.0	False	True	3	0	138	25385	70491
Độ Ta Không Độ Nàng	Khánh Phương Super Collection	Khánh Phương	['v-pop', 'vinahouse', 'vietnamese bolero', 'vietnamese lo-fi']	2022-02-01	246136.0	19.0	False	True	4	0	54	24298	70130
Leader	Stardom	Vũ Cát Tường	['v-pop', 'vietnam indie']	2018-10-18	189952.0	8.0	False	True	7	0	19	20127	70026
Lullaby	The Wave	R3HAB	['slap house', 'edm']	2018-08-24	160183.0	55.0	False	True	8	0	65	14650	69909
No Internet	No Internet	7UPPERCUTS	['vietnam indie', 'v-pop', 'vietnamese hip hop']	2020-12-23	185161.0	34.0	False	True	2	0	120	39134	69784
Naked	YOU	James Arthur	['soft pop']	2019-10-18	233400.0	65.0	False	True	8	0	73	15482	69769
My Little Love	30	Adele	['soft pop']	2021-11-19	389107.0	60.0	False	True	1	0	58	69698	69698
Cheap Thrills	This Is Acting	Sia	[]	2016-01-29	211666.0	75.0	False	True	13	0	137	6177	69532
Drama Queen	Drama Queen	Bích Phương	['v-pop', 'vietnamese hip hop', 'vietnamese lo-fi', 'vinahouse', 'vietnam indie']	2018-10-22	275478.0	13.0	False	True	8	0	19	16922	69498
Hongkong1 - Official Version - Original		Nguyễn Trọng Tài							9	0	55	11239	69439
Silence	Silence	Marshmello	['edm']	2017-08-11	180822.0	74.0	False	True	10	0	119	11295	69276
Dear my friend (feat. Kim Jong Wan of NELL)	D-2	Agust D	['k-pop', 'k-rap']	2020-05-22	292078.0	56.0	True	True	2	0	48	47688	69231
Finesse - Remix; feat. Cardi B	Finesse (Remix) [feat. Cardi B]	Bruno Mars	[]	2017-12-20	217288.0	73.0	False	True	6	0	40	20680	69051
Tune Of Joy		MaziteLo							1	0	30	68625	68625
Nói Dối (feat. HIEUTHUHAI)	Nói Dối (feat. HIEUTHUHAI)	Pháo	['v-pop', 'vinahouse', 'vietnamese hip hop']	2021-12-23	199114.0	34.0	False	True	2	0	183	34276	68367
Like Water	Like Water - The 1st Mini Album	WENDY	['k-ballad', 'k-pop']	2021-04-05	261013.0	47.0	False	True	2	0	161	34957	68300
Sleep In My Time		MaziteLo							1	0	31	68100	68100
Stay Tonight	Querencia	CHUNG HA	['k-pop']	2021-02-15	217238.0	48.0	False	True	3	0	133	25715	68033
Finding Your Strength		MaziteLo							1	0	32	67964	67964
Tiến Hoá (feat. Ricky Star)	Rap Việt Tập 15	RAP VIỆT	['vietnamese hip hop', 'v-pop']	2020-11-08	171428.0	12.0	False	True	2	0	117	34654	67807
Easy Moves		MaziteLo							1	0	33	67694	67694
Dive - KR Ver.		iKON							2	0	52	42399	67393
ai buồn giơ tay	Over The Moon	MONSTAR	['v-pop', 'vietnam indie']	2021-08-01	192773.0	17.0	False	True	2	0	111	36561	67380
Beautiful Chances		MaziteLo							1	0	34	67355	67355
Darl+ing	SEVENTEEN 4th Album 'Face the Sun'	SEVENTEEN	['k-pop']	2022-05-27	176560.0	60.0	False	True	1	0	83	66948	66948
Girls Want Girls (with Lil Baby)	Certified Lover Boy	Drake	['rap', 'hip hop']	2021-09-03	221979.0	72.0	True	True	2	0	99	39023	66790
Còn Thương Thì Không Để Em Khóc	Còn Thương Thì Không Để Em Khóc	Miu Lê	['v-pop', 'vietnamese hip hop', 'vinahouse', 'vietnamese lo-fi']	2019-12-26	292500.0	37.0	False	True	3	0	100	23551	66779
Người Em Từng Yêu	Người Em Từng Yêu	Ngân Ngân	['vinahouse', 'v-pop', 'vietnamese lo-fi', 'vietnamese bolero']	2022-09-15	232847.0	26.0	False	True	1	0	169	66487	66487
Uh-Oh	Uh-Oh	(G)I-DLE	['k-pop']	2019-06-26	207600.0	53.0	False	True	4	0	93	19947	66386
Anh Đếch Cần Gì Nhiều Ngoài Em - dongvui harmony	dongvui harmony	Đen	['v-pop', 'vietnamese hip hop', 'vietnam indie', 'vietnamese lo-fi']	2022-11-09	341205.0	28.0	False	True	1	0	133	66386	66386
Lucky You (feat. Joyner Lucas)	Kamikaze	Eminem	['rap', 'hip hop']	2018-08-31	244679.0	67.0	True	True	6	0	20	18481	66319
Kick It	NCT #127 Neo Zone - The 2nd Album	NCT 127	['k-pop']	2020-03-06	233013.0	56.0	False	True	2	0	60	45614	66109
Đừng Tin Her	Đừng Tin Her	B Ray	['vietnamese hip hop', 'v-pop', 'vinahouse', 'vietnam indie']	2020-12-04	213350.0	33.0	True	True	2	0	155	33943	66086
peace	folklore	Taylor Swift	[]	2020-07-24	234000.0	61.0	True	True	2	0	71	45155	65960
Death By A Thousand Cuts	Lover	Taylor Swift	[]	2019-08-23	198533.0	67.0	False	True	2	0	33	44935	65953
Happy Fools (feat. Coi Leray)	The Name Chapter: TEMPTATION	TOMORROW X TOGETHER	['k-pop']	2023-01-27	155753.0	49.0	False	True	1	0	172	65831	65831
Mưa Cứ Rơi	Mưa Cứ Rơi	Mr.A	['vietnamese hip hop', 'v-pop', 'vinahouse', 'vietnam indie']	2022-12-10	177333.0	48.0	False	True	1	0	163	65707	65707
Our Song	Therapy	Anne-Marie	[]	2021-07-23	163733.0	57.0	False	True	2	0	149	36512	65674
Holly Jolly Christmas	Christmas (Deluxe Special Edition)	Michael Bublé	['christmas']	2012-11-09	119786.0	66.0	False	True	3	0	107	37567	65645
Angels Like You	Plastic Hearts	Miley Cyrus	[]	2020-11-27	196453.0	76.0	False	True	2	0	151	33256	65540
Yellow Hearts	Yellow Hearts	Ant Saunders	[]	2019-06-18	223257.0	55.0	False	True	4	0	171	17360	65538
LAVIE	LAVIE	WEAN	['v-pop', 'vietnamese hip hop', 'vietnam indie', 'vietnamese lo-fi']	2020-11-13	200007.0	33.0	False	True	2	0	115	38786	65476
Nu Hon Danh Roi - OST Thang Nam Ruc Ro - Original	Nu Hon Danh Roi - OST Thang Nam Ruc Ro (Original)	Hoàng Yến Chibi	['v-pop', 'vietnamese hip hop', 'vietnamese lo-fi', 'vietnam indie']	2018-05-09	276600.0	21.0	False	True	11	0	71	8949	65310
bad idea	thank u, next	Ariana Grande	['pop']	2019-02-08	267106.0	62.0	False	True	4	0	16	26829	65259
Thiên Hà Trước Hiên Nhà	Thiên Hà Trước Hiên Nhà	Datmaniac	['vietnamese hip hop', 'vietnam indie', 'v-pop']	2021-02-06	241889.0	28.0	False	True	2	0	88	36370	65219
Get You The Moon (feat. Snøw)	Get You The Moon (feat. Snøw)	Kina	[]	2018-10-08	179080.0	70.0	False	True	4	0	175	17036	65150
Da Lau Roi		Cheung							2	0	127	36979	65077
Intro 2022	SKY DECADE	Sơn Tùng M-TP	['v-pop', 'vinahouse', 'vietnamese hip hop']	2022-10-06	83240.0	33.0	False	True	1	0	126	65018	65018
Everything Goes On	Everything Goes On	Porter Robinson	['edm', 'electronic']	2022-07-14	202821.0	56.0	False	True	1	0	98	64760	64760
In the Name of Love	In the Name of Love	Martin Garrix	['edm', 'electronica', 'progressive house']	2016-07-29	195706.0	74.0	False	True	12	0	145	10044	64733
Tie Me Down	SUMMER LOUNGE 2020	Gryffin	['edm', 'melodic bass']	2020-05-29	218239.0	46.0	False	True	10	0	93	7481	64593
Let Go	FACE YOURSELF	BTS	['k-pop']	2018-04-04	299706.0	56.0	False	True	8	0	53	14507	64565
Hot Sauce	Hot Sauce - The 1st Album	NCT DREAM	['k-pop']	2021-05-10	195813.0	55.0	False	True	2	0	153	34807	64462
U Mê Em	U Mê Em	Kay Trần	['v-pop', 'vietnamese hip hop']	2022-11-30	210285.0	19.0	False	True	1	0	172	64434	64434
Paris	Midnights (3am Edition)	Taylor Swift	[]	2022-10-22	196258.0	60.0	False	True	1	0	144	64340	64340
NOEL Biết Yêu	NOEL Biết Yêu	Tiên Tiên	['v-pop', 'vietnam indie', 'vinahouse', 'vietnamese lo-fi']	2022-12-10	185379.0	19.0	False	True	1	0	170	64123	64123
Lonely Together (feat. Rita Ora)	AVĪCI (01)	Avicii	['edm']	2017-08-10	181812.0	68.0	False	True	9	0	21	17933	64094
This Is America	This Is America	Childish Gambino	[]	2018-05-06	225773.0	64.0	True	True	6	0	17	17095	64035
LO$ER=LO♡ER	The Chaos Chapter: FIGHT OR ESCAPE	TOMORROW X TOGETHER	['k-pop']	2021-08-17	199919.0	64.0	False	True	2	0	108	37372	63813
Đêm Hôm Qua	Gieo	Ngọt	['vietnam indie', 'v-pop', 'vietnamese hip hop']	2022-11-25	228084.0	34.0	False	True	1	0	174	63598	63598
Người Lạ Ơi - Hoaprox Remix		Châu Đăng Khoa							11	0	104	6748	63530
Tỉnh Giấc Khi Ông Trời Đang Ngủ	Tỉnh Giấc Khi Ông Trời Đang Ngủ	TRANG	['vietnam indie', 'v-pop']	2019-09-19	244000.0	21.0	False	True	3	0	103	23139	63318
False God	Lover	Taylor Swift	[]	2019-08-23	200306.0	68.0	False	True	2	0	39	43371	63277
Tuý Hoạ - Remix	Tuý Hoạ (Remix)	VINA BẤT DIỆT	['vinahouse']	2024-01-17	268265.0	6.0	False	True	2	0	60	43588	63166
BOY	THE FIRST STEP : TREASURE EFFECT	TREASURE	['k-pop']	2021-01-11	196666.0	50.0	False	True	2	0	77	35077	63161
working	working	Tate McRae	[]	2021-06-17	210219.0	55.0	True	True	2	0	130	34623	63081
To Be Loved	30	Adele	['soft pop']	2021-11-19	403961.0	60.0	False	True	1	0	73	63019	63019
End Game	reputation	Taylor Swift	[]	2017-11-10	244826.0	69.0	False	True	9	0	112	12380	62944
Bỏ Em Vào Balo (Lofi Ver.)	Bỏ Em Vào Balo (Lofi Ver.)	Tân Trần	['vietnamese lo-fi', 'vinahouse', 'v-pop', 'vietnam indie', 'lo-fi']	2021-07-11	186885.0	35.0	False	True	1	0	91	62904	62904
Gu Của Anh Là Châu Á (feat. Yuno Bigboi)	Rap Việt Tập 14	RAP VIỆT	['vietnamese hip hop', 'v-pop']	2020-11-03	180000.0	13.0	False	True	2	0	110	37556	62829
come out and play	come out and play	Billie Eilish	[]	2018-11-20	210375.0	65.0	False	True	4	0	16	21861	62795
My Universe - Acoustic Version	My Universe	Coldplay	[]	2021-09-27	223268.0	44.0	False	True	2	0	163	32479	62769
Sacrifice	Sacrifice	Bebe Rexha	[]	2021-03-05	160871.0	45.0	False	True	2	0	145	33716	62742
Pretty Girl - Cheat Codes X CADE Remix	Pretty Girl (Cheat Codes X CADE Remix)	Maggie Lindemann	[]	2017-03-02	193613.0	61.0	True	True	7	0	182	11417	62708
MONOPOLY (with Victoria Monét)	MONOPOLY	Ariana Grande	['pop']	2019-04-01	158586.0	56.0	True	True	4	0	37	24953	62613
Some	Red Diary Page.1	BOL4	['k-pop', 'k-ballad']	2017-09-28	181373.0	63.0	False	True	2	0	181	31414	62576
I Don't Know	LAVIE	WEAN	['v-pop', 'vietnamese hip hop', 'vietnam indie', 'vietnamese lo-fi']	2020-12-18	247426.0	25.0	False	True	2	0	175	32341	62546
STEREOTYPE	STEREOTYPE	STAYC	['k-pop']	2021-09-06	191695.0	56.0	False	True	2	0	137	34477	62200
Tomorrow	Tomorrow	Vũ Cát Tường	['v-pop', 'vietnam indie']	2020-06-04	265116.0	17.0	False	True	3	0	147	22947	62138
Look Alive (feat. Drake)	Simi	BlocBoy JB	['memphis rap']	2018-05-04	181414.0	64.0	True	True	8	0	69	15246	62134
End of Time	End of Time	K-391	[]	2020-03-06	187560.0	59.0	False	True	3	0	175	21710	62018
Vùng Lá Me Bay	Tuyển Tập Các Ca Khúc Trữ Tình Dương Hồng Loan	Dương Hồng Loan	['vietnamese bolero', 'bolero', 'traditional music']	2021-09-17	262623.0	19.0	False	True	6	0	70	12357	61960
TWIT	TWIT	HWASA	['k-pop']	2019-02-13	190785.0	51.0	False	True	6	0	86	12659	61908
Come & Go (with Marshmello)	Legends Never Die	Juice WRLD	['melodic rap', 'emo rap']	2020-07-10	205484.0	72.0	True	True	2	0	82	35517	61824
Gieo	Gieo	Ngọt	['vietnam indie', 'v-pop', 'vietnamese hip hop']	2022-11-25	207516.0	33.0	False	True	1	0	181	61567	61567
edamame	eat ya veggies	bbno$	['meme rap']	2021-10-08	133706.0	72.0	True	True	2	0	140	31460	61141
Bad To You (with Normani & Nicki Minaj)	Charlie's Angels (Original Motion Picture Soundtrack)	Ariana Grande	['pop']	2019-11-01	171840.0	46.0	False	True	2	0	56	36344	61013
I Don't Think I'm Okay	I Don't Think I'm Okay	Bazzi	[]	2020-07-09	176250.0	43.0	False	True	2	0	79	36375	60878
Falling	Fine Line	Harry Styles	[]	2019-12-13	240133.0	75.0	False	True	3	0	129	21368	60833
Soon You’ll Get Better (feat. The Chicks)	Lover	Taylor Swift	[]	2019-08-23	201586.0	61.0	False	True	2	0	43	41765	60731
Roi Mot Ngay	Roi Mot Ngay	Dewie	['vietnamese hip hop', 'v-pop', 'melodic rap']	2022-11-17	174361.0	37.0	False	True	1	0	194	60713	60713
Summer Feelings (feat. Charlie Puth) - From 'SCOOB!' The Album	Summer Feelings (feat. Charlie Puth)	Lennon Stella	[]	2020-04-23	160289.0	53.0	False	True	3	0	166	20757	60676
What’s Next	Scary Hours 2	Drake	['rap', 'hip hop']	2021-03-05	178153.0	63.0	True	True	2	0	156	32156	60324
Baila Conmigo (with Rauw Alejandro)	Revelación - EP	Selena Gomez	['pop']	2021-03-12	186087.0	61.0	False	True	2	0	149	32777	60289
AH YEAH - KR Ver.		WINNER							4	0	50	23491	60240
Charlie Be Quiet!	CHARLIE	Charlie Puth	['soft pop', 'pop']	2022-10-06	128364.0	46.0	False	True	1	0	137	60236	60236
I'm Not Here To Make Friends	Gloria	Sam Smith	['soft pop']	2023-01-27	229604.0	60.0	False	True	1	0	200	60192	60192
Về Nhà Ăn Tết	Về Nhà Ăn Tết	BigDaddy	['v-pop', 'vietnamese hip hop', 'vinahouse', 'vietnam indie']	2017-01-25	241384.0	37.0	False	True	1	0	153	60119	60119
Polaroid	Blue	Jonas Blue	['tropical house']	2018-11-09	193377.0	62.0	False	True	7	0	61	9716	60092
ถ้าเธอรักใครคนหนึ่ง OST.บุพเพสันนิวาส 2	ถ้าเธอรักใครคนหนึ่ง - Single	Ink Waruntorn	['thai pop', 't-pop', 'thai indie pop']	2022-07-14	246434.0	40.0	False	True	1	0	136	60034	60034
căn gác mùa hè (sweet summer)	CITOPIA	Phùng Khánh Linh	['v-pop', 'vietnam indie', 'city pop']	2022-11-11	191105.0	30.0	False	True	1	0	151	59806	59806
Streets	Hot Pink	Doja Cat	[]	2019-11-07	226986.0	79.0	True	True	2	0	176	30459	59749
Lost in the Fire (feat. The Weeknd)	Hyperion	Gesaffelstein	[]	2019-03-08	202093.0	78.0	True	True	5	0	28	16012	59748
Dynamite (Poolside Remix)	Dynamite (DayTime Version)	BTS	['k-pop']	2020-08-28	182591.0	38.0	False	True	2	0	74	40602	59641
Lonely Love	Lonely Love	Trang Hàn	['vietnam indie', 'v-pop', 'vietnamese lo-fi']	2018-09-12	212432.0	27.0	False	True	1	0	140	59475	59475
Over Now (with The Weeknd)	Over Now (with The Weeknd)	Calvin Harris	['edm']	2020-08-28	210795.0	58.0	True	True	2	0	90	35712	59445
All Too Well (10 Minute Version) (Taylor's Version) (From The Vault)	Red (Taylor's Version)	Taylor Swift	[]	2021-11-12	613026.0	75.0	True	True	1	0	80	59407	59407
Connection	Connection	OneRepublic	['soft pop']	2018-06-26	148459.0	52.0	False	True	9	0	83	7624	59399
Really	SQUARE UP	BLACKPINK	['k-pop']	2018-06-15	197789.0	52.0	False	True	3	1	7	35368	59375
Don't Check On Me (feat. Justin Bieber & Ink)	Indigo	Chris Brown	['r&b']	2019-06-28	204880.0	54.0	False	True	4	0	148	15255	58997
Getting Over You	I met you when I was 18. (the playlist)	Lauv	[]	2018-05-31	255885.0	49.0	False	True	7	0	82	14944	58949
Xin loi anh qua phien	Ten On Ten	Đông Nhi	['v-pop', 'vinahouse']	2018-12-13	245161.0	13.0	False	True	7	0	34	12766	58935
MIA	X 100PRE	Bad Bunny	['reggaeton', 'trap latino', 'latin', 'urbano latino']	2018-12-23	210367.0	71.0	False	True	7	0	31	12997	58916
Thay Doi	Door To Nowhere	Thịnh Suy	['v-pop', 'vietnam indie', 'vietnamese lo-fi']	2022-11-17	178512.0	39.0	False	True	1	0	155	58863	58863
gold rush	evermore	Taylor Swift	[]	2020-12-11	185320.0	62.0	True	True	1	0	60	58821	58821
SEE U LATER - KR Ver.		BLACKPINK							9	0	75	8003	58760
Best Of Me	Love Yourself 承 'Her'	BTS	['k-pop']	2017-09-18	227191.0	62.0	False	True	7	0	40	17545	58616
Would've, Could've, Should've	Midnights (3am Edition)	Taylor Swift	[]	2022-10-22	260361.0	62.0	False	True	1	0	162	58528	58528
Em Gái Quê	Em Gái Quê	K-ICM	['v-pop', 'vinahouse', 'vietnam indie', 'vietnamese lo-fi', 'vietnamese hip hop']	2021-12-13	248571.0	6.0	False	True	1	0	94	58450	58450
Nobody Gets Me	SOS	SZA	['r&b']	2022-12-09	180853.0	83.0	True	True	1	0	193	58449	58449
Motivation	Motivation	Normani	[]	2019-08-16	193837.0	61.0	False	True	4	0	167	15361	58424
I'll Never Love Again - Extended Version	A Star Is Born Soundtrack	Lady Gaga	['art pop', 'pop']	2018-10-05	328893.0	60.0	False	True	7	0	38	11645	58384
Youth (feat. Khalid)	Shawn Mendes	Shawn Mendes	['pop']	2018-05-25	190866.0	57.0	False	True	6	0	33	15284	58381
RBB (Really Bad Boy)	RBB - The 5th Mini Album	Red Velvet	['k-pop']	2018-11-30	188785.0	49.0	False	True	6	0	23	18525	58300
Six Feet Under	Six Feet Under	Billie Eilish	[]	2016-11-17	189613.0	70.0	False	True	5	0	138	12506	58271
1 Cọng Tóc Mai (feat. Touliver)	CONG	Tóc Tiên	['v-pop', 'vietnamese lo-fi', 'vietnam indie', 'vietnamese bolero']	2022-11-01	202105.0	17.0	False	True	1	0	107	57729	57729
Can't You See Me?	The Dream Chapter: ETERNITY	TOMORROW X TOGETHER	['k-pop']	2020-05-18	201445.0	55.0	False	True	2	0	80	33145	57514
Stardom	Stardom	Vũ Cát Tường	['v-pop', 'vietnam indie']	2018-10-18	214613.0	13.0	False	True	4	1	10	24158	57469
I Love It (& Lil Pump)	I Love It	Kanye West	['rap']	2018-09-07	127946.0	66.0	True	True	6	0	27	14372	57425
Power is Power (feat. The Weeknd & Travis Scott)	For The Throne (Music Inspired by the HBO Series Game of Thrones)	SZA	['r&b']	2019-04-26	211266.0	58.0	False	True	4	0	53	20486	57362
Thế Là Tết	Thế Là Tết	Đức Phúc	['v-pop', 'vinahouse', 'vietnam indie']	2018-01-16	274207.0	38.0	False	True	2	0	127	34385	57326
I LOVE YOU	THE FIRST STEP : TREASURE EFFECT	TREASURE	['k-pop']	2021-01-11	181618.0	51.0	False	True	2	0	98	31853	57236
Hey, Mickey!	Hey, Mickey!	Baby Tate	[]	2016-09-27	115555.0	63.0	False	True	1	0	200	57131	57131
Anh Đừng Đi	Anh Đừng Đi	Lyly	['v-pop', 'vietnamese hip hop', 'vietnamese lo-fi', 'vietnam indie']	2021-02-19	261034.0	23.0	False	True	2	0	172	29372	56976
NASA	thank u, next	Ariana Grande	['pop']	2019-02-08	182000.0	59.0	False	True	4	0	18	24604	56672
Good Days	SOS	SZA	['r&b']	2022-12-09	278480.0	78.0	True	True	2	0	172	29508	56606
Be A Fool	Stardom	Vũ Cát Tường	['v-pop', 'vietnam indie']	2018-10-18	235434.0	17.0	False	True	4	1	9	24417	56576
Smells Like Me	CHARLIE	Charlie Puth	['soft pop', 'pop']	2022-10-07	204079.0	42.0	False	True	1	0	133	56571	56571
gogobebe	White Wind	MAMAMOO	['k-pop']	2019-03-14	195855.0	52.0	False	True	5	0	81	13851	56495
LẦN CUỐI (đi bên em xót xa người ơi)	3 (tuyển tập nhạc Ngọt mới trẻ sôi động 2019)	Ngọt	['vietnam indie', 'v-pop', 'vietnamese hip hop']	2019-06-10	222846.0	52.0	False	True	1	0	13	56444	56444
Một Triệu Năm Ánh Sáng	Một Triệu Năm Ánh Sáng	Vũ Cát Tường	['v-pop', 'vietnam indie']	2020	199058.0	24.0	False	True	2	0	183	28267	56270
Celestial	Celestial	Ed Sheeran	['soft pop']	2022-09-29	209026.0	63.0	False	True	1	0	155	56246	56246
Different World (feat. CORSAK)	Different World	Alan Walker	[]	2018-12-14	202906.0	54.0	False	True	6	0	38	13818	56231
Stay With Me (with Justin Timberlake, Halsey, & Pharrell)	Stay With Me (with Justin Timberlake, Halsey, & Pharrell)	Calvin Harris	['edm']	2022-07-15	229282.0	54.0	False	True	1	0	118	56220	56220
Egotistic	RED MOON	MAMAMOO	['k-pop']	2018-07-16	196018.0	55.0	False	True	8	0	39	12231	56210
Anxiety (with Selena Gomez)	Inner Monologue Part 1	Julia Michaels	[]	2019-01-24	210146.0	47.0	True	True	6	0	96	10524	56147
High Infidelity	Midnights (3am Edition)	Taylor Swift	[]	2022-10-22	231475.0	59.0	False	True	1	0	175	56103	56103
FIANCÉ	XX	MINO	['k-rap', 'k-pop']	2018-11-26	207986.0	45.0	False	True	5	0	29	15972	56020
Tết Về Sớm Nhé	Tết Về Sớm Nhé	Phan Mạnh Quỳnh	['v-pop', 'vietnam indie']	2020-01-01	187164.0	36.0	False	True	2	0	131	34108	55902
Cry Your Heart Out	30	Adele	['soft pop']	2021-11-19	255278.0	57.0	False	True	1	0	90	55647	55647
Up All Night	Up All Night	Khalid	[]	2019-11-14	157220.0	50.0	False	True	3	0	123	20367	55647
21st Century Girl	Wings	BTS	['k-pop']	2016-10-10	192596.0	57.0	False	True	1	0	85	55251	55251
Đơn Giản - Champagne Shots Remix		Low G							1	0	168	55225	55225
Tương Tư	Tương Tư	Táo	['vietnamese hip hop', 'v-pop', 'vietnam indie', 'vietnamese lo-fi']	2020-11-27	225818.0	24.0	False	True	2	0	190	28384	55047
Laugh Now Cry Later (feat. Lil Durk)	Laugh Now Cry Later (feat. Lil Durk)	Drake	['rap', 'hip hop']	2020-08-14	261492.0	71.0	True	True	2	0	113	28546	54924
Sick enough to die (Feat. JAMIE)	20th Anniversary Edition ‘Dark Hole’	MC MONG	['k-ballad', 'k-rap']	2021-12-30	270906.0	38.0	False	True	1	0	100	54798	54798
1999	1999	Charli xcx	['hyperpop', 'art pop']	2018-10-05	189000.0	56.0	False	True	5	0	43	11613	54735
REALLY - KR Ver.		BLACKPINK							8	0	52	9343	54640
Khúc Giao Mùa	Gala Nhạc Việt 7: Tết Trong Tâm Hồn	Trung Quân	['v-pop', 'vietnam indie', 'vietnamese lo-fi']	2016-01-22	249478.0	41.0	False	True	1	0	173	54530	54530
Cho Ngày Không Còn Nhau	Cho Ngày Không Còn Nhau	T.R.I	['v-pop', 'vietnamese lo-fi', 'vietnam indie', 'vietnamese hip hop']	2021-10-05	237335.0	20.0	False	True	1	0	174	54528	54528
Life's Too Short (English Version)	Life's Too Short	aespa	['k-pop']	2022-06-24	178133.0	51.0	False	True	1	0	119	54410	54410
San Francisco	Stardom	Vũ Cát Tường	['v-pop', 'vietnam indie']	2018-10-18	227242.0	19.0	False	True	4	0	13	22957	54407
HOLO	HOLO	LeeHi	['k-ballad', 'k-pop']	2020-07-23	178520.0	51.0	False	True	2	0	122	30784	54354
Look Back at It	Hoodie SZN	A Boogie Wit da Hoodie	['melodic rap']	2018-12-21	179449.0	70.0	True	True	6	0	81	10036	54250
Chưa Từng Vì Nhau	Thương	Karik	['v-pop', 'vietnamese hip hop', 'vietnam indie', 'vietnamese lo-fi', 'vinahouse']	2022-07-04	247058.0	33.0	False	True	2	0	169	27171	54191
MILLIONS	WE	WINNER	['k-pop']	2019-07-31	210133.0	36.0	False	True	6	0	28	16183	54143
Feliz Navidad	The Definite Best	José Feliciano	['christmas', 'bolero']	2001-09-03	182360.0	65.0	False	True	2	0	151	35398	54092
Ridin'	Reload	NCT DREAM	['k-pop']	2020-04-29	201773.0	48.0	False	True	2	0	69	34842	54001
CHUÔNG BÁO THỨC (sáng rồi)	3 (tuyển tập nhạc Ngọt mới trẻ sôi động 2019)	Ngọt	['vietnam indie', 'v-pop', 'vietnamese hip hop']	2019-06-10	247873.0	32.0	False	True	2	0	59	32631	53920
How can I love the heartbreak, you're the one I love	SAILING	AKMU	['k-pop', 'k-ballad']	2019-09-25	290095.0	58.0	False	True	3	0	84	22480	53791
Bohemian Rhapsody - Remastered 2011	A Night At The Opera (2011 Remaster)	Queen	['classic rock', 'rock', 'glam rock']	1975-11-21	354320.0	76.0	False	True	7	0	54	9953	53679
Dreamer	More Than You Know	Axwell /\ Ingrosso	[]	2017-07-28	251147.0	59.0	False	True	8	0	120	11795	53599
All Night Parking (with Erroll Garner) Interlude	30	Adele	['soft pop']	2021-11-19	161829.0	58.0	False	True	1	0	99	53540	53540
Dance To This (feat. Ariana Grande)	Bloom	Troye Sivan	[]	2018-08-31	231846.0	62.0	False	True	8	0	45	11936	53476
Anti-Romantic	The Chaos Chapter: FREEZE	TOMORROW X TOGETHER	['k-pop']	2021-05-31	215188.0	58.0	False	True	2	0	174	26911	53474
Ngổn Ngang	LOV6	Rhymastic	['v-pop', 'vietnamese hip hop', 'vietnam indie', 'vinahouse', 'vietnamese lo-fi']	2022-09-15	194600.0	34.0	False	True	1	0	178	53131	53131
Tôi Là Ai Trong Em (Đồi Thông) (Taxi! Em Tên Gì Ost)		ERIK							6	0	66	12490	53089
Dicki Track Anedr		William Laura IiO							1	0	49	53003	53003
Fuck it I love you	Norman Fucking Rockwell!	Lana Del Rey	[]	2019-08-30	218287.0	63.0	True	True	3	0	96	22007	52985
TIKI TAKA	Re:T-ARA	T-ARA	['k-pop']	2021-11-15	196866.0	28.0	False	True	1	0	92	52954	52954
Sau Chia Tay Ta Còn Gì?	Một Vạn Năm	Vũ.	['v-pop', 'vietnam indie', 'vietnamese lo-fi']	2022-09-09	281700.0	34.0	False	True	1	0	152	52845	52845
My Oasis (feat. Burna Boy)	Love Goes	Sam Smith	['soft pop']	2020-10-30	179916.0	57.0	False	True	2	0	110	30218	52843
Where's My Love - Piano Solo	Where's My Love	SYML	[]	2017-07-07	274493.0	50.0	False	True	7	0	115	12661	52803
Dối Lừa (Qinn Remix)	Dối Lừa (Qinn Remix)	Qinn Media	['vinahouse', 'vietnamese lo-fi', 'v-pop']	2023-03-13	300011.0	38.0	False	True	6	0	72	13550	52765
Close Your Eyes	Close Your Eyes	Felix Jaehn	['tropical house']	2019-11-22	160794.0	53.0	False	True	3	0	160	18100	52678
cô đơn sớm tối	yesteryear (deluxe)	Phùng Khánh Linh	['v-pop', 'vietnam indie', 'city pop']	2021-09-02	261573.0	12.0	False	True	2	0	176	27148	52654
Starving	Starving	Hailee Steinfeld	[]	2016-07-22	181880.0	69.0	False	True	5	0	153	13030	52624
Anh Vẫn OK (feat. RPT MCK)	Rap Việt, Vòng 1	RAP VIỆT	['vietnamese hip hop', 'v-pop']	1900-01-01	195789.0	37.0	False	True	2	0	183	26640	52567
Lacey Trail Ingv		William Laura IiO							1	0	50	52447	52447
Cuộc Đối Thoại Không Hồi Kết (feat. Mạc Mai Sương)	Một Vạn Năm	Vũ.	['v-pop', 'vietnam indie', 'vietnamese lo-fi']	2022-09-09	275300.0	32.0	False	True	1	0	154	52384	52384
Only You (with Little Mix)	Only You (with Little Mix)	Cheat Codes	[]	2018-06-22	189401.0	50.0	False	True	8	0	83	7709	52359
(sau đây là) DỰ BÁO THỜI TIẾT (cho các vùng vào ngày mai)	3 (tuyển tập nhạc Ngọt mới trẻ sôi động 2019)	Ngọt	['vietnam indie', 'v-pop', 'vietnamese hip hop']	2019-06-10	198753.0	28.0	False	True	2	0	60	31900	52324
First Love	Wings	BTS	['k-pop']	2016-10-10	189795.0	50.0	False	True	1	0	118	52228	52228
Eleven (feat. Summer Walker)	Eleven (feat. Summer Walker)	Khalid	[]	2020-05-01	206080.0	58.0	False	True	3	0	157	19792	52185
Glitch	Midnights (3am Edition)	Taylor Swift	[]	2022-10-22	148781.0	57.0	False	True	1	0	198	52155	52155
Wake Up in the Sky	Wake Up in the Sky	Gucci Mane	['southern hip hop', 'rap', 'trap']	2018-09-14	204664.0	68.0	True	True	8	0	65	9055	52065
Howell Station Ssgar		William Laura IiO							1	0	51	51855	51855
forever rain	mono.	RM	['k-pop', 'k-rap']	2018-10-23	271805.0	53.0	False	True	5	0	25	16812	51853
Alyce Branch Ema		William Laura IiO							1	0	52	51780	51780
Người Khác (pianoRnB)		Unknown Artist							9	0	114	6768	51752
g9 (Outro)	dreaAMEE	AMEE	['v-pop', 'vietnamese hip hop', 'vietnam indie', 'vietnamese lo-fi']	2020-06-20	88767.0	21.0	False	True	2	0	116	26989	51701
It’s Nice To Have A Friend	Lover	Taylor Swift	[]	2019-08-23	150440.0	60.0	False	True	2	0	54	35561	51661
Em Ve Tinh Khoi	Da khuc duong cam - Le Hieu acoustic	Lê Hiếu	['v-pop', 'vietnam indie', 'vietnamese bolero', 'vietnamese hip hop', 'vinahouse']	2010-05-17	318093.0	24.0	False	True	8	0	86	8140	51626
Đoản Xuân Ca	Bao Giờ Lấy Chồng	Bích Phương	['v-pop', 'vietnamese hip hop', 'vietnamese lo-fi', 'vinahouse', 'vietnam indie']	2017-01-16	205505.0	41.0	False	True	2	0	117	45023	51344
Set Fire to the Rain	21	Adele	['soft pop']	2011-01-24	242973.0	78.0	False	True	5	0	173	32890	51322
Hold On	30	Adele	['soft pop']	2021-11-19	366004.0	58.0	False	True	1	0	106	51267	51267
Nobody	Stardom	Vũ Cát Tường	['v-pop', 'vietnam indie']	2018-10-18	325979.0	17.0	False	True	4	0	14	21886	51265
Run (feat. Ed Sheeran) (Taylor’s Version) (From The Vault)	Red (Taylor's Version)	Taylor Swift	[]	2021-11-12	240226.0	59.0	False	True	1	0	97	51250	51250
Back to You (feat. Bebe Rexha & Digital Farm Animals)	Back to You (feat. Bebe Rexha & Digital Farm Animals)	Louis Tomlinson	[]	2017-07-21	190427.0	60.0	True	True	11	0	173	4929	50916
Cơn Mưa Ngang Qua - Remix 2022	Cơn Mưa Ngang Qua (Remix 2022)	Sơn Tùng M-TP	['v-pop', 'vinahouse', 'vietnamese hip hop']	2022-07-06	233365.0	32.0	False	True	1	0	152	50905	50905
Gimme Love	Nectar	Joji	[]	2020-09-24	214557.0	65.0	False	True	2	0	115	26989	50818
Con La Brisa	Black Panther: Wakanda Forever - Music From and Inspired By	Foudeqush	[]	2022-11-11	167386.0	58.0	False	True	1	0	193	50771	50771
Vung la Me Bay		Vo Vinh Du							10	0	119	6305	50745
Sự Im Lặng Dễ Chịu (New Version)	Hết Yêu...Từ Bao Giờ	Lê Hiếu	['v-pop', 'vietnam indie', 'vietnamese bolero', 'vietnamese hip hop', 'vinahouse']	2024-11-27	227882.0	15.0	False	True	6	0	64	10473	50731
Sticker	Sticker - The 3rd Album	NCT 127	['k-pop']	2021-09-17	227773.0	49.0	False	True	1	0	81	50585	50585
Girls (feat. Charli XCX, Cardi B & Bebe Rexha)	Phoenix (Deluxe)	Rita Ora	[]	2018-11-23	221153.0	31.0	True	True	7	0	48	11542	50412
Không Còn Mùa Thu	Tình Ca Mùa Thu	Hoàng Dũng	['v-pop', 'vietnam indie', 'vietnamese lo-fi', 'vietnamese hip hop']	2018-09-21	237355.0	19.0	False	True	6	0	58	9531	50284
Me & You	WE	EXID	['k-pop']	2019-05-15	203506.0	40.0	False	True	3	0	41	25400	50265
‘tis the damn season	evermore (deluxe version)	Taylor Swift	[]	2021-01-07	229840.0	59.0	False	True	1	0	87	50256	50256
Chắc Ai Đó Sẽ Về	m-tp M-TP	Sơn Tùng M-TP	['v-pop', 'vinahouse', 'vietnamese hip hop']	2017-04-01	262164.0	50.0	False	True	2	0	174	31150	50101
Hardest To Love	After Hours	The Weeknd	[]	2020-03-20	211400.0	61.0	True	True	2	0	106	28548	49878
Hạ Còn Vương Nắng - Lofi Chill		Vu Trung Quan							2	0	194	25063	49782
Sanctuary	Nectar	Joji	[]	2020-09-24	180018.0	71.0	False	True	3	0	72	20417	49753
Better	Nobody Is Listening	ZAYN	[]	2021-01-15	174520.0	51.0	False	True	2	0	150	24883	49716
Whenever (feat. Conor Maynard)	Whenever (feat. Conor Maynard)	Kris Kross Amsterdam	[]	2018-06-22	163636.0	52.0	True	True	7	0	67	9478	49684
Lúc Em Cần Anh Đang Ở Đâu	Lúc Em Cần Anh Đang Ở Đâu	Bảo Uyên	['v-pop', 'vinahouse', 'vietnamese lo-fi']	2022-10-06	318545.0	33.0	False	True	1	0	185	49607	49607
Punch	NCT #127 Neo Zone: The Final Round – The 2nd Album Repackage	NCT 127	['k-pop']	2020-05-19	204000.0	38.0	False	True	2	0	103	27903	49469
Rock with you	SEVENTEEN 9th Mini Album 'Attacca'	SEVENTEEN	['k-pop']	2021-10-22	180360.0	64.0	False	True	1	0	101	49395	49395
LA DI DA	-77.82x-78.29	EVERGLOW	['k-pop']	2020-09-21	210893.0	57.0	False	True	2	0	132	27315	49384
Trong Tri Nho Cua Anh Cover - Original	Trong Tri Nho Cua Anh Cover (Original)	ERIK	['v-pop', 'vietnamese lo-fi', 'vinahouse', 'vietnam indie']	2018-05-25	251448.0	38.0	False	True	3	0	185	17731	49340
_WORLD	SEVENTEEN 4th Album Repackage 'SECTOR 17'	SEVENTEEN	['k-pop']	2022-07-18	178453.0	61.0	False	True	1	0	153	49255	49255
Jocelyn Flores	17	XXXTENTACION	['emo rap']	2017-08-25	119133.0	76.0	True	True	7	0	46	11447	49244
Chasing Fire	I met you when I was 18. (the playlist)	Lauv	[]	2018-05-31	205267.0	57.0	False	True	7	0	81	10177	49149
Obsession	OBSESSION – The 6th Album	EXO	['k-pop']	2019-11-27	203520.0	55.0	False	True	2	0	55	31110	49125
BELIEVE IT	PARTYMOBILE	PARTYNEXTDOOR	['r&b']	2020-03-27	183219.0	59.0	True	True	2	0	111	28354	49023
Keira Springs Bsonc		David Sarah UuI							1	0	60	49007	49007
Woman Like Me	30	Adele	['soft pop']	2021-11-19	300247.0	55.0	False	True	1	0	110	48904	48904
Gửi Anh Xa Nhớ (Beat)		Bích Phương							7	0	67	8644	48822
Cool	Happiness Begins	Jonas Brothers	[]	2019-06-07	167106.0	54.0	False	True	4	0	75	16096	48799
Carolina - From The Motion Picture “Where The Crawdads Sing”	Carolina (From The Motion Picture “Where The Crawdads Sing”)	Taylor Swift	[]	2022-06-24	264438.0	59.0	False	True	1	0	140	48695	48695
Đường Về Quê	Gala Nhạc Việt 9: Chúc Tết Mọi Nhà	Bùi Anh Tuấn	['v-pop', 'vietnamese lo-fi']	2017-01-04	241673.0	42.0	False	True	1	0	198	48675	48675
Klein Lodge Sthe		David Sarah UuI							1	0	61	48675	48675
(tôi) ĐI TRÚ ĐÔNG	3 (tuyển tập nhạc Ngọt mới trẻ sôi động 2019)	Ngọt	['vietnam indie', 'v-pop', 'vietnamese hip hop']	2019-06-10	245819.0	32.0	False	True	2	0	72	28431	48494
I Knew You Were Trouble (Taylor's Version)	Red (Taylor's Version)	Taylor Swift	[]	2021-11-12	219760.0	68.0	False	True	1	0	101	48450	48450
Violeta	HEART*IZ	IZ*ONE	['k-pop']	2019-04-01	200912.0	53.0	False	True	3	0	53	19247	48447
One Second - Unplugged	Trạm Không Gian Số 0 (Unplugged)	Vũ Cát Tường	['v-pop', 'vietnam indie']	2021	241734.0	19.0	False	True	4	0	18	20445	48426
HELLO	THE SECOND STEP : CHAPTER TWO	TREASURE	['k-pop']	2022-10-04	181432.0	55.0	False	True	1	0	196	48416	48416
Jewel Ford Ivi		David Sarah UuI							1	0	62	48358	48358
Understand	MELOH	MELOH	['k-rap']	2021-01-02	160104.0	47.0	False	True	1	0	153	48351	48351
Buồn Của Anh	Buồn Của Anh	K-ICM	['v-pop', 'vinahouse', 'vietnam indie', 'vietnamese lo-fi', 'vietnamese hip hop']	2019-02-26	288008.0	39.0	False	True	8	0	104	7315	48331
Phiêu Lưu Ký (feat. Dế Choắt)	Rap Việt Tập 11	RAP VIỆT	['vietnamese hip hop', 'v-pop']	2020-10-16	204800.0	15.0	False	True	2	0	166	25823	48303
Deanna Junctions Ninl		David Sarah UuI							1	0	63	48292	48292
Xui Hay Vui	Xui Hay Vui	tlinh	['v-pop', 'vietnamese hip hop', 'vietnam indie', 'vietnamese lo-fi', 'vinahouse']	2023-01-03	162947.0	33.0	False	True	1	0	200	48267	48267
Mùa Mưa Ngâu Nằm Cạnh	Mùa Mưa Ngâu Nằm Cạnh	Vũ.	['v-pop', 'vietnam indie', 'vietnamese lo-fi']	2018-03-28	271856.0	37.0	False	True	2	0	190	34668	48266
Garrick Crest Proh		David Sarah UuI							1	0	64	48252	48252
Thơ	Thơ	Low G	['vietnamese hip hop', 'v-pop', 'vietnam indie']	2022-09-28	154286.0	29.0	False	True	1	0	199	48157	48157
Krazy (feat. EVY)	Krazy (feat. EVY)	Touliver	['v-pop', 'vietnamese hip hop', 'vinahouse', 'vietnam indie']	2018-01-31	228750.0	41.0	True	True	5	0	179	20285	48048
Gucci in Town	Stardom	Vũ Cát Tường	['v-pop', 'vietnam indie']	2018-10-18	257109.0	16.0	False	True	4	0	16	20519	47994
I Knew You Were Trouble.	Red (Big Machine Radio Release Special)	Taylor Swift	[]	2012-10-22	219720.0	72.0	False	True	4	0	145	14370	47924
Nhớ người yêu	Nhớ Người Yêu (Valentine Tình Yêu)	Dan Nguyen	['vietnamese bolero', 'bolero', 'vinahouse', 'v-pop']	2014-02-14	254563.0	22.0	False	True	6	0	68	11414	47897
Diễm Xưa	Diễm Xưa	Kiên Trịnh	['vietnam indie', 'v-pop']	2022-06-11	191492.0	35.0	False	True	1	0	150	47826	47826
Chắc Anh Đang (Remix)	Chắc Anh Đang (Remix)	Tiên Tiên	['v-pop', 'vietnam indie', 'vinahouse', 'vietnamese lo-fi']	2018-02-15	211696.0	13.0	False	True	9	0	127	6149	47799
When We Were Young	25	Adele	['soft pop']	2015-11-20	290900.0	74.0	False	True	2	0	110	43119	47744
Cùng Anh	Cùng Anh	Ngọc Dolil	['v-pop', 'vietnam indie', 'vietnamese hip hop', 'vinahouse']	2023-03-22	197513.0	33.0	False	True	2	0	16	24627	47623
Like It Is	Like It Is	Kygo	['tropical house']	2020-03-27	183067.0	50.0	False	True	2	0	144	24347	47435
Love Is A Game	30	Adele	['soft pop']	2021-11-19	403044.0	58.0	False	True	1	0	115	47382	47382
Hold Me Closer	Hold Me Closer	Elton John	[]	2022-08-26	202245.0	68.0	False	True	1	0	184	47346	47346
give it to me	Agust D	Agust D	['k-pop', 'k-rap']	2016-08-16	149524.0	59.0	True	True	1	0	137	47209	47209
I'll Be There	Always in Between (Deluxe)	Jess Glynne	[]	2018-10-12	194386.0	63.0	False	True	8	0	92	7748	47135
Queen of Hearts	BETWEEN 1&2	TWICE	['k-pop']	2022-08-26	186946.0	49.0	False	True	1	0	185	47108	47108
Burn It (feat. MAX)	D-2	Agust D	['k-pop', 'k-rap']	2020-05-22	192106.0	61.0	False	True	1	0	51	47075	47075
Người Đáng Thương Là Anh	Người Đáng Thương Là Anh	Only C	['v-pop', 'vietnamese hip hop', 'vinahouse', 'vietnamese lo-fi']	2022-08-03	291995.0	49.0	False	True	1	0	165	47044	47044
Em Không Quay Về	Hoàng Tôn: The Hits Collection	Hoàng Tôn	['v-pop', 'vietnamese hip hop', 'vinahouse']	2015-01-01	266933.0	45.0	False	True	6	0	90	14418	46999
Dẫu Nhớ Gấp Trăm Lần	Hôm Qua Hôm Nay Và Sau Này	Nguyên Hà	['v-pop', 'vietnam indie']	2020-10-06	214000.0	20.0	False	True	2	0	141	25081	46993
Christmas Tree - Inst.	Our Beloved Summer (Original Television Soundtrack), Pt. 5	V	['k-pop']	2021-12-24	209946.0	47.0	False	True	1	0	122	46961	46961
chiếc hộp	chiếc hộp	Bích Phương	['v-pop', 'vietnamese hip hop', 'vietnamese lo-fi', 'vinahouse', 'vietnam indie']	2021-11-11	216062.0	10.0	False	True	1	0	104	46909	46909
Celina	Celina	WEAN	['v-pop', 'vietnamese hip hop', 'vietnam indie', 'vietnamese lo-fi']	2022-09-09	205860.0	29.0	False	True	1	0	184	46873	46873
Goodbye (feat. Nicki Minaj & Willy William)	Goodbye (feat. Nicki Minaj & Willy William)	Jason Derulo	[]	2018-08-24	195419.0	52.0	False	True	8	0	104	7088	46868
Anh Đang Nơi Đâu	Anh Đang Nơi Đâu	Miu Lê	['v-pop', 'vietnamese hip hop', 'vinahouse', 'vietnamese lo-fi']	2020-01-01	200936.0	35.0	False	True	8	0	142	7645	46867
NGÀY MAI LÀ TƯƠNG LAI (feat. Obito)	Rap Việt Season 2 - Tập 6	RAP VIỆT	['vietnamese hip hop', 'v-pop']	2021-11-22	170571.0	31.0	False	True	1	0	107	46708	46708
my strange addiction	WHEN WE ALL FALL ASLEEP, WHERE DO WE GO?	Billie Eilish	[]	2019-03-29	179889.0	71.0	False	True	4	0	85	14190	46465
REMEDY	REMEDY	Alesso	['edm']	2018-08-31	190295.0	58.0	False	True	7	0	93	7676	46380
vâng anh đi đi (liu riu version)	vâng anh đi đi (liu riu version)	Bích Phương	['v-pop', 'vietnamese hip hop', 'vietnamese lo-fi', 'vinahouse', 'vietnam indie']	2021-10-07	219000.0	10.0	False	True	1	0	98	46352	46352
Bet On Me	No Nê	Suboi	['vietnamese hip hop', 'v-pop', 'vietnam indie']	2021-07-15	224894.0	16.0	True	True	2	0	119	23311	46332
Want To	Want To	Dua Lipa	['pop']	2018-09-06	211817.0	48.0	False	True	6	0	56	10392	46303
Blue Eyes	Letter To Myself - The 6th Mini Album	TAEYEON	['k-pop', 'k-ballad']	2024-11-18	181822.0	47.0	False	True	3	0	35	22461	46213
FEFE (feat. Nicki Minaj & Murda Beatz)	DUMMY BOY (Revised)	6ix9ine	[]	2018	179404.0	64.0	True	True	7	0	75	8073	46178
tolerate it	evermore	Taylor Swift	[]	2020-12-11	245440.0	67.0	True	True	1	0	99	46090	46090
Rằm Tháng 7 (feat. R.Tee)	Rap Việt, Vòng 1	RAP VIỆT	['vietnamese hip hop', 'v-pop']	1900-01-01	204521.0	15.0	False	True	2	0	194	23327	46062
Real Friends	Camila	Camila Cabello	['pop']	2018-01-12	214386.0	49.0	False	True	8	0	168	9350	45904
ZEZE (feat. Travis Scott & Offset)	Dying to Live	Kodak Black	[]	2018-12-14	228759.0	72.0	True	True	8	0	132	6745	45755
NVMD	NVMD	Denise Julia	['pinoy r&b']	2022-02-04	181224.0	68.0	True	True	1	0	149	45736	45736
Higher Power	Higher Power	Coldplay	[]	2021-05-07	211294.0	65.0	False	True	1	0	101	45724	45724
Is There Someone Else?	Dawn FM	The Weeknd	[]	2022-01-06	199111.0	77.0	False	True	1	0	136	45489	45489
LOVE COUNTDOWN (Feat. Wonstein)	IM NAYEON	NAYEON	['k-pop']	2022-06-24	197613.0	58.0	False	True	1	0	151	45424	45424
See U Later	SQUARE UP	BLACKPINK	['k-pop']	2018-06-15	198866.0	51.0	False	True	2	1	9	32823	45365
BỎ TÚI (feat. B-Wine & VSOUL)	Rap Việt Season 2 - Tập 8	RAP VIỆT	['vietnamese hip hop', 'v-pop']	2021-12-06	238139.0	28.0	False	True	1	0	130	45342	45342
If We Have Each Other	Narrated For You	Alec Benjamin	[]	2018-11-16	181522.0	72.0	False	True	6	0	150	9153	45318
RAVE	RAVE	Dxrk ダーク	['phonk', 'drift phonk']	2022-03-18	169245.0	69.0	False	True	1	0	156	45297	45297
Youth (feat. Khalid)	Shawn Mendes	Shawn Mendes	['pop']	2018-05-25	190866.0	57.0	False	True	3	0	12	18410	45286
22 (Taylor's Version)	Red (Taylor's Version)	Taylor Swift	[]	2021-11-12	230960.0	68.0	False	True	1	0	117	45247	45247
Cry for Me	Romance	Camila Cabello	['pop']	2019-12-06	189133.0	46.0	False	True	2	0	80	23923	45178
RISE	RISE	League of Legends	[]	2018-09-28	192881.0	65.0	False	True	7	0	60	8823	45154
Falling Down - Bonus Track	Come Over When You're Sober, Pt. 2	Lil Peep	['emo rap', 'cloud rap']	2018-11-09	196400.0	80.0	False	True	5	0	33	12859	44925
Chẳng Biết Điều Gì	Chẳng Biết Điều Gì	Da LAB	['v-pop', 'vietnamese hip hop', 'vietnam indie', 'vietnamese lo-fi', 'vinahouse']	2020-12-08	230398.0	26.0	False	True	2	0	162	23868	44886
달라달라 DALLA DALLA		ITZY							2	0	11	34491	44866
Nocturnal	Take	SHAUN	['k-pop']	2018-06-27	264015.0	34.0	False	True	6	0	47	10628	44797
Universe (Let's Play Ball)	Universe (Let's Play Ball)	NCT U	['k-pop']	2021-12-10	231466.0	47.0	False	True	1	0	133	44759	44759
Vì Sao	Vì Sao	Chillies	['v-pop', 'vietnam indie', 'vietnamese lo-fi', 'vietnamese hip hop']	2022-07-08	274951.0	28.0	False	True	1	0	150	44717	44717
DUMDi DUMDi	DUMDi DUMDi	(G)I-DLE	['k-pop']	2020-08-03	210640.0	50.0	False	True	2	0	149	24571	44655
The Other Side (from Trolls World Tour)	The Other Side (from Trolls World Tour)	SZA	['r&b']	2020-02-26	188186.0	57.0	False	True	2	0	151	23417	44616
LẦN CUỐI (đi bên em xót xa người ơi)	3 (tuyển tập nhạc Ngọt mới trẻ sôi động 2019)	Ngọt	['vietnam indie', 'v-pop', 'vietnamese hip hop']	2019-06-10	222846.0	52.0	False	True	2	0	83	26435	44546
Give You My Heart	Crash Landing on You OST Part 11	IU	['k-pop', 'k-ballad']	2020-02-15	280360.0	50.0	False	True	2	0	144	24067	44497
Apologize	Shock Value	Timbaland	[]	2007-04-02	184400.0	72.0	False	True	9	0	141	6160	44451
Gasoline	Dawn FM	The Weeknd	[]	2022-01-06	212165.0	64.0	False	True	1	0	139	44445	44445
dreAMEE (intro)	dreaAMEE	AMEE	['v-pop', 'vietnamese hip hop', 'vietnam indie', 'vietnamese lo-fi']	2020-06-20	39931.0	21.0	False	True	2	0	147	24209	44361
Hạnh Phúc Xuân Ngời	Hạnh Phúc Xuân Ngời	Noo Phước Thịnh	['v-pop', 'vinahouse', 'vietnamese lo-fi']	2017-01-19	234540.0	37.0	False	True	1	0	119	44336	44336
Đã Đến Lúc	Đã Đến Lúc	SOOBIN	['v-pop', 'vietnamese hip hop', 'vietnamese lo-fi', 'vietnam indie', 'vinahouse']	2019-04-13	268480.0	26.0	False	True	4	0	145	11518	44296
Là Mây Trên Bầu Trời Ai Đó	Là Mây Trên Bầu Trời Ai Đó	ERIK	['v-pop', 'vietnamese lo-fi', 'vinahouse', 'vietnam indie']	2022-07-10	277241.0	11.0	False	True	1	0	175	43944	43944
All Is Found	Frozen 2 (Original Motion Picture Soundtrack/Deluxe Edition)	Evan Rachel Wood	[]	2019-11-15	125439.0	63.0	False	True	2	0	111	22520	43921
Lose Control	Lose Control	MEDUZA	[]	2019-10-11	168387.0	66.0	False	True	2	0	163	21979	43783
happiness	evermore	Taylor Swift	[]	2020-12-11	315146.0	60.0	True	True	1	0	113	43693	43693
Young & Alive	Infinite Dream	Bazzi	[]	2022-09-16	160465.0	52.0	True	True	2	0	171	21909	43677
This Love	Stardom	Vũ Cát Tường	['v-pop', 'vietnam indie']	2018-10-18	203434.0	12.0	False	True	4	0	23	18239	43648
Đếm Ngày Xa Em	Đếm Ngày Xa Em	Only C	['v-pop', 'vietnamese hip hop', 'vinahouse', 'vietnamese lo-fi']	2016-06-22	256691.0	49.0	False	True	1	0	167	43644	43644
Tuổi Đá Buồn	Tuổi Đá Buồn	Juky San	['v-pop', 'vietnamese lo-fi', 'vietnamese hip hop', 'vietnam indie']	2022-06-07	247804.0	28.0	False	True	1	0	170	43155	43155
Mảnh Ghép	Mảnh Ghép	Andiez	['v-pop', 'vietnamese lo-fi', 'vietnam indie']	2018-08-30	230687.0	17.0	False	True	5	0	50	10125	43070
Child	Child - SM STATION : NCT LAB	MARK	['k-pop']	2022-02-04	211069.0	51.0	False	True	1	0	133	42960	42960
Follow God	JESUS IS KING	Kanye West	['rap']	2019-10-25	104591.0	70.0	False	True	2	0	102	23436	42942
Moral of the Story	Ashlyn	Ashe	[]	2021-05-07	201016.0	72.0	True	True	2	0	174	22536	42909
coney island (feat. The National)	evermore (deluxe version)	Taylor Swift	[]	2021-01-07	275320.0	58.0	False	True	1	0	118	42882	42882
Về Nhà Ăn Tết	Về Nhà Ăn Tết	BigDaddy	['v-pop', 'vietnamese hip hop', 'vinahouse', 'vietnam indie']	2017-01-25	241384.0	37.0	False	True	1	0	126	42699	42699
Alice	Chromatica	Lady Gaga	['art pop', 'pop']	2020-05-29	177600.0	57.0	False	True	1	0	55	42649	42649
Water Ripples	Water Ripples	Enno Aare	[]	2015-06-14	187477.0	18.0	False	True	7	0	157	8651	42647
Just the Way You Are	Doo-Wops & Hooligans	Bruno Mars	[]	2010-05-11	220734.0	83.0	False	True	8	0	163	6919	42546
everythingoes (with Nell)	mono.	RM	['k-pop', 'k-rap']	2018-10-23	222493.0	52.0	False	True	4	0	32	16503	42500
Put Your Records On	Put Your Records On	Ritt Momney	['bedroom pop']	2020-04-24	210463.0	65.0	False	True	2	0	196	22547	42432
Lời Chưa Nói	Summer Love	Trịnh Thăng Bình	['v-pop', 'vinahouse', 'vietnamese lo-fi']	2011-09-30	256120.0	39.0	False	True	7	0	139	7794	42418
Xuân Xuân Ơi Xuân Đã Về		Bích Phương							1	0	128	42344	42344
Anh	Anh (Vol.7)	Hồ Quỳnh Hương	['v-pop']	2010-08-16	311824.0	26.0	False	True	5	0	64	12856	42261
BREAK MY SOUL	RENAISSANCE	Beyoncé	[]	2022-07-29	278281.0	64.0	False	True	1	0	171	42185	42185
11 Minutes (with Halsey feat. Travis Barker)	11 Minutes (with Halsey feat. Travis Barker)	YUNGBLUD	[]	2019-02-14	239507.0	59.0	True	True	4	0	68	13021	42133
Birthday	Birthday	Anne-Marie	[]	2020-02-07	181466.0	49.0	False	True	2	0	143	21818	42008
Show Yourself	Frozen 2 (Original Motion Picture Soundtrack/Deluxe Edition)	Idina Menzel	['musicals']	2019-11-15	260906.0	66.0	False	True	2	0	110	22560	41868
Believers	Believers	Alan Walker	[]	2021-05-14	159077.0	46.0	False	True	1	0	124	41728	41728
1 step forward, 3 steps back	SOUR	Olivia Rodrigo	[]	2021-05-21	163586.0	73.0	True	True	1	0	135	41715	41715
Trôi	Trôi	Kha	['v-pop', 'vietnamese lo-fi', 'vietnam indie', 'vietnamese hip hop', 'vinahouse']	2022-06-17	264765.0	19.0	False	True	1	0	176	41587	41587
Chúc Tết Mọi Nhà (feat. Noo Phước Thịnh)	Chúc Tết Mọi Nhà (feat. Noo Phước Thịnh)	Hồ Ngọc Hà	['v-pop', 'vinahouse']	2017-02-06	253441.0	36.0	False	True	1	0	133	41491	41491
Light It Up (with Tyga & Chris Brown)	Light It Up (with Tyga & Chris Brown)	Marshmello	['edm']	2019-04-25	137448.0	47.0	True	True	3	0	74	16386	41456
Xin loi anh qua phien	Ten On Ten	Đông Nhi	['v-pop', 'vinahouse']	2018-12-13	245161.0	13.0	False	True	5	0	62	10577	41431
The Party Song	Stardom	Vũ Cát Tường	['v-pop', 'vietnam indie']	2018-10-18	185429.0	7.0	False	True	4	0	29	17113	41368
virgo	virgo	Jadu Jadu	['lo-fi house']	2018-10-26	61022.0	45.0	False	True	2	0	184	20963	41298
Trên Chuyến Xe Lên Đà Lạt Chiều Nay	Yêu Rồi Yêu Rồi Yêu	Tóc Tiên	['v-pop', 'vietnamese lo-fi', 'vietnam indie', 'vietnamese bolero']	2021-12-16	233242.0	10.0	False	True	1	0	150	41212	41212
This Moment	Talisman Stallion	Bela Nemeth	[]	2017-01-01	154663.0	12.0	False	True	6	0	154	10188	41122
Honsool	D-2	Agust D	['k-pop', 'k-rap']	2020-05-22	219808.0	51.0	True	True	1	0	61	41097	41097
Em Là Điểm Yếu Của Anh	Trạm Cảm Xúc	traitimtrongvang	['v-pop']	2021-07-05	212631.0	8.0	False	True	1	0	141	40967	40967
We Are Never Ever Getting Back Together (Taylor's Version)	Red (Taylor's Version)	Taylor Swift	[]	2021-11-12	193146.0	69.0	False	True	1	0	138	40936	40936
Love Me More	Love Me More	Sam Smith	['soft pop']	2022-04-28	190658.0	56.0	False	True	1	0	176	40916	40916
Potion (with Dua Lipa & Young Thug)	Potion (with Dua Lipa & Young Thug)	Calvin Harris	['edm']	2022-05-27	214459.0	58.0	True	True	1	0	181	40890	40890
NGỌN NẾN (feat. Coldzy)	Rap Việt Season 2 - Tập 4	RAP VIỆT	['vietnamese hip hop', 'v-pop']	2021-11-08	187200.0	21.0	False	True	1	0	139	40784	40784
Where You From	Skool Luv Affair	BTS	['k-pop']	2014-02-12	240106.0	47.0	False	True	1	0	180	40627	40627
fake smile	thank u, next	Ariana Grande	['pop']	2019-02-08	208880.0	58.0	True	True	3	0	25	21424	40583
Sài Gòn Đau Lòng Quá - Live at XHTĐRLX	Xuân Hạ Thu Đông, rồi lại Xuân (Tập 10)	Forest Studio	['v-pop', 'vietnam indie', 'vietnamese lo-fi']	2021-03-25	296500.0	20.0	False	True	1	0	127	40511	40511
We Are The People (feat. Bono & The Edge) - Official UEFA EURO 2020 Song	We Are The People (feat. Bono & The Edge) [Official UEFA EURO 2020 Song]	Martin Garrix	['edm', 'electronica', 'progressive house']	2021-05-13	217000.0	53.0	False	True	1	0	130	40390	40390
Cross Your Mind	Bridges	Calum Scott	['soft pop']	2022-06-17	212950.0	48.0	False	True	1	0	190	40315	40315
Wanted	Human (Deluxe)	OneRepublic	['soft pop']	2021-08-27	136247.0	45.0	False	True	2	0	74	24000	40272
Future Nostalgia	Future Nostalgia	Dua Lipa	['pop']	2020-03-27	184881.0	52.0	False	True	1	0	62	40258	40258
Tâm Sự Với Người Lạ	Tâm Sự Với Người Lạ	Tiên Cookie	['v-pop', 'vietnamese hip hop', 'vietnam indie']	2016-01-15	258793.0	37.0	False	True	8	0	166	6215	40167
When You Knock On The Door	When You Knock On The Door	hooligan.	['vietnamese lo-fi', 'v-pop', 'vietnam indie']	2021-12-09	237810.0	19.0	False	True	1	0	157	40159	40159
uhgood	mono.	RM	['k-pop', 'k-rap']	2018-10-23	194384.0	51.0	False	True	4	0	34	16037	39930
Rolling in the Deep	21	Adele	['soft pop']	2011-01-24	228093.0	76.0	False	True	1	0	125	39888	39888
Ta Còn Yêu Nhau	Ta Còn Yêu Nhau	Đức Phúc	['v-pop', 'vinahouse', 'vietnam indie']	2017	206968.0	34.0	False	True	4	0	31	14653	39781
Bloom	Bloom	Troye Sivan	[]	2018-08-31	222096.0	53.0	False	True	6	0	41	10955	39751
9 and Three Quarters (Run Away)	The Dream Chapter: MAGIC	TOMORROW X TOGETHER	['k-pop']	2019-10-21	211866.0	60.0	False	True	2	0	128	20182	39710
MIDDLE CHILD	MIDDLE CHILD	J. Cole	['rap']	2019-01-23	213593.0	74.0	True	True	4	0	65	12554	39646
Baby (feat. MARINA & Luis Fonsi)	Baby (feat. MARINA & Luis Fonsi)	Clean Bandit	[]	2018-11-02	205440.0	52.0	False	True	4	0	27	14350	39566
Interlude : Set me free	D-2	Agust D	['k-pop', 'k-rap']	2020-05-22	140198.0	52.0	False	True	1	0	64	39520	39520
Beatbox	Beatbox - The 2nd Album Repackage	NCT DREAM	['k-pop']	2022-05-30	205133.0	54.0	False	True	1	0	183	39413	39413
NO PROBLEM (Feat. Felix of Stray Kids)	IM NAYEON	NAYEON	['k-pop']	2022-06-24	196160.0	55.0	False	True	1	0	199	39323	39323
Message In A Bottle (Taylor's Version) (From The Vault)	Red (Taylor's Version)	Taylor Swift	[]	2021-11-12	225960.0	66.0	False	True	1	0	149	39300	39300
lửa gần rơm lâu ngày cũng bén	lửa gần rơm lâu ngày cũng bén	Phùng Khánh Linh	['v-pop', 'vietnam indie', 'city pop']	2021-12-28	156500.0	17.0	False	True	1	0	155	39219	39219
EARFQUAKE	IGOR	Tyler, The Creator	[]	2019-05-17	190066.0	79.0	True	True	3	0	101	15499	39148
Levels - Radio Edit	Levels	Avicii	['edm']	2011-10-28	199906.0	77.0	False	True	4	0	17	20057	39131
MY BAG	I NEVER DIE	(G)I-DLE	['k-pop']	2022-03-14	160520.0	60.0	False	True	1	0	188	39106	39106
Push My Luck	World War Joy	The Chainsmokers	[]	2019-12-06	181853.0	47.0	False	True	2	0	119	21653	39045
EM YÊU PUPPY (feat. Puppy)	RAP VIỆT 2024, Tập 2	RAP VIỆT	['vietnamese hip hop', 'v-pop']	2024-09-30	156000.0	36.0	False	True	1	0	151	38969	38969
Ánh Nắng Của Anh (Chờ Em Đến Ngày Mai OST)		Đức Phúc							5	0	68	8796	38948
Future Perfect (Pass the MIC)	MANIFESTO : DAY 1	ENHYPEN	['k-pop']	2022-07-04	180750.0	63.0	False	True	1	0	180	38906	38906
Nervous	Shawn Mendes	Shawn Mendes	['pop']	2018-05-25	164146.0	49.0	False	True	5	0	46	12468	38836
Nắng Thủy Tinh	Nắng Thủy Tinh	Hoàng Dũng	['v-pop', 'vietnam indie', 'vietnamese lo-fi', 'vietnamese hip hop']	2022-06-17	241050.0	24.0	False	True	1	0	200	38816	38816
Outro: Do You Think It Makes Sense?	Dark & Wild	BTS	['k-pop']	2014-08-20	172658.0	49.0	False	True	1	0	166	38664	38664
I Heard You’re Married (feat. Lil Wayne)	Dawn FM	The Weeknd	[]	2022-01-06	263641.0	56.0	True	True	1	0	163	38608	38608
strawberry moon	strawberry moon	IU	['k-pop', 'k-ballad']	2021-10-19	205333.0	52.0	False	True	1	0	149	38602	38602
dorothea	evermore (deluxe version)	Taylor Swift	[]	2021-01-07	225880.0	57.0	False	True	1	0	137	38569	38569
ghostin	thank u, next	Ariana Grande	['pop']	2019-02-08	271466.0	63.0	False	True	3	0	28	20410	38454
State Of Grace (Taylor's Version)	Red (Taylor's Version)	Taylor Swift	[]	2021-11-12	295413.0	60.0	False	True	1	0	154	38432	38432
DON QUIXOTE	SEVENTEEN 4th Album 'Face the Sun'	SEVENTEEN	['k-pop']	2022-05-27	172360.0	58.0	False	True	1	0	196	38382	38382
Kills You Slowly	World War Joy	The Chainsmokers	[]	2019-12-06	213320.0	43.0	True	True	3	0	70	15440	38340
RU MÌNH	3 (tuyển tập nhạc Ngọt mới trẻ sôi động 2019)	Ngọt	['vietnam indie', 'v-pop', 'vietnamese hip hop']	2019-06-10	126939.0	27.0	False	True	2	0	102	22813	38316
Ritual	Ritual	Tiësto	['edm', 'trance', 'big room', 'house', 'dance']	2019-05-31	198995.0	56.0	False	True	3	0	154	13643	38296
Chờ (Điều Tốt Nhất)	Ngày Ấy Và Sau Này	Cá Hồi Hoang	['vietnam indie', 'v-pop', 'vietnamese hip hop']	2021-05-14	248000.0	27.0	False	True	1	0	124	38248	38248
I Wanna Know (feat. Bea Miller)	I Wanna Know (feat. Bea Miller)	NOTD	[]	2018-03-16	197938.0	59.0	False	True	6	0	96	8109	38230
Outro: Luv in Skool	O!RUL8,2?	BTS	['k-pop']	2013-09-11	86044.0	50.0	False	True	1	0	170	38217	38217
Sour Grapes	FEARLESS	LE SSERAFIM	['k-pop']	2022-05-02	196540.0	66.0	False	True	1	0	187	38063	38063
Duyện Phận	Những Bài Hát Hay Nhất	Tố My	['vietnamese bolero', 'bolero']	2020-10-10	388869.0	3.0	False	True	4	0	56	12402	38047
How Do I Make You Love Me?	Dawn FM	The Weeknd	[]	2022-01-06	214214.0	61.0	False	True	1	0	170	38017	38017
Intro: Never Mind	The Most Beautiful Moment in Life Pt.2	BTS	['k-pop']	2015-11-30	136428.0	50.0	True	True	1	0	171	37978	37978
TẦNG TẦNG LỚP LOVE (feat. VSOUL)	Rap Việt Season 2 - Tập 12	RAP VIỆT	['vietnamese hip hop', 'v-pop']	2022-01-03	233668.0	24.0	False	True	1	0	163	37949	37949
Intro: 2 Cool 4 Skool	2 Cool 4 Skool	BTS	['k-pop']	2013-06-12	63786.0	51.0	False	True	1	0	174	37941	37941
Outro: House of Cards	The Most Beautiful Moment in Life Pt.2	BTS	['k-pop']	2015-11-30	177413.0	52.0	False	True	1	0	177	37815	37815
High	So Far So Good	The Chainsmokers	[]	2022-06-08	175163.0	56.0	True	True	1	0	155	37778	37778
Lo Vas A Olvidar (with ROSALÍA)	Lo Vas A Olvidar (with ROSALÍA)	Billie Eilish	[]	2021-01-21	203464.0	58.0	False	True	1	0	118	37758	37758
Payphone	Overexposed Track By Track	Maroon 5	['pop']	2012-01-01	231173.0	79.0	True	True	1	0	197	37591	37591
Outro: Circle Room Cypher	2 Cool 4 Skool	BTS	['k-pop']	2013-06-12	323640.0	43.0	False	True	1	0	178	37551	37551
Phonics Song	Gracie's Corner Kids Hits, Vol. 3	Gracie's Corner	"[""children's music""]"	2022-09-17	270967.0	40.0	False	True	1	0	191	37494	37494
Ai Là Người Thương Em?	Ai Là Người Thương Em?	Quân A.P	['v-pop', 'vietnamese lo-fi', 'vietnam indie']	2019-05-09	307103.0	42.0	False	True	3	0	182	13613	37443
Like (Slow Jam Remix)	Skool Luv Affair (Special Addition)	BTS	['k-pop']	2014-05-14	232691.0	44.0	False	True	1	0	179	37430	37430
Skit: Soulmate	Skool Luv Affair	BTS	['k-pop']	2014-02-12	92791.0	44.0	False	True	1	0	182	37377	37377
Intro: O!RUL8,2?	O!RUL8,2?	BTS	['k-pop']	2013-09-11	70531.0	50.0	False	True	1	0	183	37338	37338
Here We Go… Again (feat. Tyler, the Creator)	Dawn FM	The Weeknd	[]	2022-01-06	209777.0	58.0	True	True	1	0	176	37261	37261
up at night (feat. justin bieber)	up at night (feat. justin bieber)	Kehlani	[]	2022-03-30	182226.0	51.0	False	True	1	0	189	37240	37240
Thưởng Thức Nỗi Buồn	Trạm Cảm Xúc	Tiên Cookie	['v-pop', 'vietnamese hip hop', 'vietnam indie']	2021-07-05	230624.0	14.0	False	True	1	0	135	37103	37103
Skit: R U Happy Now?	O!RUL8,2?	BTS	['k-pop']	2013-09-11	148072.0	40.0	False	True	1	0	185	37079	37079
Skit: Circle Room Talk	2 Cool 4 Skool	BTS	['k-pop']	2013-06-12	131906.0	42.0	False	True	1	0	186	37001	37001
The Bones	GIRL	Maren Morris	['country']	2019-03-08	197293.0	61.0	False	True	4	0	165	9935	36920
Lost	JORDI (Deluxe)	Maroon 5	['pop']	2021-06-11	172597.0	59.0	False	True	1	0	127	36879	36879
Lạnh Từ Trong Tim	Lạnh Từ Trong Tim	Quang Vinh	['v-pop', 'vietnamese lo-fi']	2020-11-30	299519.0	25.0	False	True	1	0	142	36867	36867
brutal	SOUR	Olivia Rodrigo	[]	2021-05-21	143746.0	72.0	True	True	1	0	163	36865	36865
PLAYING WITH FIRE	SQUARE TWO	BLACKPINK	['k-pop']	2016-11-01	197288.0	67.0	False	True	1	0	121	36826	36826
Intro: Never Mind	The Most Beautiful Moment in Life Pt.2	BTS	['k-pop']	2015-11-30	136428.0	50.0	True	True	1	0	187	36825	36825
Anymore	XOXO	JEON SOMI	['k-pop']	2021-10-29	197701.0	47.0	False	True	1	0	155	36680	36680
Outro: Love Is Not Over	The Most Beautiful Moment in Life Pt.1	BTS	['k-pop']	2015-04-29	143862.0	49.0	False	True	1	0	191	36649	36649
Everyday	Bobby Tarantino II	Logic	[]	2018-03-09	204746.0	58.0	True	True	4	0	76	13079	36606
I Need U (Remix)	The Most Beautiful Moment in Life: Young Forever	BTS	['k-pop']	2016-05-02	223012.0	41.0	False	True	1	0	192	36600	36600
Mad Love	Mad Love The Prequel	Sean Paul	['dancehall']	2018-06-29	199944.0	59.0	False	True	5	0	132	9758	36455
Cho Tôi Lang Thang	Cho Tôi Lang Thang	Ngọt	['vietnam indie', 'v-pop', 'vietnamese hip hop']	2018-03-27	258784.0	54.0	False	True	7	0	154	5621	36428
Beach House	Sick Boy	The Chainsmokers	[]	2018-12-14	206120.0	47.0	False	True	4	0	31	13913	36425
Just Look Up (From Don’t Look Up)	Just Look Up (From Don’t Look Up)	Ariana Grande	['pop']	2021-12-03	201667.0	49.0	True	True	1	0	192	36405	36405
Intro: Skool Luv Affair	Skool Luv Affair	BTS	['k-pop']	2014-02-12	178282.0	45.0	False	True	1	0	193	36373	36373
Treacherous (Taylor's Version)	Red (Taylor's Version)	Taylor Swift	[]	2021-11-12	242720.0	60.0	False	True	1	0	171	36360	36360
Outro: Propose	Skool Luv Affair	BTS	['k-pop']	2014-02-12	122513.0	49.0	False	True	1	0	196	36315	36315
I Bet You Think About Me (feat. Chris Stapleton) (Taylor’s Version) (From The Vault)	Red (Taylor's Version)	Taylor Swift	[]	2021-11-12	285106.0	65.0	True	True	1	0	172	36258	36258
Run (Alternative Mix)	The Most Beautiful Moment in Life: Young Forever	BTS	['k-pop']	2016-05-02	236437.0	42.0	False	True	1	0	197	36190	36190
Stargazing	Stargazing - EP	Kygo	['tropical house']	2017-09-21	236853.0	61.0	False	True	6	0	181	9052	36121
Wandered To LA (with Justin Bieber)	Fighting Demons (Deluxe)	Juice WRLD	['melodic rap', 'emo rap']	2022-03-18	188833.0	57.0	True	True	1	0	195	36045	36045
Chạm Đáy Nỗi Đau	Chạm Đáy Nỗi Đau	ERIK	['v-pop', 'vietnamese lo-fi', 'vinahouse', 'vietnam indie']	2018-04-27	293192.0	48.0	False	True	4	0	48	12223	36028
911	Chromatica	Lady Gaga	['art pop', 'pop']	2020-05-29	172133.0	62.0	False	True	1	0	64	36024	36024
We Are Bulletproof Pt.2	2 Cool 4 Skool	BTS	['k-pop']	2013-06-12	223933.0	58.0	False	True	1	0	187	35995	35995
always, i'll care	love is not dying	Jeremy Zucker	[]	2020-04-17	146160.0	61.0	False	True	2	0	178	18071	35867
You Are The Reason - Duet Version	Only Human (Special Edition)	Calum Scott	['soft pop']	2018-11-30	190760.0	63.0	False	True	5	0	145	9679	35786
LUCKY BOY (feat. Dlow)	Rap Việt Season 2 - Tập 5	RAP VIỆT	['vietnamese hip hop', 'v-pop']	2021-11-15	149378.0	23.0	False	True	1	0	185	35745	35745
Man On The Moon	World Of Walker	Alan Walker	[]	2021-11-26	178625.0	57.0	False	True	1	0	166	35731	35731
Nothing New (feat. Phoebe Bridgers) (Taylor’s Version) (From The Vault)	Red (Taylor's Version)	Taylor Swift	[]	2021-11-12	258812.0	66.0	False	True	1	0	177	35728	35728
Bức Thư Tình Thứ Hai	Bức Thư Tình Thứ Hai	Hồ Quỳnh Hương	['v-pop']	2006	358055.0	26.0	False	True	6	0	110	6576	35547
Summertime Magic	Summer Pack	Childish Gambino	[]	2018-07-11	213600.0	55.0	False	True	4	0	35	12455	35536
Smile	Smile	Katy Perry	['pop']	2020-08-28	166898.0	47.0	False	True	1	0	83	35488	35488
Rainbow Halo	‘The ReVe Festival 2022 - Feel My Rhythm’	Red Velvet	['k-pop']	2022-03-21	208560.0	39.0	False	True	1	0	192	35453	35453
ivy	evermore	Taylor Swift	[]	2020-12-11	260440.0	61.0	True	True	1	0	149	35436	35436
Forever Yours - Avicii Tribute	Forever Yours (Avicii Tribute)	Kygo	['tropical house']	2020-01-24	193846.0	60.0	False	True	2	0	159	18171	35400
attention (with Justin Bieber)	attention (with Justin Bieber)	Omah Lay	['afrobeats', 'afrobeat', 'afropop', 'afro soul', 'alté', 'afroswing']	2022-03-03	180563.0	52.0	False	True	1	0	197	35238	35238
TẶNG MỘT MÓN QUÀ (feat. Phaos & J Jade)	Rap Việt Season 2 - Tập 9	RAP VIỆT	['vietnamese hip hop', 'v-pop']	2021-12-13	273000.0	18.0	False	True	1	0	189	35234	35234
Trigger	Trigger	Major Lazer	['moombahton']	2019-10-24	171986.0	44.0	False	True	2	0	151	18506	35205
Ket Nguyet	Ten On Ten	Đông Nhi	['v-pop', 'vinahouse']	2018-12-13	272000.0	5.0	False	True	4	0	46	12557	35124
Less Than Zero	Dawn FM	The Weeknd	[]	2022-01-06	211814.0	69.0	False	True	1	0	192	35101	35101
badbye (with eAeon)	mono.	RM	['k-pop', 'k-rap']	2018-10-23	112606.0	49.0	False	True	3	0	33	16124	34956
Hiếm Có Khó Tìm (feat. Han Sara)	Hiếm Có Khó Tìm (feat. Han Sara)	JSOL	['v-pop', 'vietnamese lo-fi', 'vietnamese hip hop']	2020-07-15	196981.0	14.0	False	True	1	0	82	34905	34905
Giàu Sang	Giàu Sang	Rhymastic	['v-pop', 'vietnamese hip hop', 'vietnam indie', 'vinahouse', 'vietnamese lo-fi']	2020-06-23	200727.0	16.0	False	True	1	0	81	34862	34862
Lost In Japan - Remix	Lost In Japan (Remix)	Shawn Mendes	['pop']	2018-09-27	201253.0	52.0	False	True	5	0	56	9464	34823
Sleigh Ride	A Christmas Gift For You From Phil Spector	The Ronettes	['christmas']	1963	181266.0	68.0	False	True	1	0	158	34789	34789
Insomnia	Insomnia	Daya	[]	2019-03-08	179745.0	54.0	False	True	3	0	130	12168	34787
Lava	No Nê	Suboi	['vietnamese hip hop', 'v-pop', 'vietnam indie']	2021-07-15	219039.0	16.0	False	True	1	0	129	34698	34698
long story short	evermore (deluxe version)	Taylor Swift	[]	2021-01-07	215920.0	58.0	False	True	1	0	157	34625	34625
I'm Not Cool	I'm Not Cool	HyunA	['k-pop']	2021-01-28	174173.0	50.0	False	True	1	0	143	34560	34560
Love Again	Future Nostalgia	Dua Lipa	['pop']	2020-03-27	258004.0	69.0	False	True	1	0	74	34475	34475
Chạy Về Nơi Phía Anh - Remix	Chạy Về Nơi Phía Anh (Remix)	Khắc Việt	['vinahouse', 'v-pop', 'vietnamese bolero']	2025-02-12	169682.0	11.0	False	True	1	0	189	34472	34472
Ở Nhà Quê Mới Lên (feat. Lăng LD)	Rap Việt Tập 14	RAP VIỆT	['vietnamese hip hop', 'v-pop']	2020-11-03	273750.0	20.0	False	True	1	0	120	34355	34355
Money In The Grave (Drake ft. Rick Ross)	The Best In The World Pack	Drake	['rap', 'hip hop']	2019-06-15	205426.0	70.0	True	True	2	0	102	17719	34327
Good News	Circles	Mac Miller	[]	2020-01-17	342040.0	67.0	False	True	2	0	176	18722	34283
1, 2, 3!	THE GREAT SEUNGRI	SEUNGRI	['k-pop']	2018-07-20	205304.0	35.0	False	True	4	0	38	12568	34250
Người Yêu Cũ	Người Yêu Cũ (Gửi Cho Anh 2)	Khởi My	['v-pop', 'vinahouse', 'vietnamese bolero']	2013-11-27	249796.0	39.0	False	True	4	0	107	13047	34224
Do We Have A Problem?	Do We Have A Problem?	Nicki Minaj	[]	2022-02-04	207065.0	48.0	True	True	1	0	182	34201	34201
Bad example	2019 - 2021	たかやん	['j-pop', 'j-rap', 'japanese indie']	2021-07-08	104269.0	46.0	False	True	1	0	195	34164	34164
Cold Blooded	Cold Blooded	Jessi	['k-pop', 'k-rap']	2021-10-12	150053.0	51.0	False	True	1	0	163	34133	34133
cowboy like me	evermore (deluxe version)	Taylor Swift	[]	2021-01-07	275040.0	59.0	True	True	1	0	160	34112	34112
I DID IT (feat. Post Malone, Megan Thee Stallion, Lil Baby & DaBaby)	KHALED KHALED	DJ Khaled	[]	2021-04-30	165366.0	50.0	True	True	1	0	154	34079	34079
Blurred Lines		Oda Kirkwood							1	0	88	34066	34066
Một Nhà	Một Nhà	Da LAB	['v-pop', 'vietnamese hip hop', 'vietnam indie', 'vietnamese lo-fi', 'vinahouse']	2015-08-17	185643.0	45.0	False	True	7	0	151	5853	33960
Mẩy Thật Mẩy		BigDaddy							1	0	161	33816	33816
Dawn FM	Dawn FM	The Weeknd	[]	2022-01-06	96240.0	52.0	False	True	1	0	200	33765	33765
These Are The Times (feat. JRM)	These Are The Times (feat. JRM)	Martin Garrix	['edm', 'electronica', 'progressive house']	2019-07-18	188656.0	45.0	False	True	2	0	117	19132	33656
Còn Lại Gì?	Vũ Trụ Song Song	Vũ.	['v-pop', 'vietnam indie', 'vietnamese lo-fi']	2019-11-06	275999.0	32.0	False	True	2	0	98	17103	33609
Hallucinate	Future Nostalgia	Dua Lipa	['pop']	2020-03-27	208505.0	62.0	False	True	1	0	80	33608	33608
Ơ Sao Bé Không Lắc	Ơ Sao Bé Không Lắc	BigDaddy	['v-pop', 'vietnamese hip hop', 'vinahouse', 'vietnam indie']	2019-07-17	220421.0	20.0	False	True	2	0	131	17476	33578
Khung Trời Khác	Khung Trời Khác	Thành Nghiệp	['vietnam indie', 'v-pop']	2022-01-05	240000.0	5.0	False	True	1	0	194	33569	33569
Say My Name	7	David Guetta	['edm', 'dance']	2018-09-14	198946.0	62.0	False	True	5	0	77	8230	33364
Side To Side	Dangerous Woman	Ariana Grande	['pop']	2016-04-01	226160.0	74.0	True	True	6	0	168	7423	33150
TOUCH	GABRIEL	keshi	[]	2022-03-25	205346.0	55.0	False	True	1	0	191	32988	32988
Living Proof	Romance	Camila Cabello	['pop']	2019-12-06	194440.0	46.0	False	True	2	0	158	17862	32946
Midsummer Madness	Head In The Clouds	88rising	[]	2018-07-20	280841.0	58.0	True	True	6	0	111	7138	32933
Undrunk	you ruined new york city for me	FLETCHER	[]	2019-08-16	183428.0	54.0	True	True	3	0	113	11494	32893
Panorama	One-reeler / Act IV	IZ*ONE	['k-pop']	2020-12-07	222853.0	60.0	False	True	1	0	168	32869	32869
飞鸟和蝉	Ren然	Ren Ran	['mandopop', 'c-pop', 'gufeng', 'chinese r&b', 'taiwanese pop']	2021-07-27	296006.0	58.0	False	True	1	0	177	32858	32858
PLAY (feat. Changmo)	Querencia	CHUNG HA	['k-pop']	2021-02-15	199524.0	48.0	False	True	1	0	99	32843	32843
What Do I Call You	What Do I Call You - The 4th Mini Album	TAEYEON	['k-pop', 'k-ballad']	2020-12-15	167746.0	44.0	False	True	1	0	171	32705	32705
Just The Two of Us	Just The Two of Us	Kauai45	[]	2020-11-20	117037.0	55.0	False	True	1	0	179	32698	32698
Consequences - orchestra	Consequences (orchestra)	Camila Cabello	['pop']	2018-10-09	181913.0	43.0	False	True	5	0	86	8661	32682
FALLING ON YOU (feat. VSOUL)	Rap Việt Season 2 - Tập 1	RAP VIỆT	['vietnamese hip hop', 'v-pop']	2021-10-18	145454.0	18.0	False	True	1	0	193	32675	32675
Xin Phép Được Cô Đơn	Vũ Trụ Song Song	Vũ.	['v-pop', 'vietnam indie', 'vietnamese lo-fi']	2019-11-06	310285.0	25.0	False	True	2	0	102	16605	32634
Trong Trí Nhớ Của Anh - Live	Studio Số 6 - Tập 14	Studio Số 6	['v-pop']	2022-11-18	299076.0	1.0	False	True	5	0	82	7644	32533
Do You Mean	World War Joy	The Chainsmokers	[]	2019-12-06	193186.0	46.0	False	True	3	0	135	11767	32406
Higher Love	Golden Hour	Kygo	['tropical house']	2020-05-29	228267.0	73.0	False	True	2	0	109	18293	32372
Don't fight the feeling	DON'T FIGHT THE FEELING - Special Album	EXO	['k-pop']	2021-06-07	176546.0	48.0	False	True	1	0	165	32363	32363
em bỏ hút thuốc chưa? (liu riu version)	em bỏ hút thuốc chưa? (liu riu version)	Bích Phương	['v-pop', 'vietnamese hip hop', 'vietnamese lo-fi', 'vinahouse', 'vietnam indie']	2021-10-14	230857.0	15.0	False	True	1	0	181	32261	32261
Out Of Love	The Pains Of Growing	Alessia Cara	[]	2018-11-30	227693.0	62.0	False	True	3	0	151	11512	32217
jealousy, jealousy	SOUR	Olivia Rodrigo	[]	2021-05-21	173160.0	77.0	False	True	1	0	188	32170	32170
Put Me Back Together (feat. Kiiara)	Put Me Back Together (feat. Kiiara)	Cheat Codes	[]	2018-03-02	223899.0	29.0	True	True	4	0	130	10595	32114
Chills	Chills	Why Don't We	[]	2019-12-30	165596.0	46.0	False	True	2	0	186	16311	32039
FXXK IT	MADE	BIGBANG	['k-pop']	2016-12-13	231748.0	63.0	False	True	4	0	105	10742	31914
Mood Ring	Solar Power	Lorde	[]	2021-08-20	225862.0	52.0	False	True	1	0	132	31882	31882
Don't Wanna Cry	SEVENTEEN 4th Mini Album ‘Al1’	SEVENTEEN	['k-pop']	2017-05-22	203426.0	59.0	False	True	5	0	176	8869	31871
Ở Lại Đây (feat. Yang & Gill)	Rap Việt Tập 8	RAP VIỆT	['vietnamese hip hop', 'v-pop']	2020-10-22	204387.0	20.0	False	True	1	0	119	31855	31855
I'm so sick	ONE & SIX	Apink	['k-pop']	2018-07-02	199402.0	49.0	False	True	5	0	65	8391	31843
Tết Nhà Mình	Tết Nhà Mình	Hoà Minzy	['v-pop', 'vinahouse']	2021-01-26	235232.0	42.0	False	True	1	0	194	31786	31786
Như Mùa Tuyết Đầu Tiên (OST Goblin)		Văn Mai Hương							1	0	168	31763	31763
All about you		TAEYEON							2	0	143	16453	31745
Lucid Dream	Savage - The 1st Mini Album	aespa	['k-pop']	2021-10-05	210560.0	58.0	False	True	1	0	178	31711	31711
5 10 15 20	5 10 15 20	Lê Thiện Hiếu	['v-pop', 'vietnam indie', 'vietnamese lo-fi', 'vinahouse']	2021-08-29	195882.0	2.0	False	True	1	0	159	31698	31698
Đêm Màu Xanh	Đêm Màu Xanh	JUUN D	['v-pop', 'vietnamese lo-fi', 'vietnam indie', 'vietnamese hip hop']	2019-01-11	316511.0	3.0	False	True	4	0	125	8372	31689
Sickerrr	No Nê	Suboi	['vietnamese hip hop', 'v-pop', 'vietnam indie']	2021-07-15	225943.0	12.0	True	True	1	0	148	31669	31669
After All	After All	Elton John	[]	2021-09-22	208714.0	42.0	False	True	1	0	160	31650	31650
cô gái nhân ái	yesteryear	Phùng Khánh Linh	['v-pop', 'vietnam indie', 'city pop']	2020-12-03	202941.0	20.0	False	True	1	0	175	31569	31569
Fall In Love	Fall In Love	Hoàng Thùy Linh	['v-pop', 'vietnamese hip hop', 'vinahouse', 'vietnam indie']	2018-10-10	226285.0	13.0	False	True	5	0	85	8692	31359
Phố Mùa Đông	Nữ Thần	Phạm Anh Duy	['v-pop', 'vietnam indie', 'vietnamese lo-fi']	2018-06-06	335689.0	11.0	False	True	5	0	69	8339	31351
Think About You	Think About You	Kygo	['tropical house']	2019-02-14	208566.0	52.0	False	True	3	0	67	13076	31121
marjorie	evermore	Taylor Swift	[]	2020-12-11	257773.0	61.0	False	True	1	0	182	31097	31097
Mượn Rượu Tỏ Tình	Mượn Rượu Tỏ Tình	BigDaddy	['v-pop', 'vietnamese hip hop', 'vinahouse', 'vietnam indie']	2019-01-18	198375.0	49.0	False	True	1	0	126	30968	30968
Con Calma	Con Calma	Daddy Yankee	['reggaeton', 'latin']	2019-01-24	193226.0	74.0	False	True	3	0	121	11116	30935
off the table (with The Weeknd)	Positions	Ariana Grande	['pop']	2020-10-30	239949.0	60.0	False	True	1	0	122	30935	30935
Say Something (feat. Chris Stapleton)	Man of the Woods	Justin Timberlake	[]	2018-02-02	278893.0	64.0	False	True	5	0	136	8719	30926
Doin' Time	Norman Fucking Rockwell!	Lana Del Rey	[]	2019-08-30	202192.0	74.0	True	True	2	0	129	17553	30896
Khi Cô Đơn Em Nhớ Ai	Khi Cô Đơn Em Nhớ Ai	JUUN D	['v-pop', 'vietnamese lo-fi', 'vietnam indie', 'vietnamese hip hop']	2019-02-15	261667.0	31.0	False	True	2	0	191	15871	30832
Chuyến tàu hoàng hôn	Thương Về Miền Trung	Dan Nguyen	['vietnamese bolero', 'bolero', 'vinahouse', 'v-pop']	2015-01-01	336255.0	22.0	False	True	3	0	49	16885	30784
xuân, hạ, thu, đông rồi lại xuân	dreaAMEE	AMEE	['v-pop', 'vietnamese hip hop', 'vietnam indie', 'vietnamese lo-fi']	2020-06-20	290609.0	36.0	False	True	1	0	177	30768	30768
Trời Sáng Rồi - Trời Sáng Rồi Ta Ngủ Đi Thôi OST		Nguyên Hà							2	0	196	15347	30691
Good In Bed	Future Nostalgia	Dua Lipa	['pop']	2020-03-27	218754.0	52.0	True	True	1	0	99	30689	30689
Cô Ấy Nói (Lofi Ver.)	Cô Ấy Nói	Ngô Anh Đạt	['vietnamese lo-fi', 'vinahouse', 'v-pop', 'lo-fi']	2021-06-11	333000.0	36.0	False	True	1	0	148	30665	30665
Đong Tình	Đong Tình	Charmy Pham	['v-pop', 'vinahouse']	2021-06-05	277295.0	10.0	False	True	1	0	179	30600	30600
Gia Ngay Dau Dung Noi Thuong Nhau	Gia Ngay Dau Dung Noi Thuong Nhau	Isaac	['v-pop', 'vietnamese hip hop']	2018-09-09	270000.0	30.0	False	True	2	0	164	15344	30510
Đường Chân Trời	Qua Khung Cửa Sổ	Chillies	['v-pop', 'vietnam indie', 'vietnamese lo-fi', 'vietnamese hip hop']	2021-05-05	310000.0	25.0	False	True	1	0	185	30506	30506
Phiến Lá Tĩnh Lặng	Phiến Lá Tĩnh Lặng	Thùy Chi	['v-pop', 'vinahouse', 'vietnam indie', 'vietnamese hip hop']	2021-04-20	307621.0	28.0	False	True	1	0	187	30506	30506
Youngz	Youngz	Wxrdie	['vietnamese hip hop', 'v-pop']	2021-07-22	201345.0	44.0	True	True	1	0	149	30489	30489
Longing Heart		Mayar Jenisk							1	0	105	30412	30412
Có Thể Là Tại Sao?	Vũ Trụ Song Song	Vũ.	['v-pop', 'vietnam indie', 'vietnamese lo-fi']	2019-11-06	148745.0	29.0	False	True	2	0	126	15415	30274
all the kids are depressed	glisten	Jeremy Zucker	[]	2018-05-04	169973.0	62.0	True	True	6	0	149	5562	30205
어질어질 (Outta My Head)	XOXO	JEON SOMI	['k-pop']	2021-10-29	188123.0	38.0	False	True	2	0	103	17275	30151
Lemonade	Sticker - The 3rd Album	NCT 127	['k-pop']	2021-09-17	190066.0	50.0	False	True	1	0	169	30137	30137
ocean eyes	dont smile at me	Billie Eilish	[]	2017-12-22	200379.0	80.0	False	True	4	0	159	10253	30116
Peek-A-Boo	Perfect Velvet - The 2nd Album	Red Velvet	['k-pop']	2017-11-17	189049.0	58.0	False	True	5	0	176	8484	30076
Don't Let Me Down	Don't Let Me Down	The Chainsmokers	[]	2016-02-05	208373.0	77.0	False	True	6	0	176	5389	30042
love nwantiti (ah ah ah)	CKay The First	CKay	['afrobeats', 'afrobeat', 'afropop']	2019-08-30	145800.0	72.0	True	True	1	0	184	29977	29977
Bức Bình Phong	Bức Bình Phong	Trịnh Thăng Bình	['v-pop', 'vinahouse', 'vietnamese lo-fi']	2020-12-09	302321.0	13.0	False	True	1	0	187	29950	29950
Suncity (feat. Empress Of)	Suncity	Khalid	[]	2018-10-19	189493.0	50.0	False	True	4	0	66	9945	29923
Thru These Tears	Malibu Nights	LANY	[]	2018-10-05	204515.0	63.0	False	True	5	0	88	7410	29897
Mình Đồng Da Sắt (feat. Tez)	Rap Việt Tập 12	RAP VIỆT	['vietnamese hip hop', 'v-pop']	2020-10-19	224273.0	15.0	False	True	1	0	137	29790	29790
shut up	Positions	Ariana Grande	['pop']	2020-10-30	157710.0	53.0	True	True	1	0	135	29762	29762
Giấc Mơ Rất Thơ	Giấc Mơ Rất Thơ	Mer	['vietnam indie', 'v-pop']	2021-05-17	172992.0	36.0	False	True	1	0	142	29749	29749
Cool	Future Nostalgia	Dua Lipa	['pop']	2020-03-27	209583.0	54.0	False	True	1	0	105	29745	29745
Con Gái Như Em	Chị Trợ Lý Của Anh (OST)	Mỹ Tâm	['v-pop', 'vietnamese bolero', 'vietnam indie']	2019-06-03	180000.0	11.0	False	True	2	0	119	15351	29679
Liệu Anh Có Thể Yêu Em?	Liệu Anh Có Thể Yêu Em?	Khắc Việt	['vinahouse', 'v-pop', 'vietnamese bolero']	2018-07-20	228438.0	12.0	False	True	5	0	74	8074	29666
Selfish Love (with Selena Gomez)	Selfish Love (with Selena Gomez)	DJ Snake	[]	2021-03-04	168648.0	50.0	False	True	1	0	176	29605	29605
Run	Human (Deluxe)	OneRepublic	['soft pop']	2021-08-27	168259.0	70.0	False	True	1	0	190	29598	29598
Mood (Remix) feat. Justin Bieber, J Balvin & iann dior	Mood (Remix) feat. Justin Bieber, J Balvin & iann dior	24kGoldn	[]	2020-11-06	192745.0	57.0	True	True	1	0	146	29531	29531
Free Woman	Chromatica	Lady Gaga	['art pop', 'pop']	2020-05-29	191466.0	55.0	False	True	1	0	87	29483	29483
All Mine	ye	Kanye West	['rap']	2018-06-01	145506.0	68.0	True	True	4	0	73	9253	29366
Fun Tonight	Chromatica	Lady Gaga	['art pop', 'pop']	2020-05-29	173426.0	48.0	False	True	1	0	88	29296	29296
I am not a woman, I'm a god	If I Can’t Have Love, I Want Power	Halsey	[]	2021-08-27	176413.0	50.0	False	True	1	0	158	29284	29284
Ring	Rare	Selena Gomez	['pop']	2020-01-10	148776.0	51.0	False	True	1	0	71	29261	29261
Sau Tất Cả		Various Artists							1	0	28	29118	29118
SLOMO	SLOMO	VY Jacko	['vietnamese hip hop', 'v-pop', 'vietnam indie']	2020-12-26	234097.0	24.0	False	True	1	0	178	29009	29009
Sine From Above (with Elton John)	Chromatica	Lady Gaga	['art pop', 'pop']	2020-05-29	244880.0	47.0	False	True	1	0	94	28910	28910
WITHOUT YOU	F*CK LOVE 3+: OVER YOU	The Kid LAROI	[]	2021-07-27	161384.0	69.0	True	True	1	0	191	28905	28905
Fake A Smile	Fake A Smile	Alan Walker	[]	2021-02-19	168118.0	50.0	False	True	1	0	167	28805	28805
a lot	i am > i was	21 Savage	[]	2018-12-21	288624.0	74.0	True	True	3	0	71	11943	28735
Xa Em Kỷ Niệm		Unknown Artist							6	0	139	5477	28693
Dynamite (Slow Jam Remix)	Dynamite (NightTime Version)	BTS	['k-pop']	2020-09-18	199690.0	38.0	False	True	1	0	117	28669	28669
Kém Duyên	Kém Duyên	Rum	['v-pop', 'vinahouse', 'vietnamese lo-fi']	2024-07-20	224744.0	35.0	False	True	5	0	120	6399	28643
dancing in the kitchen	gg bb xx	LANY	[]	2021-09-03	208808.0	58.0	False	True	1	0	179	28617	28617
Anh Mơ		Anh Khang							4	0	135	9549	28616
eNIGMA	Chromatica	Lady Gaga	['art pop', 'pop']	2020-05-29	179760.0	49.0	False	True	1	0	97	28557	28557
Ready to love	SEVENTEEN 8th Mini Album 'Your Choice'	SEVENTEEN	['k-pop']	2021-06-18	186760.0	56.0	False	True	1	0	178	28407	28407
Moonlight	?	XXXTENTACION	['emo rap']	2018-03-16	135090.0	79.0	True	True	5	0	90	7942	28404
Xe Đạp	Tuổi Hoa Mộng	Thùy Chi	['v-pop', 'vinahouse', 'vietnam indie', 'vietnamese hip hop']	2017-09-25	285457.0	35.0	False	True	4	0	160	9409	28403
Get Me (feat. Kehlani)	Changes	Justin Bieber	[]	2020-02-14	185426.0	53.0	False	True	1	0	78	28329	28329
Có Chàng Trai Viết Lên Cây	Truyện Ngắn	Hà Anh Tuấn	['v-pop', 'vietnam indie']	2020-07-11	341428.0	31.0	False	True	1	0	182	28324	28324
To Be Young (feat. Doja Cat)	To Be Young (feat. Doja Cat)	Anne-Marie	[]	2020-07-13	194758.0	43.0	True	True	1	0	121	28284	28284
Homicide (feat. Eminem)	Confessions of a Dangerous Mind	Logic	[]	2019-05-10	245386.0	64.0	True	True	2	0	101	14734	28234
Love You Anymore	love (Deluxe Edition)	Michael Bublé	['christmas']	2018-11-16	182666.0	54.0	False	True	5	0	148	6476	28118
Issues	Nervous System	Julia Michaels	[]	2017-07-28	176320.0	70.0	False	True	4	0	175	9293	28035
Remember	Remember	WINNER	['k-pop']	2020-04-09	223871.0	32.0	False	True	1	0	113	28026	28026
Tình Lỡ	Khúc Tình Xưa 1	Lệ Quyên	['vietnamese bolero', 'bolero', 'v-pop']	2023-10-01	348138.0	33.0	False	True	2	0	35	14620	27929
Vibez	Nobody Is Listening	ZAYN	[]	2021-01-15	163346.0	54.0	False	True	1	0	196	27917	27917
em bỏ hút thuốc chưa (feat. traitimtrongvang)	tâm trạng tan hơi chậm một chút	Bích Phương	['v-pop', 'vietnamese hip hop', 'vietnamese lo-fi', 'vinahouse', 'vietnam indie']	2020-05-17	216000.0	45.0	False	True	1	0	200	27844	27844
Dynamite (Bedroom Remix)	Dynamite (NightTime Version)	BTS	['k-pop']	2020-09-18	207926.0	37.0	False	True	1	0	124	27806	27806
WHISTLE	SQUARE ONE	BLACKPINK	['k-pop']	2016-08-08	211631.0	67.0	False	True	1	0	195	27795	27795
Hey Brother	True	Avicii	['edm']	2013-01-01	255093.0	76.0	False	True	3	0	23	17493	27779
2021	2021	Lauv	[]	2020-12-31	195952.0	31.0	False	True	1	0	189	27779	27779
just like magic	Positions	Ariana Grande	['pop']	2020-10-30	149900.0	61.0	True	True	1	0	149	27644	27644
Rager teenager!	In A Dream	Troye Sivan	[]	2020-08-21	201926.0	43.0	True	True	1	0	121	27622	27622
The Ringer	Kamikaze	Eminem	['rap', 'hip hop']	2018-08-31	337941.0	58.0	True	True	3	0	30	15890	27579
Dynamite (Midnight Remix)	Dynamite (NightTime Version)	BTS	['k-pop']	2020-09-18	196509.0	38.0	False	True	1	0	128	27561	27561
Tough Love (feat. Agnes, Vargas & Lagola)	TIM	Avicii	['edm']	2019-06-06	191248.0	52.0	False	True	2	0	85	16439	27453
Giữa Mây Ngàn	Giữa Mây Ngàn	Nguyễn Trọng Tài	['vietnamese hip hop', 'v-pop', 'vietnamese lo-fi', 'vietnam indie']	2021-02-14	243368.0	6.0	False	True	1	0	176	27441	27441
Do for Love (feat. Amee)	Loser2lover	B Ray	['vietnamese hip hop', 'v-pop', 'vinahouse', 'vietnam indie']	2020-04-17	189608.0	34.0	False	True	1	0	199	27370	27370
MIC Drop (Steve Aoki Remix) (Full Length Edition)	Love Yourself 結 'Answer'	BTS	['k-pop']	2018-08-24	307675.0	64.0	False	True	3	0	45	15199	27346
Pretty Please	Future Nostalgia	Dua Lipa	['pop']	2020-03-27	194607.0	61.0	True	True	1	0	118	27334	27334
Fever	Future Nostalgia	Dua Lipa	['pop']	2020-03-27	156910.0	61.0	False	True	1	0	163	27305	27305
Soft Lips	Soft Lips	BlankCh3ck	[]	2024-12-18	166922.0	36.0	False	True	1	0	178	27297	27297
Mot Dem Say (X) - Original		Thịnh Suy							1	0	23	27281	27281
Hate Me	Brightest Blue	Ellie Goulding	[]	2020-07-16	188066.0	72.0	False	True	2	0	186	13966	27234
anh thèm được ngủ	anh thèm được ngủ	Khói	['vietnamese hip hop', 'v-pop', 'vietnamese lo-fi', 'vietnam indie']	2017-12-20	159000.0	38.0	False	True	1	0	188	27200	27200
everytime	Sweetener	Ariana Grande	['pop']	2018-08-17	172106.0	69.0	True	True	3	0	38	12671	27191
Proud	Joytime III	Marshmello	['edm']	2019-07-03	191000.0	45.0	False	True	2	0	188	13767	27188
KILLING ME - KR Ver.		iKON							4	0	168	7447	26961
Lời Cảm Ơn	Lời Cảm Ơn	tlinh	['v-pop', 'vietnamese hip hop', 'vietnam indie', 'vietnamese lo-fi', 'vinahouse']	2021-01-13	218040.0	13.0	False	True	1	0	198	26944	26944
Him & I (with Halsey)	The Beautiful & Damned	G-Eazy	[]	2017-12-15	268866.0	73.0	True	True	4	0	173	8502	26932
Hành Tinh Song Song, Pt. 2	Vũ Trụ Song Song	Vũ.	['v-pop', 'vietnam indie', 'vietnamese lo-fi']	2019-11-06	234747.0	28.0	False	True	2	0	144	14018	26926
pporappippam	pporappippam	SUNMI	['k-pop']	2020-06-29	206616.0	47.0	False	True	1	0	126	26924	26924
Giấc Mơ Rất Thơ	Giấc Mơ Rất Thơ	Mer	['vietnam indie', 'v-pop']	2021-05-17	172992.0	36.0	False	True	1	0	177	26883	26883
Chuyện Tình Không Dĩ Vãng	Điệu Buồn Lục Tỉnh	Quỳnh Trang	['vietnamese bolero', 'bolero']	2021-08-01	287473.0	15.0	False	True	4	0	117	9709	26847
Christmas Tree Farm	Christmas Tree Farm	Taylor Swift	[]	2019-12-06	228026.0	64.0	False	True	1	0	90	26714	26714
Love Is So Sweet		Missing Seoul							1	0	138	26619	26619
Hot	Hot	Wxrdie	['vietnamese hip hop', 'v-pop']	2020-11-12	164610.0	26.0	False	True	1	0	176	26572	26572
Take Yourself Home	In A Dream	Troye Sivan	[]	2020-08-21	249369.0	47.0	False	True	1	0	122	26508	26508
Đoạn Đường Sao Băng	Đoạn Đường Sao Băng	Kha	['v-pop', 'vietnamese lo-fi', 'vietnam indie', 'vietnamese hip hop', 'vinahouse']	2021-07-17	237600.0	46.0	False	True	1	0	180	26489	26489
Lullaby	Present : YOU	GOT7	['k-pop']	2018-09-18	217486.0	53.0	False	True	4	0	54	9729	26477
baby i told u	Over The Moon	MONSTAR	['v-pop', 'vietnam indie']	2021-08-01	254040.0	29.0	False	True	1	0	171	26458	26458
Wait	Red Pill Blues (Deluxe)	Maroon 5	['pop']	2018-06-15	190642.0	57.0	False	True	3	0	87	14476	26453
Phố Đêm	Người Yêu Cô Đơn	Sơn Tuyền	['vietnamese bolero', 'bolero', 'v-pop']	1990-01-01	365333.0	17.0	False	True	3	0	85	10817	26436
it’s time to go - bonus track	evermore (deluxe version)	Taylor Swift	[]	2021-01-07	254640.0	61.0	False	True	1	0	199	26396	26396
nhìn em mà xem (look at me now)	yesteryear (deluxe)	Phùng Khánh Linh	['v-pop', 'vietnam indie', 'city pop']	2021-09-02	187954.0	8.0	False	True	1	0	185	26375	26375
Red Flavor	The Red Summer - Summer Mini Album	Red Velvet	['k-pop']	2017-07-09	191139.0	61.0	False	True	4	0	189	8819	26337
Kings & Queens	Heaven & Hell	Ava Max	[]	2020-09-18	162398.0	75.0	False	True	1	0	132	26295	26295
Lovedrunk (Feat. Crush)	sleepless in __________	Epik High	['k-rap', 'k-pop']	2019-03-11	250758.0	35.0	False	True	3	0	156	9549	26276
Rồng Rắn Lên Mây (feat. Thành Draw)	Rap Việt Tập 11	RAP VIỆT	['vietnamese hip hop', 'v-pop']	2020-10-16	215687.0	15.0	False	True	1	0	161	26166	26166
Is That Alright?	A Star Is Born Soundtrack	Lady Gaga	['art pop', 'pop']	2018-10-05	191280.0	57.0	False	True	4	0	79	8023	26074
R.I.P. (feat. Rita Ora & Anitta)	R.I.P. (feat. Rita Ora & Anitta)	Sofía Reyes	['latin pop']	2019-03-15	187200.0	49.0	True	True	2	0	83	13786	26035
Da Lo Yeu Em Nhieu - Original		JustaTee							2	0	36	13142	26032
Dingga	Dingga	MAMAMOO	['k-pop']	2020-10-20	179080.0	49.0	False	True	1	0	164	25947	25947
Miser		WAVYVIBE							1	0	144	25891	25891
100 Years Love	100 Years Love	NamDuc	['v-pop', 'vinahouse', 'vietnamese hip hop', 'vietnamese lo-fi']	2020-01-21	210557.0	44.0	False	True	1	0	192	25888	25888
Alone	Alone	WEAN	['v-pop', 'vietnamese hip hop', 'vietnam indie', 'vietnamese lo-fi']	2020-01-10	242361.0	28.0	False	True	1	0	84	25853	25853
HURT	HURT	Jasmine Sokko	['chinese r&b', 'c-pop']	2018-08-24	150857.0	19.0	False	True	4	0	109	6919	25765
Look What I Found	A Star Is Born Soundtrack	Lady Gaga	['art pop', 'pop']	2018-10-05	175240.0	56.0	False	True	4	0	93	7620	25747
GOODBYE ROAD - KR Ver.		iKON							3	0	49	10603	25721
Y.E.U (L.O.V.E) [Acoustic Version]		MIN							3	0	116	11548	25691
Dynamite (Retro Remix)	Dynamite (NightTime Version)	BTS	['k-pop']	2020-09-18	208404.0	37.0	False	True	1	0	148	25668	25668
Rơi Quá Khứ	Vũ Trụ Song Song	Vũ.	['v-pop', 'vietnam indie', 'vietnamese lo-fi']	2019-11-06	368000.0	15.0	False	True	2	0	149	13786	25667
Familia (with Anuel Aa, feat. Bantu) - Spider-Man: Into the Spider-Verse	Spider-Man: Into the Spider-Verse (Soundtrack From & Inspired by the Motion Picture)	Nicki Minaj	[]	2018-12-14	174893.0	54.0	False	True	4	0	144	7038	25615
Gặp Nhau Làm Skrrtt		RAP VIỆT							1	0	169	25608	25608
Jail	Donda	Kanye West	['rap']	2021-08-29	297000.0	56.0	False	True	1	0	193	25544	25544
Replay	Chromatica	Lady Gaga	['art pop', 'pop']	2020-05-29	186653.0	58.0	False	True	1	0	125	25537	25537
SoulMate (feat. IU)	SoulMate (feat. IU)	ZICO	['k-rap', 'k-pop']	2018-07-30	219390.0	49.0	False	True	4	0	63	8993	25533
Genius (feat. Sia, Diplo, and Labrinth)	LABRINTH, SIA & DIPLO PRESENT... LSD	Sia	[]	2019-04-12	213706.0	70.0	False	True	3	0	54	9887	25450
Dĩ Vãng Nhạt Nhòa - Remake	Dĩ Vãng Nhạt Nhòa	Hà Nhi	['v-pop', 'vinahouse', 'vietnamese lo-fi', 'vietnam indie']	2020-01-01	219335.0	42.0	False	True	1	0	190	25434	25434
Easy	In A Dream	Troye Sivan	[]	2020-08-21	226781.0	51.0	False	True	1	0	138	25302	25302
Wasted Times	My Dear Melancholy,	The Weeknd	[]	2018-03-30	220293.0	63.0	True	True	3	0	79	11254	25185
All Around the World (La La La)	All Around the World (La La La)	R3HAB	['slap house', 'edm']	2019-07-26	147840.0	43.0	False	True	2	0	181	12733	25166
Cạn Dòng Nước Mắt	Love Songs Collection 4: Càng Trưởng Thành, Càng Cô Đơn	Hồ Ngọc Hà	['v-pop', 'vinahouse']	2020-08-21	274641.0	32.0	False	True	1	0	149	25117	25117
Let It Snow! Let It Snow! Let It Snow! (with The B. Swanson Quartet)	The Classic Christmas Album	Frank Sinatra	['christmas', 'big band', 'adult standards', 'swing music', 'vocal jazz', 'jazz']	1945	155586.0	64.0	False	True	2	0	161	18948	25040
Didn't I	Didn't I	OneRepublic	['soft pop']	2020-03-13	207616.0	47.0	False	True	1	0	148	25000	25000
Mot Dem Say (X)	Mot Dem Say (X)	Thịnh Suy	['v-pop', 'vietnam indie', 'vietnamese lo-fi']	2019-06-11	233713.0	50.0	False	True	2	0	56	16008	24952
Về Đâu Mái Tóc Người Thương	Về Đâu Mái Tóc Người Thương	Hoài Lâm	['v-pop', 'vietnamese bolero', 'bolero', 'vietnamese lo-fi']	2018-09-11	263400.0	19.0	False	True	3	0	105	10789	24940
Giấc Mơ		Quang Huy							1	0	38	24916	24916
Plastic Doll	Chromatica	Lady Gaga	['art pop', 'pop']	2020-05-29	221666.0	47.0	False	True	1	0	134	24850	24850
Phận Tơ Tằm	Show Xuân Xa Mẹ	Tố My	['vietnamese bolero', 'bolero']	2017-02-27	326087.0	7.0	False	True	4	0	120	7852	24776
Chromatica II	Chromatica	Lady Gaga	['art pop', 'pop']	2020-05-29	41866.0	46.0	False	True	1	0	135	24731	24731
Invisible Things	~how i'm feeling~	Lauv	[]	2020-03-06	197306.0	44.0	False	True	1	0	143	24714	24714
Nonstop	Scorpion	Drake	['rap', 'hip hop']	2018-06-29	238614.0	72.0	True	True	3	0	49	10724	24685
Thinkin of You		Chan Se Park							1	0	160	24662	24662
Run	Nectar	Joji	[]	2020-09-24	195000.0	63.0	False	True	1	0	120	24653	24653
Maybe It's Time	A Star Is Born Soundtrack	Bradley Cooper	[]	2018-10-05	159293.0	51.0	False	True	4	0	100	7194	24496
Into the I-LAND	I-LAND Part.1 Signal Song	IU	['k-pop', 'k-ballad']	2020-06-19	217322.0	45.0	False	True	1	0	135	24437	24437
Chạy		RAP VIỆT							1	0	156	24350	24350
WAYO	WAYO	BANG YEDAM	[]	2020-06-05	205164.0	48.0	False	True	1	0	119	24348	24348
Slow Grenade	Slow Grenade	Ellie Goulding	[]	2020-06-30	217493.0	46.0	False	True	1	0	149	24329	24329
Tìm Người Nhà	Tìm Người Nhà	Ngọt	['vietnam indie', 'v-pop', 'vietnamese hip hop']	2020-06-08	234639.0	30.0	False	True	1	0	152	24300	24300
Dung Ep Toi Uong Ruou		Da LAB							2	0	72	14688	24135
MORE & MORE (English Version)	MORE & MORE (English Version)	TWICE	['k-pop']	2020-08-21	199653.0	33.0	False	True	1	0	158	24072	24072
Thương	Những Tiếng Hát Thầm	Mademoiselle	['vietnam indie', 'v-pop', 'vietnamese lo-fi']	2020-02-20	188000.0	20.0	False	True	1	0	147	24049	24049
Savage Love (Laxed – Siren Beat) [BTS Remix] (Instrumental)	Savage Love (Laxed - Siren Beat) [BTS Remix]	Jawsh 685	[]	2020-10-02	184905.0	31.0	False	True	1	0	158	24040	24040
Welcome to the Party (with French Montana & Lil Pump, feat. Zhavia Ward) - from Deadpool 2	Welcome to the Party (with French Montana & Lil Pump, feat. Zhavia Ward) [from Deadpool 2]	Diplo	['moombahton']	2018-05-15	181720.0	58.0	True	True	4	0	72	8829	24031
Có Như Không Có	Có Như Không Có	Hiền Hồ	['v-pop', 'vinahouse', 'vietnam indie', 'vietnamese lo-fi']	2019-11-26	273733.0	38.0	False	True	1	0	109	23949	23949
Spring		Park Bom							2	0	60	15825	23889
Run away	TAKE	MINO	['k-rap', 'k-pop']	2020-10-30	145706.0	38.0	False	True	1	0	181	23730	23730
Con Đường Mưa	Con Đường Mưa, Vol. 7	Cao Thái Sơn	['v-pop', 'vinahouse', 'vietnamese bolero']	2013-07-04	306346.0	36.0	False	True	3	0	128	9926	23716
make up	thank u, next	Ariana Grande	['pop']	2019-02-08	140693.0	56.0	True	True	2	0	36	16475	23682
Stream Đến Bao Giờ	Stream Đến Bao Giờ	Độ Mixi	['vietnamese hip hop', 'v-pop', 'vinahouse']	2020-09-16	196602.0	28.0	False	True	1	0	163	23657	23657
Mariners Apartment Complex	Norman Fucking Rockwell!	Lana Del Rey	[]	2019-08-30	247150.0	65.0	True	True	3	0	41	11737	23600
Đường Về Nhà	Đường Về Nhà	Ái Phương	['v-pop', 'vietnam indie']	2019-01-09	272727.0	20.0	False	True	3	0	134	8050	23557
Song Request (feat. SUGA of BTS)	Song Request (feat. SUGA of BTS)	Lee So Ra	['k-ballad', 'k-pop']	2019-01-22	281066.0	50.0	False	True	3	0	87	10781	23521
Gorgeous	reputation	Taylor Swift	[]	2017-11-10	209680.0	71.0	False	True	3	0	131	9922	23514
in my head	thank u, next	Ariana Grande	['pop']	2019-02-08	222946.0	64.0	True	True	2	0	40	16128	23497
Dieu Em Lo So - Hien Thuc		Hoang Muoi							1	0	42	23464	23464
BANG BANG BANG - KR Ver. (BIGBANG WORLD TOUR 2015〜2016 [MADE] IN JAPAN)	BIGBANG WORLD TOUR 2015〜2016 [MADE] IN JAPAN	BIGBANG	['k-pop']	2016-02-24	289733.0	22.0	False	True	3	0	113	9598	23453
KAHEDA	KAHEDA	Tóc Tiên	['v-pop', 'vietnamese lo-fi', 'vietnam indie', 'vietnamese bolero']	2019-01-25	188888.0	8.0	False	True	3	0	138	8661	23420
six thirty	Positions	Ariana Grande	['pop']	2020-10-30	183874.0	51.0	True	True	1	0	187	23307	23307
Tình Yêu Khủng Long	Tình Yêu Khủng Long	FAY	['v-pop', 'vinahouse']	2020-05-11	224907.0	16.0	False	True	1	0	197	23246	23246
Empty Space	YOU	James Arthur	['soft pop']	2019-10-18	213306.0	60.0	False	True	4	0	142	6127	23224
safety net (feat. Ty Dolla $ign)	Positions	Ariana Grande	['pop']	2020-10-30	208457.0	62.0	False	True	1	0	190	23214	23214
Babylon	Chromatica	Lady Gaga	['art pop', 'pop']	2020-05-29	161733.0	55.0	False	True	1	0	154	23131	23131
Hạt Cát Bụi Vàng (feat. RPT Gonzo & Thành Draw)	Rap Việt Tập 10	RAP VIỆT	['vietnamese hip hop', 'v-pop']	2020-10-07	201086.0	12.0	False	True	1	0	200	23035	23035
Chromatica II	Chromatica	Lady Gaga	['art pop', 'pop']	2020-05-29	41866.0	46.0	False	True	1	0	156	23010	23010
Come Around Me	Changes	Justin Bieber	[]	2020-02-14	200773.0	61.0	False	True	1	0	138	22917	22917
Tallis One	Tallis One	Samuel Lindon	[]	2017-01-01	117401.0	30.0	False	True	3	0	149	9890	22850
Don't Worry Bout Me	Don't Worry Bout Me	Zara Larsson	[]	2019-03-28	208811.0	44.0	False	True	2	0	121	11847	22344
Shake It Off	1989 (Deluxe)	Taylor Swift	[]	2014-01-01	219200.0	75.0	False	True	2	0	165	11903	22339
In My Head	In My Head	Peter Manos	[]	2018-05-24	214533.0	52.0	False	True	4	0	176	5808	22326
Like To Be You (feat. Julia Michaels)	Shawn Mendes	Shawn Mendes	['pop']	2018-05-25	159400.0	49.0	False	True	4	0	124	6006	22284
What A Time (feat. Niall Horan)	Inner Monologue Part 1	Julia Michaels	[]	2019-01-24	173306.0	72.0	False	True	3	0	151	8316	22254
Chẳng Thể Giữ Lấy Chẳng Đành Buông Tay	Chẳng Thể Giữ Lấy Chẳng Đành Buông Tay	Ngô Kiến Huy	['v-pop', 'vinahouse']	2020-09-27	293538.0	12.0	False	True	1	0	173	22218	22218
Try Me	My Dear Melancholy,	The Weeknd	[]	2018-03-30	221106.0	65.0	False	True	2	0	54	14438	22198
Mời Anh Vào Team Em	Mời Anh Vào Team Em	Chi Pu	['v-pop', 'vinahouse', 'vietnam indie']	2018-11-27	195000.0	29.0	False	True	1	0	163	22175	22175
Mùa Viết Tình Ca (Song Ca)		Isaac							4	0	133	6016	22122
Want You Back	Youngblood (Deluxe)	5 Seconds of Summer	[]	2018-06-15	173081.0	57.0	True	True	3	0	157	9952	22121
You Are Mine	You Are Mine	Vũ Cát Tường	['v-pop', 'vietnam indie']	2018	225303.0	15.0	False	True	3	0	150	8639	22113
3 Nights	Don't Forget About Me, Demos	Dominic Fike	[]	2018-10-16	177666.0	74.0	False	True	2	0	165	11488	22103
Daylight	Daylight	Joji	[]	2020-08-06	163905.0	60.0	True	True	1	0	169	22086	22086
Zombie	The Book of Us : The Demon	DAY6	['k-rock', 'k-pop']	2020-05-11	209259.0	55.0	False	True	1	0	146	22011	22011
Fly	Fly	Marshmello	['edm']	2018-03-09	193777.0	53.0	False	True	3	0	162	9396	22008
DNA (Pedal 2 LA Mix)	Love Yourself 結 'Answer'	BTS	['k-pop']	2018-08-24	247483.0	46.0	False	True	2	0	44	15744	21988
POPSTAR (feat. Drake)	POPSTAR (feat. Drake)	DJ Khaled	[]	2020-07-17	200221.0	63.0	True	True	1	0	169	21982	21982
Chợt Thấy Em Khóc	Noo Phước Thịnh Tuyển Tập (Vol.5)	Noo Phước Thịnh	['v-pop', 'vinahouse', 'vietnamese lo-fi']	2019-02-27	312813.0	20.0	False	True	1	0	45	21967	21967
One Call Away	Nine Track Mind (Special Edition)	Charlie Puth	['soft pop', 'pop']	2015-11-05	194453.0	68.0	False	True	3	0	170	8700	21944
Đổi thay	Xin cho nhau một nụ cười	Hồ Quang Hiếu	['v-pop', 'vinahouse', 'vietnamese bolero', 'vietnamese lo-fi']	2010	269767.0	40.0	False	True	2	0	77	13381	21944
Sit Down!	NCT #127 Neo Zone - The 2nd Album	NCT 127	['k-pop']	2020-03-06	200200.0	38.0	False	True	1	0	172	21880	21880
Scared To Live	After Hours	The Weeknd	[]	2020-03-20	191306.0	60.0	True	True	1	0	173	21774	21774
Lắng Nghe Nước Mắt	Lắng Nghe Nước Mắt	Mr.Siro	['v-pop', 'vinahouse']	2012-09-22	323974.0	40.0	False	True	2	0	97	13972	21756
Left & Right	SEVENTEEN BEST ALBUM '17 IS RIGHT HERE'	SEVENTEEN	['k-pop']	2024-04-29	201773.0	58.0	False	True	1	0	168	21693	21693
Rumors	The Wave	R3HAB	['slap house', 'edm']	2018-08-24	138297.0	36.0	False	True	4	0	134	5941	21650
Eyes Blue Like The Atlantic (feat. Subvrbs)	Eyes Blue Like The Atlantic (feat. Subvrbs)	Sista Prod	[]	2020-07-20	154599.0	59.0	False	True	1	0	183	21511	21511
Điều Vô Lý Thứ Nhất	Điều Vô Lý Thứ Nhất	Nguyên Hà	['v-pop', 'vietnam indie']	2019-02-25	242250.0	23.0	False	True	3	0	80	7644	21403
Righteous	Legends Never Die	Juice WRLD	['melodic rap', 'emo rap']	2020-07-10	242180.0	68.0	True	True	1	0	176	21401	21401
1000 Doves	Chromatica	Lady Gaga	['art pop', 'pop']	2020-05-29	215480.0	46.0	False	True	1	0	174	21314	21314
Sorry Not Sorry	Tell Me You Love Me	Demi Lovato	[]	2017-09-29	203760.0	68.0	True	True	4	0	181	6968	21136
tài liệu không có tiêu đề	tài liệu không có tiêu đề	Khói	['vietnamese hip hop', 'v-pop', 'vietnamese lo-fi', 'vietnam indie']	2020-10-21	236283.0	35.0	False	True	1	0	179	21091	21091
Freak	Freak	Doja Cat	[]	2020-08-07	284480.0	66.0	True	True	1	0	177	21082	21082
Alone Again	After Hours	The Weeknd	[]	2020-03-20	250053.0	62.0	True	True	1	0	188	21015	21015
Undecided	Indigo	Chris Brown	['r&b']	2019-06-28	185000.0	55.0	True	True	3	0	161	7623	20957
Who's Laughing Now	Heaven & Hell	Ava Max	[]	2020-09-18	180348.0	59.0	False	True	1	0	190	20850	20850
# umakeme (feat. KNY & Ox The Moron)	# umakeme (feat. KNY & Ox The Moron)	Xuân Nghi	['vietnamese hip hop', 'vietnam indie', 'v-pop', 'vietnamese lo-fi']	2020-03-19	247764.0	24.0	False	True	1	0	191	20744	20744
BOOM	We Boom - The 3rd Mini Album	NCT DREAM	['k-pop']	2019-07-26	195080.0	56.0	False	True	1	0	191	20735	20735
Sau Chia Tay... Ai Cũng Khác	Sau Chia Tay... Ai Cũng Khác	T.R.I	['v-pop', 'vietnamese lo-fi', 'vietnam indie', 'vietnamese hip hop']	2020-06-15	282947.0	44.0	False	True	1	0	182	20719	20719
Bomb Bomb	KARD 1st Digital Single ‘Bomb Bomb’	KARD	['k-pop']	2019-03-27	163508.0	48.0	False	True	2	0	145	10772	20666
UN Village	City Lights - The 1st Mini Album	BAEKHYUN	['k-pop', 'k-ballad']	2019-07-10	235509.0	54.0	False	True	1	0	103	20613	20613
Sirenen (feat. AK Ausserkontrolle)	Vollmond	Kontra K	['german hip hop']	2020-09-25	204551.0	41.0	True	True	1	0	192	20595	20595
You Can Cry	You Can Cry	Marshmello	['edm']	2018-05-04	194533.0	41.0	False	True	3	0	72	8063	20572
4S	Gấp Gap: Có Cần Phải Có Lý Không?	Cá Hồi Hoang	['vietnam indie', 'v-pop', 'vietnamese hip hop']	2018-06-30	293479.0	21.0	False	True	4	0	131	5847	20434
Habitual	Changes	Justin Bieber	[]	2020-02-14	168200.0	55.0	False	True	1	0	164	20206	20206
If You're Over Me	Palo Santo (Deluxe)	Olly Alexander (Years & Years)	[]	2019-02-14	189000.0	49.0	False	True	4	0	139	5595	20185
"Beautiful Ghosts - From The Motion Picture Soundtrack ""Cats"""	Cats: Highlights From The Motion Picture Soundtrack	Taylor Swift	[]	2019-12-20	261053.0	43.0	False	True	1	0	128	20171	20171
Cô Đơn Trong Nhà Mình	Cô Đơn Trong Nhà Mình	Hoài Lâm	['v-pop', 'vietnamese bolero', 'bolero', 'vietnamese lo-fi']	2020-09-10	297471.0	29.0	False	True	1	0	194	20155	20155
Trái Tim Em Cũng Biết Đau	Tổng Hợp Ca Khúc MV Hay Nhất Bảo Anh	Bảo Anh	['v-pop', 'vietnamese lo-fi', 'vinahouse', 'vietnamese bolero', 'vietnam indie']	2017-05-22	302927.0	38.0	False	True	2	0	103	13359	20142
Goodnight		WAVYVIBE							1	0	198	20066	20066
Dừng Thương		DatKaa							1	0	196	20058	20058
Yêu Chưa Bao Giờ Là Sai	Yêu Chưa Bao Giờ Là Sai	ERIK	['v-pop', 'vietnamese lo-fi', 'vinahouse', 'vietnam indie']	2017-11-29	297981.0	24.0	False	True	2	0	50	10525	20031
Be Like That - feat. Swae Lee & Khalid	Be Like That (feat. Swae Lee & Khalid)	Kane Brown	['country', 'pop country']	2020-07-10	191406.0	63.0	False	True	1	0	197	19911	19911
Second Emotion (feat. Travis Scott)	Changes	Justin Bieber	[]	2020-02-14	202720.0	51.0	False	True	1	0	169	19908	19908
not ur friend	love is not dying	Jeremy Zucker	[]	2020-04-17	174520.0	48.0	True	True	1	0	194	19864	19864
Vulnerable	Rare	Selena Gomez	['pop']	2020-01-10	192172.0	47.0	False	True	1	0	134	19803	19803
Ăn Sáng Nha - Original Version	Ăn Sáng Nha (Original Version)	ERIK	['v-pop', 'vietnamese lo-fi', 'vinahouse', 'vietnam indie']	2020-06-03	187241.0	31.0	False	True	1	0	168	19784	19784
Leo (feat. BAEKHYUN)	Puberty BookⅡ Pum	BOL4	['k-pop', 'k-ballad']	2020-05-13	188000.0	45.0	False	True	1	0	182	19695	19695
Những giấc mơ dài	Để tình yêu hát	Mỹ Linh	['v-pop', 'vietnamese bolero']	2006-02-14	297666.0	12.0	False	True	2	0	86	11431	19641
Hard On Yourself	Hard On Yourself	Charlie Puth	['soft pop', 'pop']	2020-08-14	160825.0	50.0	False	True	1	0	197	19580	19580
Bất Lực	Bất Lực	Nguyễn Trọng Tài	['vietnamese hip hop', 'v-pop', 'vietnamese lo-fi', 'vietnam indie']	2019-12-24	97627.0	13.0	False	True	1	0	142	19577	19577
STARGAZING	ASTROWORLD	Travis Scott	['rap']	2018-08-03	270714.0	70.0	True	True	3	0	75	8277	19552
Venom - Music From The Motion Picture	Kamikaze	Eminem	['rap', 'hip hop']	2018-08-31	269554.0	69.0	True	True	3	0	108	7097	19538
Dance Again	Rare	Selena Gomez	['pop']	2020-01-10	170498.0	46.0	False	True	1	0	140	19431	19431
Giấc Mơ Có Thật	Giấc Mơ Có Thật	Lệ Quyên	['vietnamese bolero', 'bolero', 'v-pop']	2004-01-01	259906.0	41.0	False	True	1	0	18	19336	19336
BOOM	We Boom - The 3rd Mini Album	NCT DREAM	['k-pop']	2019-07-26	195080.0	56.0	False	True	1	0	112	18836	18836
Tầng Thượng 102	Gấp	Cá Hồi Hoang	['vietnam indie', 'v-pop', 'vietnamese hip hop']	2017-11-18	237250.0	39.0	False	True	1	0	200	18808	18808
The Old You	Inner Me	Vũ Cát Tường	['v-pop', 'vietnam indie']	2019-11-30	302741.0	20.0	False	True	1	0	147	18784	18784
花요일 Blooming Day	Blooming Days - The 2nd Mini Album	EXO-CBX	['k-pop']	2018-04-10	199845.0	49.0	False	True	3	0	93	8183	18733
Where Were You In The Morning?	Shawn Mendes	Shawn Mendes	['pop']	2018-05-25	200600.0	52.0	False	True	2	0	69	9414	18580
Bones (feat. OneRepublic)	Bones (feat. OneRepublic)	Galantis	[]	2019-01-31	205792.0	51.0	False	True	2	0	115	9272	18544
Mâu Thuẫn	Thiên Thần Sa Ngã	Bùi Lan Hương	['v-pop', 'vietnam indie']	2018-08-03	257308.0	25.0	False	True	3	0	103	7025	18143
I'M OK	NEW KIDS REPACKAGE : THE NEW KIDS	iKON	['k-pop']	2019-01-07	216647.0	42.0	False	True	2	0	99	9590	18088
Orphans	Everyday Life	Coldplay	[]	2019-11-22	197533.0	61.0	False	True	1	0	157	18037	18037
sweetener	Sweetener	Ariana Grande	['pop']	2018-08-17	208493.0	70.0	True	True	2	0	46	11992	17900
Changes	Changes	Justin Bieber	[]	2020-02-14	135493.0	53.0	False	True	1	0	192	17767	17767
Gió	Inner Me	Vũ Cát Tường	['v-pop', 'vietnam indie']	2019-11-30	211697.0	17.0	False	True	1	0	161	17755	17755
Music To My Eyes	A Star Is Born Soundtrack (Without Dialogue)	Lady Gaga	['art pop', 'pop']	2018-10-05	199200.0	49.0	False	True	3	0	114	6752	17715
hope is a dangerous thing for a woman like me to have - but I have it	Norman Fucking Rockwell!	Lana Del Rey	[]	2019-08-30	324498.0	59.0	True	True	2	0	72	11096	17686
Lunisolar	WE LOVE VOCAL EDM, Season 4	SHAUN	[]	2017-04-03	222571.0	30.0	False	True	3	0	94	7129	17669
BAD!	SKINS	XXXTENTACION	['emo rap']	2018-12-07	94245.0	73.0	False	True	3	0	121	6694	17604
Nếu Anh Cần Tôi	Tỉnh Giấc Khi Ông Trời Đang Ngủ	TRANG	['vietnam indie', 'v-pop']	2019-09-19	276000.0	15.0	False	True	1	0	164	17530	17530
Why Did You Do That?	A Star Is Born Soundtrack	Lady Gaga	['art pop', 'pop']	2018-10-05	184960.0	41.0	False	True	3	0	124	6447	17452
+DONE161201+	In The Name Of Love	CL	['k-pop', 'k-rap']	2019-12-17	213967.0	30.0	False	True	1	0	193	17418	17418
People You Know	Rare	Selena Gomez	['pop']	2020-01-10	194900.0	71.0	False	True	1	0	172	17409	17409
What are you up to	color on me	KANGDANIEL	['k-pop']	2019-07-25	182773.0	30.0	False	True	1	0	133	17395	17395
Một Nhà	Một Nhà	Da LAB	['v-pop', 'vietnamese hip hop', 'vietnam indie', 'vietnamese lo-fi', 'vinahouse']	2015-08-17	185643.0	45.0	False	True	2	0	181	8741	17356
Ánh Sáng Đời Tôi	Lời Cuối	Thu Minh	['v-pop', 'vinahouse', 'vietnamese bolero']	2018-09-11	337162.0	4.0	False	True	2	0	75	8831	17308
So What	[#]	LOONA	['k-pop']	2020-02-05	198000.0	42.0	False	True	1	0	194	17239	17239
Em Giấu Điều Gì Trong Đôi Mắt	Em Giấu Điều Gì Trong Đôi Mắt	Phạm Toàn Thắng	['vietnam indie', 'v-pop']	2019-07-13	266842.0	16.0	False	True	1	0	138	17096	17096
...Ready For It?	reputation	Taylor Swift	[]	2017-11-10	208186.0	75.0	False	True	2	0	129	10420	17007
Anyone	Dancing With The Devil…The Art of Starting Over	Demi Lovato	[]	2021-04-02	227785.0	47.0	True	True	1	0	177	16880	16880
Sangria Wine	Sangria Wine	Pharrell Williams	[]	2018-05-18	202853.0	47.0	False	True	2	0	62	11071	16869
APESHIT	EVERYTHING IS LOVE	The Carters	[]	2018-06-18	264853.0	55.0	True	True	3	0	136	5783	16842
說好不哭	最偉大的作品	Jay Chou	['mandopop', 'c-pop', 'taiwanese pop', 'gufeng', 'cantopop']	2022-07-15	220693.0	58.0	False	True	1	0	151	16804	16804
Không Phải Dạng Vừa Đâu	m-tp M-TP	Sơn Tùng M-TP	['v-pop', 'vinahouse', 'vietnamese hip hop']	2017-04-01	247634.0	50.0	False	True	3	0	99	7147	16728
Monsters	Monsters	Katie Sky	[]	2014-05-11	217840.0	54.0	False	True	1	0	155	16725	16725
Fall	Kamikaze	Eminem	['rap', 'hip hop']	2018-08-31	262493.0	57.0	True	True	2	0	61	10429	16693
Crowded Room (feat. 6LACK)	Rare	Selena Gomez	['pop']	2020-01-10	186459.0	46.0	False	True	1	0	181	16629	16629
Remember The Name (feat. Eminem & 50 Cent)	No.6 Collaborations Project	Ed Sheeran	['soft pop']	2019-07-12	207760.0	62.0	True	True	1	0	146	16537	16537
Hết Thương Cạn Nhớ	Hết Thương Cạn Nhớ	Đức Phúc	['v-pop', 'vinahouse', 'vietnam indie']	2019-09-29	283478.0	50.0	False	True	1	0	147	16521	16521
CALL ANYTIME	JINU's HEYDAY	JINU	[]	2019-08-14	194436.0	31.0	False	True	1	0	146	16489	16489
Right Now	Right Now	Nick Jonas	[]	2018-08-24	201680.0	51.0	False	True	3	0	140	5800	16443
Forget To Forget	Forget To Forget	shy martin	[]	2018-05-25	155351.0	41.0	True	True	3	0	116	6443	16420
Better When You're Gone	Better When You're Gone	David Guetta	['edm', 'dance']	2019-02-08	192402.0	53.0	False	True	2	0	151	8532	16399
Vũ Điệu Cồng Chiêng	Vũ Điệu Cồng Chiêng	Tóc Tiên	['v-pop', 'vietnamese lo-fi', 'vietnam indie', 'vietnamese bolero']	2016-06-24	273763.0	20.0	False	True	2	0	114	9766	16372
Never Forget You	So Good	Zara Larsson	[]	2017-03-17	213427.0	67.0	False	True	3	0	173	5411	16029
Sao Em No - Original		JayKii							2	0	74	8460	16018
Sims - Miquela Remix	~how i'm feeling~ (the extras)	Lauv	[]	2019-12-20	157370.0	46.0	True	True	1	0	156	15921	15921
Home (feat. Bonn)	Home (feat. Bonn)	Martin Garrix	['edm', 'electronica', 'progressive house']	2019-08-16	239067.0	45.0	False	True	1	0	158	15870	15870
Own It (feat. Ed Sheeran & Burna Boy)	Heavy Is The Head	Stormzy	['grime', 'uk drill']	2019-12-13	216706.0	63.0	False	True	1	0	189	15855	15855
Into the Unknown - Panic! At The Disco Version	Frozen 2 (Original Motion Picture Soundtrack/Deluxe Edition)	Panic! At The Disco	['emo']	2019-11-15	189132.0	56.0	False	True	1	0	191	15817	15817
Magnetic	Magnetic	Strange Imagining	[]	2018-02-13	172456.0	30.0	False	True	2	0	120	8953	15796
What About Us	Beautiful Trauma	P!nk	[]	2017-10-13	269600.0	70.0	False	True	3	0	177	5683	15730
Greatest	Kamikaze	Eminem	['rap', 'hip hop']	2018-08-31	226937.0	53.0	True	True	2	0	58	10977	15651
A Lamenting Song	Taboo (Music From The Original TV Series)	Max Richter	['neoclassical', 'minimalism', 'classical', 'ambient']	2017-09-15	109738.0	34.0	False	True	2	0	187	8878	15630
Here I Am	Purpose - The 2nd Album	TAEYEON	['k-pop', 'k-ballad']	2019-10-28	204264.0	35.0	False	True	1	0	192	15619	15619
Umpah Umpah	‘The ReVe Festival’ Finale	Red Velvet	['k-pop']	2019-12-23	220131.0	42.0	False	True	1	0	169	15616	15616
STAY - KR Ver.		BLACKPINK							2	0	165	10512	15610
Familiar (With J. Balvin)	LP1	Liam Payne	[]	2019-12-06	194588.0	54.0	False	True	3	0	122	6434	15575
Lại Nhớ Người Yêu	Hoa Lỡ Dại	Tina Ngọc Lan	['vietnamese bolero', 'vinahouse', 'bolero']	2020-08-09	284827.0	2.0	False	True	2	0	128	9131	15557
You Owe Me	Sick Boy	The Chainsmokers	[]	2018-12-14	190013.0	44.0	False	True	2	0	147	10525	15512
The Only (feat. IRENE of Red Velvet)	The Only (feat. IRENE of Red Velvet)	Raiden	[]	2019-08-02	186918.0	36.0	False	True	1	0	156	15506	15506
Mama (feat. Ellie Goulding)	What Is Love? (Deluxe Edition)	Clean Bandit	[]	2018-11-30	189973.0	47.0	False	True	2	0	76	9190	15412
Norman fucking Rockwell	Norman Fucking Rockwell!	Lana Del Rey	[]	2019-08-30	248934.0	69.0	True	True	1	0	184	15316	15316
Có Một Nơi Như Thế		Unknown Artist							3	0	137	5890	15286
Love You Like Crazy	Purpose - The 2nd Album	TAEYEON	['k-pop', 'k-ballad']	2019-10-28	179527.0	36.0	False	True	1	0	197	15265	15265
Home	SEVENTEEN BEST ALBUM '17 IS RIGHT HERE'	SEVENTEEN	['k-pop']	2024-04-29	203731.0	57.0	False	True	2	0	122	9223	15256
Talk	8 Letters	Why Don't We	[]	2018-08-31	190346.0	52.0	False	True	3	0	134	5534	15201
Close To Me - Red Velvet Remix	Close To Me (Red Velvet Remix)	Ellie Goulding	[]	2019-04-05	191099.0	38.0	False	True	1	0	82	15163	15163
I'm Upset	Scorpion	Drake	['rap', 'hip hop']	2018-06-29	214466.0	59.0	True	True	3	0	126	5974	15157
Wine	Purpose - The 2nd Album	TAEYEON	['k-pop', 'k-ballad']	2019-10-28	237265.0	36.0	False	True	1	0	199	15121	15121
Tình Ca Phố	Chuyện Tôi (Extended Edition)	Phạm Hoài Nam	['v-pop', 'vietnam indie']	2016-12-12	310030.0	7.0	False	True	2	0	104	8649	15007
Đêm Vắng	Đôi Bờ	Quang Huy	[]	2018-08-21	229080.0	0.0	False	True	2	0	155	10082	14999
Not Alike (feat. Royce Da 5'9)	Kamikaze	Eminem	['rap', 'hip hop']	2018-08-31	288086.0	57.0	True	True	2	0	68	9853	14994
Lady	Lady	EXID	['k-pop']	2018-04-02	190501.0	38.0	False	True	2	0	82	9571	14957
My Everything	My Everything	Tiên Tiên	['v-pop', 'vietnam indie', 'vinahouse', 'vietnamese lo-fi']	2015-09-19	197739.0	42.0	False	True	2	0	163	9578	14875
Mình Yêu Nhau Đi	Có Khi Nào Rời Xa	Bích Phương	['v-pop', 'vietnamese hip hop', 'vietnamese lo-fi', 'vinahouse', 'vietnam indie']	2015-01-01	232362.0	24.0	False	True	1	0	83	14861	14861
Nơi Này Có Anh	m-tp M-TP	Sơn Tùng M-TP	['v-pop', 'vinahouse', 'vietnamese hip hop']	2017-04-01	260117.0	57.0	False	True	1	0	35	14857	14857
Messy	Messy	Kiiara	[]	2018-05-11	169324.0	33.0	False	True	3	0	163	5187	14826
Tuổi Gì Mà Chẳng Thích Lì Xì (feat. Bình Gold)	Tuổi Gì Mà Chẳng Thích Lì Xì (feat. Bình Gold)	Bích Phương	['v-pop', 'vietnamese hip hop', 'vietnamese lo-fi', 'vinahouse', 'vietnam indie']	2020-01-16	227200.0	23.0	False	True	1	0	159	14822	14822
TIC TOC (feat. Lil Baby)	DUMMY BOY (Revised)	6ix9ine	[]	2018	135739.0	45.0	True	True	2	0	81	8792	14790
Younger	Younger	Jonas Blue	['tropical house']	2019-09-06	194720.0	43.0	False	True	1	0	195	14784	14784
We Don't Care	Brighter Days	Sigala	[]	2018-09-28	207666.0	42.0	False	True	3	0	159	5125	14764
Kamikaze	Kamikaze	Eminem	['rap', 'hip hop']	2018-08-31	216029.0	55.0	True	True	2	0	65	10154	14750
Mơ	Người Ấy	Trịnh Thăng Bình	['v-pop', 'vinahouse', 'vietnamese lo-fi']	2012-01-01	302080.0	21.0	False	True	3	0	155	5254	14731
Ghost Town	ye	Kanye West	['rap']	2018-06-01	271386.0	75.0	True	True	2	0	78	8441	14639
Trip	Ella Mai	Ella Mai	['r&b']	2018-10-12	213993.0	69.0	False	True	3	0	178	5263	14633
Neu Chung Minh Cach Tro		Che Linh & Thah Tuyen							2	0	139	8672	14531
Demons	These Two Windows	Alec Benjamin	[]	2020-05-29	163171.0	53.0	False	True	1	0	166	14531	14531
Người Tình Nhỏ Bé	Người Tình Nhỏ Bé	BigDaddy	['v-pop', 'vietnamese hip hop', 'vinahouse', 'vietnam indie']	2019-06-14	232800.0	19.0	False	True	1	0	169	14509	14509
Buồn Không Em (feat. Đạt G) - Remix	Buồn Không Em (feat. Đạt G) [Renmix]	Masew	['v-pop', 'vietnamese hip hop', 'vinahouse', 'vietnamese lo-fi', 'vietnam indie']	2020-01-01	222040.0	21.0	False	True	3	0	159	5389	14507
Acid8	Hiệu Ứng Trốn Chạy	Cá Hồi Hoang	['vietnam indie', 'v-pop', 'vietnamese hip hop']	2019-07-31	302555.0	16.0	False	True	1	0	141	14503	14503
Mother	Mother	Charlie Puth	['soft pop', 'pop']	2019-09-12	162864.0	43.0	False	True	1	0	190	14500	14500
Lạc Giữa Nhân Gian	Lạc Giữa Nhân Gian	Ngô Kiến Huy	['v-pop', 'vinahouse']	2017-12-18	256000.0	5.0	False	True	2	0	146	8325	14465
Về Đâu Mái Tóc Người Thương	Về Đâu Mái Tóc Người Thương	Lâm Quang Long	['bolero']	2023-03-15	345413.0	0.0	False	True	1	0	92	14396	14396
Cảm Ơn Tình Yêu		Uyên Linh							3	0	161	4923	14348
Yêu Dấu Theo Gió Bay	Taurus (Kim Ngưu)	Hien Thuc	['v-pop', 'vietnamese bolero']	2013-03-22	248502.0	22.0	False	True	2	0	156	7860	14310
Game Over	Game Over	Martin Garrix	['edm', 'electronica', 'progressive house']	2018-04-20	155644.0	39.0	False	True	2	0	65	9704	14276
For You (Fifty Shades Freed) (& Rita Ora)	Fifty Shades Freed (Original Motion Picture Soundtrack)	Liam Payne	[]	2018-02-09	245453.0	57.0	False	True	2	0	167	9486	14255
Mad Love - Sped-Up Version	Mad Love (Versions)	Mabel	[]	2022-11-16	141343.0	54.0	False	True	1	0	147	14224	14224
Anh Không Sao Đâu - Live At Chi Dân	Lời Thì Thầm Vụng Dại (Live At Chi Dân)	Chi Dân	['v-pop', 'vietnamese lo-fi', 'vinahouse']	2024-12-28	309880.0	13.0	False	True	3	0	167	4859	14139
Fallin' All In You	Shawn Mendes	Shawn Mendes	['pop']	2018-05-25	235746.0	64.0	False	True	3	0	189	4795	14076
Too Much (feat. Timbaland)	Icarus Falls	ZAYN	[]	2018-12-14	187160.0	45.0	True	True	2	0	71	8602	14073
Talisman Stallion	Talisman Stallion	Bela Nemeth	[]	2017-01-01	120549.0	10.0	False	True	2	0	161	7715	13843
AIR	EVERYD4Y	WINNER	['k-pop']	2018-04-04	224909.0	29.0	False	True	2	0	103	8731	13720
I Still Do	I Still Do	Why Don't We	[]	2019-07-26	147209.0	39.0	False	True	1	0	194	13666	13666
Sober	Sober	Demi Lovato	[]	2018-06-21	197893.0	56.0	False	True	2	0	75	8736	13652
Fingers	Icarus Falls	ZAYN	[]	2018-12-14	171240.0	45.0	True	True	2	0	125	7006	13622
Spring Breeze	1¹¹=1 (POWER OF DESTINY)	Wanna One	['k-pop']	2018-11-19	235868.0	46.0	False	True	2	0	82	8524	13557
Tinh Yeu Mau Nang		NHD media							1	0	100	13544	13544
tomorrow tonight	lost	Loote	[]	2019-06-14	202600.0	49.0	False	True	1	0	190	13390	13390
Bracelet	I met you when I was 18. (the playlist)	Lauv	[]	2018-05-31	262103.0	45.0	False	True	2	0	103	7298	13389
Don’t Need Your Love	Don’t Need Your Love	NCT DREAM	['k-pop']	2019-06-06	201880.0	65.0	False	True	1	0	158	13377	13377
Rodeo	7	Lil Nas X	[]	2019-06-21	158706.0	56.0	True	True	1	0	176	13350	13350
