track_name	album_name	artist_name	genres	release_date	duration_ms	popularity	explicit	is_playable
Seven (feat. Latto) (Explicit Ver.)	GOLDEN	Jung Kook	['k-pop']	2023-11-03	183550.0	81.0	True	True
Like Crazy	FACE	Jimin	['k-pop']	2023-03-24	212241.0	71.0	False	True
Standing Next to You	GOLDEN	Jung Kook	['k-pop']	2023-11-03	206019.0	82.0	False	True
Who	MUSE	Jimin	['k-pop']	2024-07-19	170887.0	87.0	False	True
Love Me Again	Layover	V	['k-pop']	2023-08-11	182293.0	72.0	False	True
Chuyện Đôi Ta (feat. Muộii)	Chuyện Đôi Ta (feat. Muộii)	Emcee L (Da LAB)	['v-pop', 'vietnamese lo-fi', 'vietnam indie', 'vietnamese hip hop']	2021-12-01	208048.0	60.0	False	True
Chìm Sâu	99%	RPT MCK	['vietnamese hip hop', 'v-pop', 'vietnam indie']	2023-03-02	156303.0	53.0	True	True
Chúng Ta Của Hiện Tại	Chúng Ta Của Hiện Tại	Sơn Tùng M-TP	['v-pop', 'vinahouse', 'vietnamese hip hop']	2020-12-20	301538.0	58.0	False	True
nếu lúc đó	ái	tlinh	['v-pop', 'vietnamese hip hop', 'vietnam indie', 'vietnamese lo-fi', 'vinahouse']	2023-08-16	263752.0	57.0	False	True
vaicaunoicokhiennguoithaydoi	vaicaunoicokhiennguoithaydoi	GREY D	['v-pop', 'vietnam indie', 'vietnamese lo-fi', 'vietnamese hip hop']	2022-06-20	225862.0	58.0	False	True
Vì Anh Đâu Có Biết	Vì Anh Đâu Có Biết	Madihu	['v-pop', 'vietnam indie', 'vietnamese hip hop']	2022-08-04	241919.0	59.0	False	True
Từng Quen	LOI CHOI: The Neo Pop Punk	Wren Evans	['v-pop', 'vietnam indie', 'vietnamese hip hop', 'vietnamese lo-fi', 'vinahouse']	2023-12-17	174545.0	55.0	False	True
3D (feat. Jack Harlow)	GOLDEN	Jung Kook	['k-pop']	2023-11-03	201812.0	78.0	True	True
Muộn Rồi Mà Sao Còn	Muộn Rồi Mà Sao Còn	Sơn Tùng M-TP	['v-pop', 'vinahouse', 'vietnamese hip hop']	2021-04-29	275905.0	57.0	False	True
Không Thể Say	Ai Cũng Phải Bắt Đầu Từ Đâu Đó	HIEUTHUHAI	['v-pop', 'vietnamese hip hop', 'vietnamese lo-fi', 'vietnam indie', 'vinahouse']	2023-10-16	228413.0	64.0	False	True
Sinh Ra Đã Là Thứ Đối Lập Nhau (feat. Badbies)	Sinh Ra Đã Là Thứ Đối Lập Nhau (feat. Badbies)	Emcee L (Da LAB)	['v-pop', 'vietnamese lo-fi', 'vietnam indie', 'vietnamese hip hop']	2020-12-29	234168.0	59.0	False	True
Ánh Sao Và Bầu Trời	Ánh Sao Và Bầu Trời	T.R.I	['v-pop', 'vietnamese lo-fi', 'vietnam indie', 'vietnamese hip hop']	2021-09-10	260571.0	57.0	False	True
Sài Gòn Hôm Nay Mưa	Sài Gòn Hôm Nay Mưa	JSOL	['v-pop', 'vietnamese lo-fi', 'vietnamese hip hop']	2021-05-29	247058.0	56.0	False	True
Chạy Khỏi Thế Giới Này	Chạy Khỏi Thế Giới Này	Da LAB	['v-pop', 'vietnamese hip hop', 'vietnam indie', 'vietnamese lo-fi', 'vinahouse']	2022-06-30	255429.0	53.0	False	True
An Thần	An Thần	Low G	['vietnamese hip hop', 'v-pop', 'vietnam indie']	2021-10-21	174286.0	58.0	False	True
Sau Cơn Mưa	Sau Cơn Mưa	CoolKid	['v-pop', 'vietnamese hip hop']	2023-07-28	154756.0	63.0	False	True
Chịu Cách Mình Nói Thua	Chịu Cách Mình Nói Thua	RHYDER	['v-pop', 'vietnamese hip hop']	2023-11-22	181558.0	63.0	False	True
Anh Đã Ổn Hơn	99%	RPT MCK	['vietnamese hip hop', 'v-pop', 'vietnam indie']	2023-03-02	194005.0	56.0	False	True
Lối Nhỏ	Lối Nhỏ	Đen	['v-pop', 'vietnamese hip hop', 'vietnam indie', 'vietnamese lo-fi']	2019-10-21	252953.0	56.0	False	True
Đừng Làm Trái Tim Anh Đau	Đừng Làm Trái Tim Anh Đau	Sơn Tùng M-TP	['v-pop', 'vinahouse', 'vietnamese hip hop']	2024-06-08	279208.0	64.0	False	True
Đi Về Nhà	Đi Về Nhà	Đen	['v-pop', 'vietnamese hip hop', 'vietnam indie', 'vietnamese lo-fi']	2020-12-20	200000.0	59.0	False	True
Don't Côi	Don't Côi	RPT Orijinn	['vietnamese hip hop', 'v-pop']	2022-11-20	148880.0	55.0	True	True
bao tiền một mớ bình yên?	SỐ KHÔNG	14 Casper	['v-pop', 'vietnam indie', 'vietnamese lo-fi']	2023-03-03	300000.0	55.0	False	True
Có Em	Có em	Madihu	['v-pop', 'vietnam indie', 'vietnamese hip hop']	2022-04-22	218512.0	55.0	False	True
Buồn Thì Cứ Khóc Đi	Buồn Thì Cứ Khóc Đi	Lynk Lee	['v-pop', 'vietnamese lo-fi', 'vietnamese hip hop', 'vietnam indie']	2019-12-13	222314.0	55.0	False	True
Exit Sign	Ai Cũng Phải Bắt Đầu Từ Đâu Đó	HIEUTHUHAI	['v-pop', 'vietnamese hip hop', 'vietnamese lo-fi', 'vietnam indie', 'vinahouse']	2023-10-16	201589.0	66.0	False	True
Thức Giấc	Thức Giấc	Da LAB	['v-pop', 'vietnamese hip hop', 'vietnam indie', 'vietnamese lo-fi', 'vinahouse']	2021-07-14	269021.0	57.0	False	True
Lạ Lùng	Lạ Lùng	Vũ.	['v-pop', 'vietnam indie', 'vietnamese lo-fi']	2016-12-24	261616.0	55.0	False	True
id 072019	id 072019	W/N	['v-pop', 'vietnamese hip hop', 'vietnamese lo-fi', 'vietnam indie']	2023-07-31	271704.0	59.0	False	True
Left and Right (Feat. Jung Kook of BTS)	CHARLIE	Charlie Puth	['soft pop', 'pop']	2022-10-06	154486.0	69.0	False	True
Thích Quá Rùi Nà	Thích Quá Rùi Nà	tlinh	['v-pop', 'vietnamese hip hop', 'vietnam indie', 'vietnamese lo-fi', 'vinahouse']	2023-07-14	178000.0	57.0	False	True
Thanh Xuân	Thanh Xuân	Da LAB	['v-pop', 'vietnamese hip hop', 'vietnam indie', 'vietnamese lo-fi', 'vinahouse']	2018-08-24	220509.0	54.0	False	True
3107 3	3107 3 (feat. Nâu, titie, Dươngg)	W/N	['v-pop', 'vietnamese hip hop', 'vietnamese lo-fi', 'vietnam indie']	2021-07-31	240000.0	56.0	False	True
Butter	Proof	BTS	['k-pop']	2022-06-10	164952.0	70.0	False	True
Những Lời Hứa Bỏ Quên	Những Lời Hứa Bỏ Quên	Vũ.	['v-pop', 'vietnam indie', 'vietnamese lo-fi']	2023-12-14	236262.0	54.0	False	True
Bước Qua Mùa Cô Đơn	Một Vạn Năm	Vũ.	['v-pop', 'vietnam indie', 'vietnamese lo-fi']	2022-09-09	278823.0	52.0	False	True
Rồi Ta Sẽ Ngắm Pháo Hoa Cùng Nhau	Rồi Ta Sẽ Ngắm Pháo Hoa Cùng Nhau	Olew	['v-pop', 'vietnamese lo-fi', 'vietnam indie']	2023-01-02	278732.0	51.0	False	True
Dynamite	BE	BTS	['k-pop']	2020-11-20	199053.0	76.0	False	True
ngủ một mình (tình rất tình)	ngủ một mình (tình rất tình)	HIEUTHUHAI	['v-pop', 'vietnamese hip hop', 'vietnamese lo-fi', 'vietnam indie', 'vinahouse']	2022-12-15	192000.0	58.0	False	True
Nghe Như Tình Yêu	Nghe Như Tình Yêu	HIEUTHUHAI	['v-pop', 'vietnamese hip hop', 'vietnamese lo-fi', 'vietnam indie', 'vinahouse']	2021-07-09	193049.0	60.0	False	True
double take	rapunzel	Dhruv	[]	2022-01-21	171743.0	74.0	False	True
Miên Man	Miên Man	Minh Huy	['v-pop', 'vietnamese lo-fi', 'vietnamese hip hop', 'vietnam indie']	2022-06-24	197998.0	52.0	False	True
đưa em về nhàa	đưa em về nhàa	GREY D	['v-pop', 'vietnam indie', 'vietnamese lo-fi', 'vietnamese hip hop']	2023-04-24	240000.0	57.0	False	True
shhhhhhh..	shhhhhhh..	WEAN	['v-pop', 'vietnamese hip hop', 'vietnam indie', 'vietnamese lo-fi']	2023-10-07	230675.0	60.0	False	True
Âm Thầm Bên Em	m-tp M-TP	Sơn Tùng M-TP	['v-pop', 'vinahouse', 'vietnamese hip hop']	2017-04-01	293112.0	59.0	False	True
3 1 0 7 (feat. Duongg & Nâu)	3 1 0 7 (feat. Duongg & Nâu)	W/N	['v-pop', 'vietnamese hip hop', 'vietnamese lo-fi', 'vietnam indie']	2024-06-26	234938.0	55.0	False	True
Thích Em Hơi Nhiều	Thích Em Hơi Nhiều	Wren Evans	['v-pop', 'vietnam indie', 'vietnamese hip hop', 'vietnamese lo-fi', 'vinahouse']	2021-06-18	171741.0	52.0	False	True
có hẹn với thanh xuân	Over The Moon	MONSTAR	['v-pop', 'vietnam indie']	2021-08-01	218026.0	49.0	False	True
dự báo thời tiết hôm nay mưa	dự báo thời tiết hôm nay mưa - Maxi Single	GREY D	['v-pop', 'vietnam indie', 'vietnamese lo-fi', 'vietnamese hip hop']	2022-11-22	281493.0	57.0	False	True
Simp Gái 808	Simp Gái 808	Low G	['vietnamese hip hop', 'v-pop', 'vietnam indie']	2023-10-18	161948.0	58.0	True	True
Chuyện Rằng	Chuyện Rằng	Thịnh Suy	['v-pop', 'vietnam indie', 'vietnamese lo-fi']	2020-08-08	272152.0	51.0	False	True
Chỉ Một Đêm Nữa Thôi	99%	RPT MCK	['vietnamese hip hop', 'v-pop', 'vietnam indie']	2023-03-02	141760.0	54.0	True	True
Bài Này Chill Phết	Bài Này Chill Phết	Đen	['v-pop', 'vietnamese hip hop', 'vietnam indie', 'vietnamese lo-fi']	2019	276000.0	54.0	False	True
Thằng Điên	Thằng Điên	JustaTee	['v-pop', 'vietnamese hip hop', 'vietnam indie', 'vietnamese lo-fi', 'vinahouse']	2022-07-11	234000.0	56.0	False	True
Bạn Đời	Bạn Đời	Karik	['v-pop', 'vietnamese hip hop', 'vietnam indie', 'vietnamese lo-fi', 'vinahouse']	2023-10-04	300718.0	55.0	False	True
Tình Đắng Như Ly Cà Phê	Tình Đắng Như Ly Cà Phê	Ngơ	['v-pop', 'vietnam indie', 'vietnamese lo-fi', 'vietnamese hip hop']	2021-03-31	215172.0	50.0	False	True
Wrong Times	Wrong Times	Puppy	['v-pop', 'vietnamese hip hop']	2023-05-17	211200.0	66.0	False	True
tiny love	Tiny Things	Thịnh Suy	['v-pop', 'vietnam indie', 'vietnamese lo-fi']	2021-12-05	158400.0	52.0	False	True
Dù Cho Mai Về Sau	Dù Cho Mai Về Sau	buitruonglinh	['v-pop', 'vietnamese lo-fi', 'vietnam indie', 'vinahouse']	2020-11-17	233975.0	56.0	False	True
Chúng Ta Của Tương Lai	Chúng Ta Của Tương Lai	Sơn Tùng M-TP	['v-pop', 'vinahouse', 'vietnamese hip hop']	2024-03-08	249871.0	59.0	False	True
Anh Là Ngoại Lệ Của Em	Anh Là Ngoại Lệ Của Em	Phương Ly	['v-pop', 'vietnamese hip hop', 'vietnam indie', 'vinahouse', 'vietnamese lo-fi']	2023-10-05	188108.0	55.0	False	True
Từng Là	Từng Là	Vũ Cát Tường	['v-pop', 'vietnam indie']	2024-03-01	252500.0	60.0	False	True
2AM	2AM	JustaTee	['v-pop', 'vietnamese hip hop', 'vietnam indie', 'vietnamese lo-fi', 'vinahouse']	2022-05-10	258281.0	57.0	False	True
Em Không Hiểu	Em Không Hiểu	Changg	['v-pop', 'vietnamese lo-fi', 'vietnamese hip hop', 'vietnam indie']	2021-06-28	237419.0	55.0	False	True
NOLOVENOLIFE	Ai Cũng Phải Bắt Đầu Từ Đâu Đó	HIEUTHUHAI	['v-pop', 'vietnamese hip hop', 'vietnamese lo-fi', 'vietnam indie', 'vinahouse']	2023-10-16	170898.0	61.0	False	True
bình yên	Bảo Tàng Của Nuối Tiếc	Vũ.	['v-pop', 'vietnam indie', 'vietnamese lo-fi']	2024-09-27	195974.0	60.0	False	True
nhắn nhủ	nhắn nhủ	Ronboogz	['v-pop', 'vietnamese hip hop', 'vietnam indie']	2023-12-12	241190.0	60.0	False	True
One Of The Girls (with JENNIE, Lily Rose Depp)	The Idol Episode 4 (Music from the HBO Original Series)	The Weeknd	[]	2023-06-23	244684.0	88.0	False	True
Lệ Lưu Ly	Lệ Lưu Ly	Vũ Phụng Tiên	['v-pop', 'vinahouse', 'vietnamese hip hop', 'vietnamese lo-fi']	2023-09-20	200842.0	55.0	False	True
10 Ngàn Năm	10 Ngàn Năm	PC	['vietnamese hip hop', 'v-pop', 'vietnam indie', 'vietnamese lo-fi']	2019-12-21	240000.0	56.0	False	True
Chơi Như Tụi Mỹ	Chơi Như Tụi Mỹ	Andree Right Hand	['vietnamese hip hop', 'v-pop', 'vinahouse']	2022-12-30	160848.0	54.0	False	True
Tại Vì Sao	99%	RPT MCK	['vietnamese hip hop', 'v-pop', 'vietnam indie']	2023-03-02	202880.0	51.0	False	True
Nàng Thơ	25	Hoàng Dũng	['v-pop', 'vietnam indie', 'vietnamese lo-fi', 'vietnamese hip hop']	2020-12-16	254476.0	49.0	False	True
Lan Man	Lan Man	Ronboogz	['v-pop', 'vietnamese hip hop', 'vietnam indie']	2023-03-25	216220.0	58.0	False	True
Cứ Chill Thôi	Cứ Chill Thôi	Chillies	['v-pop', 'vietnam indie', 'vietnamese lo-fi', 'vietnamese hip hop']	2020-07-11	270000.0	50.0	False	True
tình yêu chậm trễ	Over The Moon	MONSTAR	['v-pop', 'vietnam indie']	2021-08-01	245333.0	54.0	False	True
Mất Kết Nối	Dữ Liệu Quý	Dương Domic	['v-pop', 'vietnamese hip hop']	2024-11-22	207473.0	69.0	False	True
Chết Trong Em	Door To Nowhere	Thịnh Suy	['v-pop', 'vietnam indie', 'vietnamese lo-fi']	2022-11-17	256663.0	52.0	False	True
Tình cờ yêu em	Tình cờ yêu em	Kuun Đức Nam	['v-pop', 'vietnam indie']	2023-06-10	258471.0	55.0	False	True
Không Yêu Xin Đừng Nói (Piano Version)	Không Yêu Xin Đừng Nói (Piano Version)	UMIE	['v-pop', 'vietnamese hip hop', 'vinahouse']	2023-10-03	244218.0	48.0	False	True
Gác Lại Âu Lo (feat. Miu Lê)	Gác Lại Âu Lo	Da LAB	['v-pop', 'vietnamese hip hop', 'vietnam indie', 'vietnamese lo-fi', 'vinahouse']	2020-07-25	282628.0	50.0	False	True
Mơ	Mơ	Vũ Cát Tường	['v-pop', 'vietnam indie']	2016-01-01	262191.0	59.0	False	True
Nơi Này Có Anh	m-tp M-TP	Sơn Tùng M-TP	['v-pop', 'vinahouse', 'vietnamese hip hop']	2017-04-01	260117.0	57.0	False	True
Anh Đánh Rơi Người Yêu Này	Anh Đánh Rơi Người Yêu Này	Andiez	['v-pop', 'vietnamese lo-fi', 'vietnam indie']	2019-07-15	217744.0	54.0	False	True
Có Ai Thương Em Như Anh	Có Ai Thương Em Như Anh	Tóc Tiên	['v-pop', 'vietnamese lo-fi', 'vietnam indie', 'vietnamese bolero']	2018-01-01	231497.0	52.0	False	True
3 1 0 7 - 2 (feat. DuongG & Nau)	3 1 0 7 - 2 (feat. DuongG & Nau)	W/N	['v-pop', 'vietnamese hip hop', 'vietnamese lo-fi', 'vietnam indie']	2021-02-04	268524.0	53.0	False	True
Liệu Giờ (feat. Văn)	Liệu Giờ (feat. Văn)	2T	['v-pop', 'vietnamese hip hop', 'vietnamese lo-fi', 'vietnam indie']	2023-01-07	258668.0	46.0	False	True
Die With A Smile	Die With A Smile	Lady Gaga	['art pop', 'pop']	2024-08-16	251667.0	97.0	False	True
Bước Qua Nhau	Một Vạn Năm	Vũ.	['v-pop', 'vietnam indie', 'vietnamese lo-fi']	2022-09-09	257647.0	50.0	False	True
Anh Chưa Thương Em Đến Vậy Đâu	Tập 12: The Masked Singer Vietnam	Myra Trần	['v-pop', 'vietnam indie']	2023-01-04	270643.0	51.0	False	True
Khi Em Lớn	Khi Em Lớn	Orange	['v-pop', 'vietnamese hip hop', 'vietnamese lo-fi', 'vietnam indie', 'vinahouse']	2021-04-20	228094.0	54.0	False	True
Slow Dancing	Layover	V	['k-pop']	2023-09-08	187026.0	73.0	False	True
Yêu Một Người Có Lẽ	Yêu Một Người Có Lẽ	Lou Hoàng	['v-pop', 'vinahouse', 'vietnamese lo-fi']	2016-03-07	253524.0	55.0	False	True
APT.	rosie	ROSÉ	['k-pop']	2024-12-06	169917.0	88.0	False	True
Buồn Hay Vui (feat. RPT MCK, Obito, Ronboogz & Boyzed)	Buồn Hay Vui (feat. RPT MCK, Obito, Ronboogz & Boyzed)	VSOUL	['vietnamese hip hop', 'v-pop', 'vietnam indie']	2023-12-25	291750.0	56.0	False	True
Thôi Em Đừng Đi	99%	RPT MCK	['vietnamese hip hop', 'v-pop', 'vietnam indie']	2023-03-02	173397.0	51.0	False	True
Rồi Em Sẽ Gặp Một Chàng Trai Khác	Tập 14: The Masked Singer Vietnam mùa 2	The Masked Singer	['v-pop']	2023-11-12	303968.0	55.0	False	True
Bật Nhạc Lên	Bật Nhạc Lên	HIEUTHUHAI	['v-pop', 'vietnamese hip hop', 'vietnamese lo-fi', 'vietnam indie', 'vinahouse']	2020-06-12	200000.0	53.0	False	True
HÀO QUANG (feat. RHYDER, Dương Domic & Pháp Kiều)	"ANH TRAI ""SAY HI"" (Live Stage 2)"	"ANH TRAI ""SAY HI"""	['v-pop', 'vietnamese hip hop']	2024-08-06	245454.0	61.0	False	True
Boy With Luv (feat. Halsey)	MAP OF THE SOUL : PERSONA	BTS	['k-pop']	2019-04-12	229773.0	72.0	False	True
PHÓNG ZÌN ZÌN	FLVR	tlinh	['v-pop', 'vietnamese hip hop', 'vietnam indie', 'vietnamese lo-fi', 'vinahouse']	2024-09-18	202999.0	64.0	False	True
Chờ Đợi Có Đáng Sợ	Chờ Đợi Có Đáng Sợ	Andiez	['v-pop', 'vietnamese lo-fi', 'vietnam indie']	2020-07-20	282666.0	54.0	False	True
Tò Te Tí	LOI CHOI: The Neo Pop Punk	Wren Evans	['v-pop', 'vietnam indie', 'vietnamese hip hop', 'vietnamese lo-fi', 'vinahouse']	2023-12-17	195000.0	53.0	False	True
Cho Tôi Lang Thang	Cho Tôi Lang Thang	Ngọt	['vietnam indie', 'v-pop', 'vietnamese hip hop']	2018-03-27	258784.0	54.0	False	True
Có Chắc Yêu Là Đây	Có Chắc Yêu Là Đây	Sơn Tùng M-TP	['v-pop', 'vinahouse', 'vietnamese hip hop']	2020-07-06	202105.0	54.0	False	True
Hư không	tình	Kha	['v-pop', 'vietnamese lo-fi', 'vietnam indie', 'vietnamese hip hop', 'vinahouse']	2023-12-14	354782.0	58.0	False	True
ĐỢI (Prod. RIO)	ĐỢI (Prod. RIO)	52Hz	['v-pop', 'vietnam indie', 'vietnamese hip hop']	2023-12-15	197000.0	58.0	False	True
Em Không Khóc (feat. Vũ Phụng Tiên)	Em Không Khóc (feat. Vũ Phụng Tiên)	buitruonglinh	['v-pop', 'vietnamese lo-fi', 'vietnam indie', 'vinahouse']	2022-03-28	269624.0	56.0	False	True
FRI(END)S	FRI(END)S	V	['k-pop']	2024-03-15	148082.0	77.0	False	True
có hẹn với thanh xuân	Hương Mùa Hè	SUNI	['v-pop', 'vietnam indie', 'vietnamese lo-fi', 'vinahouse']	2022-07-24	222000.0	54.0	False	True
Trái đất ôm Mặt trời	Trái đất ôm Mặt trời	Kai Đinh	['v-pop', 'vietnamese lo-fi', 'vietnam indie']	2023-12-18	194703.0	55.0	False	True
Mascara	Qua Khung Cửa Sổ	Chillies	['v-pop', 'vietnam indie', 'vietnamese lo-fi', 'vietnamese hip hop']	2021-05-05	293157.0	48.0	False	True
Phóng Đổ Tim Em	LOI CHOI: The Neo Pop Punk	Wren Evans	['v-pop', 'vietnam indie', 'vietnamese hip hop', 'vietnamese lo-fi', 'vinahouse']	2023-12-17	134267.0	53.0	False	True
Ngày Đầu Tiên	Ngày Đầu Tiên	Đức Phúc	['v-pop', 'vinahouse', 'vietnam indie']	2022-02-11	208939.0	52.0	False	True
Kill Bill	SOS	SZA	['r&b']	2022-12-08	153946.0	83.0	False	True
Em iu	Em iu	Andree Right Hand	['vietnamese hip hop', 'v-pop', 'vinahouse']	2022-01-30	179986.0	54.0	True	True
My Universe	Music Of The Spheres	Coldplay	[]	2021-10-15	226198.0	72.0	False	True
TRÀN BỘ NHỚ (feat. Dương Domic)	"ANH TRAI ""SAY HI"", Chung Kết 1"	"ANH TRAI ""SAY HI"""	['v-pop', 'vietnamese hip hop']	2024-08-31	210000.0	61.0	False	True
KIM PHÚT, KIM GIỜ (feat. HURRYKNG, HIEUTHUHAI, Negav, Pháp Kiều & Isaac)	"ANH TRAI ""SAY HI"" (Live Stage 4)"	"ANH TRAI ""SAY HI"""	['v-pop', 'vietnamese hip hop']	2024-08-26	295058.0	59.0	False	True
XTC (Xích Thêm Chút) (Remix)	Rapitalove	Rapital	['vietnamese hip hop', 'v-pop', 'vietnam indie']	2021-06-21	243750.0	54.0	False	True
MỘNG YU	MỘNG YU	AMEE	['v-pop', 'vietnamese hip hop', 'vietnam indie', 'vietnamese lo-fi']	2024-08-02	202629.0	58.0	False	True
Hẹn Gặp Em Dưới Ánh Trăng	Hẹn Gặp Em Dưới Ánh Trăng	MANBO	['vietnamese hip hop', 'v-pop', 'vietnam indie']	2020-09-25	222000.0	62.0	False	True
Như Anh Đã Thấy Em	Như Anh Đã Thấy Em	PhucXp	['v-pop', 'vietnamese lo-fi', 'vietnam indie']	2022-05-20	302000.0	53.0	False	True
Suýt Nữa Thì...	Suýt Nữa Thì...	Andiez	['v-pop', 'vietnamese lo-fi', 'vietnam indie']	2018-08-13	281344.0	54.0	False	True
Crush 2	Crush 2	W/N	['v-pop', 'vietnamese hip hop', 'vietnamese lo-fi', 'vietnam indie']	2019-12-07	119587.0	48.0	False	True
lời tạm biệt chưa nói	Hương Mùa Hè	GREY D	['v-pop', 'vietnam indie', 'vietnamese lo-fi', 'vietnamese hip hop']	2022-07-24	259114.0	53.0	False	True
Đánh Đổi (ft. RPT MCK)		Obito						
một đời	một đời	14 Casper	['v-pop', 'vietnam indie', 'vietnamese lo-fi']	2022-12-21	328240.0	55.0	False	True
Nến Và Hoa	Nến Và Hoa	Rhymastic	['v-pop', 'vietnamese hip hop', 'vietnam indie', 'vinahouse', 'vietnamese lo-fi']	2018-08-19	166000.0	52.0	False	True
3107 4 (feat. Erik, Nâu)	3107 4 (feat. Erik, Nâu)	W/N	['v-pop', 'vietnamese hip hop', 'vietnamese lo-fi', 'vietnam indie']	2022-07-31	213913.0	55.0	False	True
Hà Nội (ft. VSTRA)		Obito						
Một Ngàn Nỗi Đau	Một Ngàn Nỗi Đau	Văn Mai Hương	['v-pop', 'vinahouse', 'vietnamese hip hop', 'vietnam indie']	2022-06-23	321904.0	50.0	False	True
NGÁO NGƠ (feat. HIEUTHUHAI, ERIK, Anh Tú Atus, JSOL & Orange)	"ANH TRAI ""SAY HI"" (Live Stage 3)"	"ANH TRAI ""SAY HI"""	['v-pop', 'vietnamese hip hop']	2024-08-29	252428.0	55.0	False	True
Ngày Đẹp Trời Để Nói Chia Tay	Ngày Đẹp Trời Để Nói Chia Tay	Lou Hoàng	['v-pop', 'vinahouse', 'vietnamese lo-fi']	2024-06-13	220223.0	59.0	False	True
Ghé Qua		TaynguyenSound						
để tôi ôm em bằng giai điệu này	winter warmer	Kai Đinh	['v-pop', 'vietnamese lo-fi', 'vietnam indie']	2022-12-22	264596.0	51.0	False	True
Em Xinh	ĐẸP	MONO	['v-pop', 'vietnamese hip hop', 'vinahouse']	2023-11-30	183236.0	56.0	False	True
Bật Tình Yêu Lên	Bật Tình Yêu Lên	Tăng Duy Tân	['v-pop', 'vinahouse', 'vietnamese lo-fi']	2023-02-14	203826.0	52.0	False	True
Waiting For You	22	MONO	['v-pop', 'vietnamese hip hop', 'vinahouse']	2022-08-18	266004.0	50.0	False	True
Dreamers [Music from the FIFA World Cup Qatar 2022 Official Soundtrack]	Dreamers [Music from the FIFA World Cup Qatar 2022 Official Soundtrack]	Jung Kook	['k-pop']	2022-11-20	201391.0	70.0	False	True
ThichThich	ThichThich	Phương Ly	['v-pop', 'vietnamese hip hop', 'vietnam indie', 'vinahouse', 'vietnamese lo-fi']	2022-07-24	241935.0	47.0	False	True
Yêu Người Có Ước Mơ	Vọng	buitruonglinh	['v-pop', 'vietnamese lo-fi', 'vietnam indie', 'vinahouse']	2022-12-14	296000.0	52.0	False	True
từ thích thích thành thương thương	dreaAMEE (acoustic version)	AMEE	['v-pop', 'vietnamese hip hop', 'vietnam indie', 'vietnamese lo-fi']	2020-12-16	204230.0	48.0	False	True
Nấu ăn cho em	Nấu ăn cho em	Đen	['v-pop', 'vietnamese hip hop', 'vietnam indie', 'vietnamese lo-fi']	2023-05-13	241340.0	52.0	False	True
SAO HẠNG A (feat. HIEUTHUHAI, Dương Domic, Song Luân, Jsol & Trần Đăng Dương)	"ANH TRAI ""SAY HI"", Tập 14"	"ANH TRAI ""SAY HI"""	['v-pop', 'vietnamese hip hop']	2024-09-18	252625.0	60.0	False	True
At My Worst	PINK PLANET	Pink Sweat$	[]	2021-02-12	170344.0	65.0	False	True
Bầu Trời Mới	M∞N	Da LAB	['v-pop', 'vietnamese hip hop', 'vietnam indie', 'vietnamese lo-fi', 'vinahouse']	2024-10-05	262495.0	59.0	False	True
Xin Lỗi	Cái Đầu Tiên	Thắng	['vietnam indie', 'v-pop', 'vietnamese hip hop']	2023-04-30	127114.0	45.0	False	True
REGRET (feat. Quân A.P, Pháp Kiều, Quang Trung, Ali Hoàng Dương & Lâm Bảo Ngọc)	"ANH TRAI ""SAY HI"" (Live Stage 3)"	"ANH TRAI ""SAY HI"""	['v-pop', 'vietnamese hip hop']	2024-08-29	252307.0	55.0	False	True
Gone	R	ROSÉ	['k-pop']	2021-03-12	207163.0	66.0	False	True
STAY (with Justin Bieber)	F*CK LOVE 3+: OVER YOU	The Kid LAROI	[]	2021-07-27	141805.0	78.0	True	True
Nói Dối	Nói Dối	Ronboogz	['v-pop', 'vietnamese hip hop', 'vietnam indie']	2022-12-12	206139.0	57.0	False	True
NGỰA Ô	NGỰA Ô	Dangrangto	['vietnamese hip hop', 'v-pop']	2024-10-02	215415.0	63.0	False	True
Anh Nhớ Ra (feat. TRANG)	Một Vạn Năm	Vũ.	['v-pop', 'vietnam indie', 'vietnamese lo-fi']	2022-09-09	276500.0	52.0	False	True
Haegeum	D-DAY	Agust D	['k-pop', 'k-rap']	2023-04-21	168926.0	80.0	False	True
Winter Ahead (with PARK HYO SHIN)	Winter Ahead (with PARK HYO SHIN)	V	['k-pop']	2024-11-29	234895.0	83.0	False	True
Blue Tequila	Blue Tequila	Táo	['vietnamese hip hop', 'v-pop', 'vietnam indie', 'vietnamese lo-fi']	2020-08-27	202624.0	51.0	False	True
Cruel Summer	Lover	Taylor Swift	[]	2019-08-23	178426.0	85.0	False	True
Nắng có mang em về	Luv	Shartnuss	['v-pop', 'vietnam indie', 'vietnamese hip hop']	2023-10-21	254304.0	58.0	False	True
Em Là	22	MONO	['v-pop', 'vietnamese hip hop', 'vinahouse']	2022-08-18	197333.0	52.0	False	True
Trên Tình Bạn Dưới Tình Yêu	50/50	MIN	['v-pop', 'vietnamese hip hop', 'vietnamese lo-fi', 'vietnam indie', 'vinahouse']	2022-03-21	199266.0	47.0	False	True
Señorita	Shawn Mendes (Deluxe)	Shawn Mendes	['pop']	2019-06-19	190799.0	75.0	False	True
Già Cùng Nhau Là Được	Già Cùng Nhau Là Được	Tùng TeA	['vietnamese hip hop', 'vietnam indie', 'v-pop']	2018-11-13	231362.0	50.0	False	True
Tán Gái 505	Tán Gái 505	Low G	['vietnamese hip hop', 'v-pop', 'vietnam indie']	2021-05-31	155818.0	52.0	False	True
Nụ hôn Bisou	Nụ hôn Bisou	Lãng	['vietnamese hip hop', 'v-pop']	2022-10-28	156825.0	49.0	False	True
BADBYE	BADBYE	WEAN	['v-pop', 'vietnamese hip hop', 'vietnam indie', 'vietnamese lo-fi']	2023-06-09	202966.0	57.0	False	True
LẦN CUỐI (đi bên em xót xa người ơi)	3 (tuyển tập nhạc Ngọt mới trẻ sôi động 2019)	Ngọt	['vietnam indie', 'v-pop', 'vietnamese hip hop']	2019-06-10	222846.0	52.0	False	True
CHÂN THÀNH (feat. RHYDER, Captain, Quang Hùng MasterD, WEAN & Ali Hoàng Dương)	"ANH TRAI ""SAY HI"" (Live Stage 4)"	"ANH TRAI ""SAY HI"""	['v-pop', 'vietnamese hip hop']	2024-08-26	258000.0	58.0	False	True
Mượn Rượu Tỏ Tình	Mượn Rượu Tỏ Tình	BigDaddy	['v-pop', 'vietnamese hip hop', 'vinahouse', 'vietnam indie']	2019-01-18	198375.0	49.0	False	True
number one girl	rosie	ROSÉ	['k-pop']	2024-12-06	216442.0	79.0	False	True
Hà Nội	Đánh Đổi	Obito	['v-pop', 'vietnamese hip hop', 'vietnam indie']	2023-10-10	165555.0	59.0	False	True
Tay To	Rapitalove	Rapital	['vietnamese hip hop', 'v-pop', 'vietnam indie']	2021-06-21	165000.0	50.0	True	True
Hit Me Up (feat. Nomovodka)	Hit Me Up (feat. Nomovodka)	Binz	['vietnamese hip hop', 'v-pop', 'vinahouse', 'vietnam indie']	2023-10-19	268200.0	47.0	False	True
Chăm Hoa	Chăm Hoa	MONO	['v-pop', 'vietnamese hip hop', 'vinahouse']	2024-10-22	211111.0	63.0	False	True
giá như	giá như	SOOBIN	['v-pop', 'vietnamese hip hop', 'vietnamese lo-fi', 'vietnam indie', 'vinahouse']	2024-04-10	223200.0	58.0	False	True
Buông Đôi Tay Nhau Ra	m-tp M-TP	Sơn Tùng M-TP	['v-pop', 'vinahouse', 'vietnamese hip hop']	2017-04-01	227492.0	56.0	False	True
Call Me	LOI CHOI: The Neo Pop Punk	Wren Evans	['v-pop', 'vietnam indie', 'vietnamese hip hop', 'vietnamese lo-fi', 'vinahouse']	2023-12-17	214736.0	46.0	False	True
My Love Mine All Mine	The Land Is Inhospitable and So Are We	Mitski	[]	2023-09-15	137773.0	84.0	False	True
Yet To Come	Proof	BTS	['k-pop']	2022-06-10	193593.0	63.0	False	True
On The Ground	R	ROSÉ	['k-pop']	2021-03-12	168085.0	67.0	False	True
bé ơi từ từ	LOI CHOI: The Neo Pop Punk	Wren Evans	['v-pop', 'vietnam indie', 'vietnamese hip hop', 'vietnamese lo-fi', 'vinahouse']	2023-12-17	200727.0	50.0	False	True
Không Yêu Em Thì Yêu Ai?	Bảo Tàng Của Nuối Tiếc	Vũ.	['v-pop', 'vietnam indie', 'vietnamese lo-fi']	2024-09-27	232647.0	60.0	False	True
Hãy Trao Cho Anh	Hãy Trao Cho Anh	Sơn Tùng M-TP	['v-pop', 'vinahouse', 'vietnamese hip hop']	2019-07-02	245658.0	49.0	False	True
tình yêu có nghĩa là gì?	ái	tlinh	['v-pop', 'vietnamese hip hop', 'vietnam indie', 'vietnamese lo-fi', 'vinahouse']	2023-08-16	133784.0	49.0	False	True
1000 Ánh Mắt	Lặng	Shiki	['vietnamese hip hop', 'v-pop', 'vietnam indie']	2024-06-27	152000.0	60.0	False	True
Yêu 5	Yêu 5	Rhymastic	['v-pop', 'vietnamese hip hop', 'vietnam indie', 'vinahouse', 'vietnamese lo-fi']	2017-01-01	240000.0	52.0	False	True
Rainy Days	Layover	V	['k-pop']	2023-08-11	179560.0	66.0	False	True
Đã Lỡ Yêu Em Nhiều	Đã Lỡ Yêu Em Nhiều	JustaTee	['v-pop', 'vietnamese hip hop', 'vietnam indie', 'vietnamese lo-fi', 'vinahouse']	2022-07-11	261105.0	54.0	False	True
toxic till the end	rosie	ROSÉ	['k-pop']	2024-12-06	156685.0	85.0	False	True
HOP ON DA SHOW	HOP ON DA SHOW	tlinh	['v-pop', 'vietnamese hip hop', 'vietnam indie', 'vietnamese lo-fi', 'vinahouse']	2024-09-18	175876.0	56.0	True	True
Đường Tôi Chở Em Về	Đường Tôi Chở Em Về	buitruonglinh	['v-pop', 'vietnamese lo-fi', 'vietnam indie', 'vinahouse']	2020-07-03	266000.0	57.0	False	True
Permission to Dance	Permission to Dance	BTS	['k-pop']	2021-07-23	187585.0	69.0	False	True
Bên Trên Tầng Lầu	Bên Trên Tầng Lầu	Tăng Duy Tân	['v-pop', 'vinahouse', 'vietnamese lo-fi']	2022-06-10	184000.0	45.0	False	True
Stay Alive (Prod. SUGA of BTS)	Stay Alive (Prod. SUGA of BTS)	Jung Kook	['k-pop']	2022-02-11	210928.0	66.0	False	True
Lặng	Anh Trai Vượt Ngàn Chông Gai 2024 - Vòng Concert	Rhymastic	['v-pop', 'vietnamese hip hop', 'vietnam indie', 'vinahouse', 'vietnamese lo-fi']	2024-07-09	139264.0	56.0	False	True
Christmas Tree	Our Beloved Summer (Original Television Soundtrack), Pt. 5	V	['k-pop']	2021-12-24	209946.0	67.0	False	True
Tháng Năm	The Playah	SOOBIN	['v-pop', 'vietnamese hip hop', 'vietnamese lo-fi', 'vietnam indie', 'vinahouse']	2020-12-15	225358.0	54.0	False	True
Kiss Me More (feat. SZA)	Planet Her	Doja Cat	[]	2021-06-25	208666.0	79.0	True	True
Cheating on You	Cheating on You	Charlie Puth	['soft pop', 'pop']	2019-10-01	196606.0	68.0	False	True
Trước Khi Em Tồn Tại	Cái Đầu Tiên	Thắng	['vietnam indie', 'v-pop', 'vietnamese hip hop']	2023-04-30	194182.0	51.0	False	True
We Don't Talk Anymore (feat. Selena Gomez)	Nine Track Mind	Charlie Puth	['soft pop', 'pop']	2016-01-29	217706.0	74.0	False	True
Life Goes On	BE	BTS	['k-pop']	2020-11-20	207481.0	71.0	False	True
TÌNH ĐẦU QUÁ CHÉN (feat. Quang Hùng MasterD, Negav, Pháp Kiều & Erik)	"ANH TRAI ""SAY HI"", Tập 14"	"ANH TRAI ""SAY HI"""	['v-pop', 'vietnamese hip hop']	2024-09-18	316000.0	59.0	False	True
Diamond Cut Diamond		Hoàng Thùy Linh						
golden hour	this is what falling in love feels like (554Hz)	JVKE	[]	2022-10-03	209259.0	72.0	False	True
Ngõ Chạm	Ngõ Chạm	BigDaddy	['v-pop', 'vietnamese hip hop', 'vinahouse', 'vietnam indie']	2023-03-08	232173.0	47.0	False	True
MONEY	LALISA	LISA	['k-pop']	2021-09-10	168227.0	66.0	False	True
BIRDS OF A FEATHER	HIT ME HARD AND SOFT	Billie Eilish	[]	2024-05-17	210373.0	94.0	False	True
Anh Chỉ Muốn	Anh Chỉ Muốn	Ronboogz	['v-pop', 'vietnamese hip hop', 'vietnam indie']	2023-10-18	167970.0	53.0	False	True
Dù Cho Mai Về Sau - Acoustic Version	Dù Cho Mai Về Sau (Acoustic Version)	buitruonglinh	['v-pop', 'vietnamese lo-fi', 'vietnam indie', 'vinahouse']	2020-01-12	213490.0	51.0	False	True
Ngày Mai Em Đi	Ngày Mai Em Đi	Lê Hiếu	['v-pop', 'vietnam indie', 'vietnamese bolero', 'vietnamese hip hop', 'vinahouse']	2017-08-02	218400.0	56.0	False	True
Dân Chơi Sao Phải Khóc	Dân Chơi Sao Phải Khóc	Andree Right Hand	['vietnamese hip hop', 'v-pop', 'vinahouse']	2024-01-05	210944.0	53.0	False	True
Running Wild	Happy	Jin	['k-pop']	2024-11-15	151646.0	79.0	False	True
Lỡ Say Bye Là Bye	Lỡ Say Bye Là Bye	Changg	['v-pop', 'vietnamese lo-fi', 'vietnamese hip hop', 'vietnam indie']	2021-01-22	214948.0	48.0	False	True
Em Thích	Em Thích	Sean	['vietnamese lo-fi', 'v-pop', 'vietnamese hip hop', 'vinahouse', 'vietnam indie']	2021-12-03	176150.0	43.0	False	True
Like Crazy (English Version)	FACE	Jimin	['k-pop']	2023-03-24	212253.0	61.0	False	True
Be Mine	MUSE	Jimin	['k-pop']	2024-07-19	207347.0	72.0	False	True
Pink Venom	BORN PINK	BLACKPINK	['k-pop']	2022-09-16	186964.0	65.0	False	True
Răng Khôn	Răng Khôn	Phí Phương Anh	['v-pop', 'vietnamese lo-fi', 'vinahouse']	2021-04-21	231585.0	44.0	False	True
Head In The Clouds	Changes - EP	Hayd	[]	2021-09-17	184559.0	58.0	False	True
Let Me Down Slowly	Narrated For You	Alec Benjamin	[]	2018-11-16	169353.0	80.0	False	True
Die For You	Starboy	The Weeknd	[]	2016-11-24	260253.0	82.0	False	True
Tình Ca Tình Ta	Tình Ca Tình Ta	kis	['v-pop', 'vietnam indie', 'vietnamese lo-fi']	2021-06-30	175255.0	48.0	False	True
To The Moon	To The Moon	hooligan.	['vietnamese lo-fi', 'v-pop', 'vietnam indie']	2020-07-07	201507.0	44.0	False	True
Angel Pt. 1 (feat. Jimin of BTS, JVKE & Muni Long)	Angel Pt. 1 (feat. Jimin of BTS, JVKE & Muni Long) [Trailer Version]	Kodak Black	[]	2023-05-17	175802.0	58.0	False	True
FLOWER	ME	JISOO	['k-pop']	2023-03-31	174216.0	69.0	False	True
Set Me Free Pt.2	Set Me Free Pt.2	Jimin	['k-pop']	2023-03-17	200929.0	65.0	True	True
TETVOVEN	TETVOVEN	Wxrdie	['vietnamese hip hop', 'v-pop']	2023-12-03	197230.0	53.0	False	True
Memories	JORDI (Deluxe)	Maroon 5	['pop']	2021-06-11	189486.0	79.0	False	True
How You Like That	THE ALBUM	BLACKPINK	['k-pop']	2020-10-02	180956.0	64.0	False	True
Muốn Nói Với Em	Muốn Nói Với Em	T Team	['v-pop', 'vietnamese hip hop', 'vietnamese lo-fi', 'vietnam indie']	2020-06-06	233513.0	49.0	False	True
Love is	Love is	Dangrangto	['vietnamese hip hop', 'v-pop']	2023-06-27	266758.0	62.0	False	True
See Tình	See Tình	Hoàng Thùy Linh	['v-pop', 'vietnamese hip hop', 'vinahouse', 'vietnam indie']	2022-02-20	185002.0	48.0	False	True
Smeraldo Garden Marching Band (feat. Loco)	MUSE	Jimin	['k-pop']	2024-07-19	182840.0	67.0	False	True
Nước Mắt Em Lau Bằng Tình Yêu Mới	Nước Mắt Em Lau Bằng Tình Yêu Mới	Da LAB	['v-pop', 'vietnamese hip hop', 'vietnam indie', 'vietnamese lo-fi', 'vinahouse']	2019-09-12	285741.0	52.0	False	True
Giấc Mơ Khác	Giấc Mơ Khác	Chillies	['v-pop', 'vietnam indie', 'vietnamese lo-fi', 'vietnamese hip hop']	2023-02-09	223154.0	52.0	False	True
ex's hate me, Pt.2	dreaAMEE	AMEE	['v-pop', 'vietnamese hip hop', 'vietnam indie', 'vietnamese lo-fi']	2020-06-20	216500.0	55.0	False	True
Internet Love	Internet Love	VSTRA	['v-pop', 'vietnamese hip hop', 'vietnam indie', 'vietnamese lo-fi']	2021-02-14	219082.0	51.0	False	True
"Sau Lời Từ Khước (Theme Song From ""MAI"")"	"Sau Lời Từ Khước (Theme Song From ""MAI"")"	Phan Mạnh Quỳnh	['v-pop', 'vietnam indie']	2024-02-14	250122.0	46.0	False	True
Thắc Mắc?	Thắc Mắc?	Thịnh Suy	['v-pop', 'vietnam indie', 'vietnamese lo-fi']	2019	205567.0	52.0	False	True
7 rings	thank u, next	Ariana Grande	['pop']	2019-02-08	178626.0	79.0	True	True
Shut Down	BORN PINK	BLACKPINK	['k-pop']	2022-09-16	175889.0	65.0	False	True
People Pt.2 (feat. IU)	D-DAY	Agust D	['k-pop', 'k-rap']	2023-04-21	213995.0	62.0	False	True
I Am Not Thuy Kieu		Hoàng Thùy Linh						
Cao Ốc 20	Cao Ốc 20	B Ray	['vietnamese hip hop', 'v-pop', 'vinahouse', 'vietnam indie']	2023-05-16	254688.0	55.0	False	True
Magnetic	SUPER REAL ME	ILLIT	['k-pop']	2024-03-25	160688.0	79.0	False	True
Bigcityboi (feat. Touliver)	Big City Boi (feat. Touliver)	Binz	['vietnamese hip hop', 'v-pop', 'vinahouse', 'vietnam indie']	2020-07-05	201599.0	38.0	True	True
Tràn Bộ Nhớ	Dữ Liệu Quý	Dương Domic	['v-pop', 'vietnamese hip hop']	2024-11-22	172500.0	64.0	False	True
MAKING MY WAY	MAKING MY WAY	Sơn Tùng M-TP	['v-pop', 'vinahouse', 'vietnamese hip hop']	2023-05-05	258006.0	45.0	False	True
Mình Anh Thôi	Mình Anh Thôi	Negav	['v-pop', 'vietnamese hip hop', 'vietnam indie']	2024-09-04	212519.0	57.0	False	True
CATCH ME IF YOU CAN (feat. Quang Hùng MasterD, Negav, Công Dương & Nicky)	"ANH TRAI ""SAY HI"" (Live Stage 2)"	"ANH TRAI ""SAY HI"""	['v-pop', 'vietnamese hip hop']	2024-08-06	256000.0	52.0	False	True
we can't be friends (wait for your love)	eternal sunshine	Ariana Grande	['pop']	2024-03-08	228639.0	84.0	False	True
Đánh Đổi	Đánh Đổi	Obito	['v-pop', 'vietnamese hip hop', 'vietnam indie']	2023-10-10	226993.0	58.0	True	True
2002	Speak Your Mind (Deluxe)	Anne-Marie	[]	2018-04-27	186986.0	75.0	False	True
Espresso	Espresso	Sabrina Carpenter	[]	2024-04-12	175459.0	85.0	True	True
Gặp Nhưng Không Ở Lại	Gặp Nhưng Không Ở Lại	Hiền Hồ	['v-pop', 'vinahouse', 'vietnam indie', 'vietnamese lo-fi']	2020-12-08	276777.0	43.0	False	True
Mắt Xanh	Mắt Xanh	Gill	['vietnamese hip hop', 'v-pop', 'vietnam indie', 'vinahouse']	2022-12-10	169514.0	49.0	True	True
Tell the kids i love them (ft. Shiki)		Obito						
Có Em Đời Bỗng Vui	Có Em Đời Bỗng Vui	Chillies	['v-pop', 'vietnam indie', 'vietnamese lo-fi', 'vietnamese hip hop']	2023-06-27	247530.0	40.0	False	True
từ chối nhẹ nhàng thôi	tâm trạng tan hơi chậm một chút	Bích Phương	['v-pop', 'vietnamese hip hop', 'vietnamese lo-fi', 'vinahouse', 'vietnam indie']	2020-05-17	246818.0	47.0	False	True
Tháng Mấy Em Nhớ Anh?	Tháng Mấy Em Nhớ Anh?	Hà Anh Tuấn	['v-pop', 'vietnam indie']	2021-01-04	300000.0	42.0	False	True
Sài Gòn Đau Lòng Quá	Sài Gòn Đau Lòng Quá	Hứa Kim Tuyền	['v-pop', 'vietnamese lo-fi', 'vietnam indie']	2021-03-28	308689.0	44.0	False	True
Phải Chăng Em Đã Yêu? (feat. RedT)	Phải Chăng Em Đã Yêu? (feat. RedT)	Juky San	['v-pop', 'vietnamese lo-fi', 'vietnamese hip hop', 'vietnam indie']	2021-02-12	190000.0	43.0	False	True
QUAY ĐI QUAY LẠI (feat. HIEUTHUHAI)	"ANH TRAI ""SAY HI"", Chung Kết 1"	"ANH TRAI ""SAY HI"""	['v-pop', 'vietnamese hip hop']	2024-08-31	210491.0	52.0	False	True
Chàng Trai Bất Tử	Chàng Trai Bất Tử	An Vũ	['v-pop', 'vietnamese lo-fi']	2024-01-11	232994.0	52.0	False	True
Giữa Đại Lộ Đông Tây	Giữa Đại Lộ Đông Tây	Uyên Linh	['v-pop', 'vietnamese lo-fi', 'vietnam indie']	2021-11-04	226666.0	44.0	False	True
Anh Đếch Cần Gì Nhiều Ngoài Em	Anh Đếch Cần Gì Nhiều Ngoài Em	Đen	['v-pop', 'vietnamese hip hop', 'vietnam indie', 'vietnamese lo-fi']	2018-11-15	217116.0	50.0	False	True
Say Yes (Vietnamese Version)	Chọn Gì? Chọn Đi! Mùa 1	Chọn gì? Chọn đi!	['v-pop']	2024-09-11	223200.0	51.0	False	True
1 Phút	1 Phút	Andiez	['v-pop', 'vietnamese lo-fi', 'vietnam indie']	2017-08-07	375989.0	53.0	False	True
Take Two	Take Two	BTS	['k-pop']	2023-06-09	229953.0	64.0	False	True
hai mươi hai (22) [feat. AMEE]	COLOURS	Hứa Kim Tuyền	['v-pop', 'vietnamese lo-fi', 'vietnam indie']	2022-05-31	238986.0	43.0	False	True
Peaches (feat. Daniel Caesar & Giveon)	Justice	Justin Bieber	[]	2021-03-19	198081.0	75.0	True	True
Ditto	Ditto	NewJeans	['k-pop']	2022-12-19	185506.0	75.0	False	True
yêu anh đi mẹ anh bán bánh mì	yêu anh đi mẹ anh bán bánh mì	Phuc Du	['vietnamese hip hop', 'v-pop', 'vietnamese lo-fi', 'vinahouse', 'vietnam indie']	2023-02-13	252892.0	41.0	False	True
GIAYPHUT	GIAYPHUT	kidsai	['v-pop', 'vietnamese hip hop', 'vietnam indie']	2021-08-06	205846.0	51.0	False	True
TRÓI EM LẠI (feat. Quang Hùng MasterD)	"ANH TRAI ""SAY HI"", Chung Kết 1"	"ANH TRAI ""SAY HI"""	['v-pop', 'vietnamese hip hop']	2024-08-31	264615.0	54.0	False	True
ANH BIẾT RỒI (feat. Rhyder, Jmi Ko)	"ANH TRAI ""SAY HI"", Chung Kết 1"	"ANH TRAI ""SAY HI"""	['v-pop', 'vietnamese hip hop']	2024-08-31	259614.0	52.0	False	True
em bỏ hút thuốc chưa (feat. traitimtrongvang)	tâm trạng tan hơi chậm một chút	Bích Phương	['v-pop', 'vietnamese hip hop', 'vietnamese lo-fi', 'vinahouse', 'vietnam indie']	2020-05-17	216000.0	45.0	False	True
Trốn Tìm	Trốn Tìm	Đen	['v-pop', 'vietnamese hip hop', 'vietnam indie', 'vietnamese lo-fi']	2021-05-15	248870.0	47.0	False	True
Ngã Tư Không Đèn	Chỉ Có Thể Là Anh	TRANG	['vietnam indie', 'v-pop']	2022-06-18	218250.0	46.0	False	True
Cupid (Twin Ver.) - Live Studio Version OT4	The Beginning	FIFTY FIFTY	['k-pop']	2023-09-22	174116.0	72.0	False	True
Never Let Go	Never Let Go	Jung Kook	['k-pop']	2024-06-07	166812.0	70.0	False	True
ONLY	4 ONLY	LeeHi	['k-ballad', 'k-pop']	2021-09-09	240906.0	73.0	False	True
Và Thế Là Hết	Và Thế Là Hết	Chillies	['v-pop', 'vietnam indie', 'vietnamese lo-fi', 'vietnamese hip hop']	2018-12-24	291650.0	42.0	False	True
Leave The Door Open	An Evening With Silk Sonic	Bruno Mars	[]	2021-11-11	242096.0	74.0	False	True
Thuận Theo Ý Trời	Thuận Theo Ý Trời	Bùi Anh Tuấn	['v-pop', 'vietnamese lo-fi']	2019-11-28	237264.0	50.0	False	True
Glimpse of Us	SMITHEREENS	Joji	[]	2022-11-04	233453.0	78.0	False	True
ưng quá chừng	ưng quá chừng	AMEE	['v-pop', 'vietnamese hip hop', 'vietnam indie', 'vietnamese lo-fi']	2023-03-05	81951.0	40.0	False	True
Vai Lan Don Dua	Vai Lan Don Dua	SOOBIN	['v-pop', 'vietnamese hip hop', 'vietnamese lo-fi', 'vietnam indie', 'vinahouse']	2017-01-27	170666.0	55.0	False	True
Someone You Loved	Divinely Uninspired To A Hellish Extent	Lewis Capaldi	['soft pop']	2019-05-17	182160.0	82.0	False	True
Run BTS	Proof	BTS	['k-pop']	2022-06-10	204939.0	71.0	False	True
Mưa Tháng Sáu	Mưa Tháng Sáu	Văn Mai Hương	['v-pop', 'vinahouse', 'vietnamese hip hop', 'vietnam indie']	2023-05-24	257142.0	43.0	False	True
ex's hate me, Pt.2	dreaAMEE	AMEE	['v-pop', 'vietnamese hip hop', 'vietnam indie', 'vietnamese lo-fi']	2020-06-20	216500.0	55.0	False	True
Khóa Ly Biệt	Tập 13: The Masked Singer Vietnam mùa 2	The Masked Singer	['v-pop']	2023-11-05	312000.0	47.0	False	True
Đông Kiếm Em	Đông Kiếm Em	Vũ.	['v-pop', 'vietnam indie', 'vietnamese lo-fi']	2015-03-28	246043.0	49.0	False	True
With you	Our Blues, Pt. 4 (Original Television Soundtrack)	Jimin	['k-pop']	2022-04-24	201905.0	62.0	False	True
Without Me	Manic	Halsey	[]	2020-01-17	201660.0	78.0	True	True
Mặt Mộc	Mặt Mộc	Phạm Nguyên Ngọc	['v-pop', 'vietnamese lo-fi', 'vietnam indie']	2022-08-05	214293.0	47.0	False	True
positions	Positions	Ariana Grande	['pop']	2020-10-30	172324.0	75.0	True	True
intro (end of the world)	eternal sunshine	Ariana Grande	['pop']	2024-03-08	92400.0	76.0	True	True
Dành Hết Xuân Thì Để Chờ Nhau	Bảo Tàng Của Nuối Tiếc	Vũ.	['v-pop', 'vietnam indie', 'vietnamese lo-fi']	2024-09-27	288195.0	46.0	False	True
Cho Mình Em	Cho Mình Em	Binz	['vietnamese hip hop', 'v-pop', 'vinahouse', 'vietnam indie']	2021-04-01	206400.0	53.0	False	True
2 4	2 4	W/N	['v-pop', 'vietnamese hip hop', 'vietnamese lo-fi', 'vietnam indie']	2024-07-31	199312.0	53.0	False	True
Một Cú Lừa	tâm trạng tan hơi chậm một chút	Bích Phương	['v-pop', 'vietnamese hip hop', 'vietnamese lo-fi', 'vinahouse', 'vietnam indie']	2020-05-17	208695.0	43.0	False	True
ĐỢI (SPECIAL VERSION) [ft. WEAN]	ĐỢI (SPECIAL VERSION) [ft. WEAN]	52Hz	['v-pop', 'vietnam indie', 'vietnamese hip hop']	2024-01-31	199278.0	57.0	False	True
TOKYO Cypher	TOKYO Cypher	Lil Wuyn	['vietnamese hip hop', 'v-pop', 'vietnam indie']	2023-10-12	178823.0	47.0	False	True
Thủy Triều	Thủy Triều	Quang Hùng MasterD	['v-pop', 'vietnamese lo-fi', 'vinahouse', 'vietnamese hip hop']	2024-02-12	179600.0	56.0	False	True
Until I Found You (with Em Beihold) - Em Beihold Version	Until I Found You (Em Beihold Version)	Stephen Sanchez	[]	2022-04-22	176440.0	76.0	False	True
Okeokeoke	Okeokeoke	Low G	['vietnamese hip hop', 'v-pop', 'vietnam indie']	2020-11-09	139276.0	46.0	True	True
Yên Bình Có Quá Đắt Không	Yên Bình Có Quá Đắt Không	Khiem	['v-pop', 'vietnamese lo-fi', 'vietnam indie']	2024-06-23	248318.0	54.0	False	True
Vết Mưa	Giải mã	Vũ Cát Tường	['v-pop', 'vietnam indie']	2014-01-01	210067.0	54.0	False	True
MORE	Jack In The Box	j-hope	['k-pop', 'k-rap']	2022-07-15	180022.0	68.0	False	True
Tip Toe	Tip Toe	HYBS	[]	2023-06-20	224725.0	74.0	False	True
LOVE SAND (feat. HIEUTHUHAI, JSOL, Ali Hoàng Dương & Vũ Thịnh)	"ANH TRAI ""SAY HI"" (Live Stage 2)"	"ANH TRAI ""SAY HI"""	['v-pop', 'vietnamese hip hop']	2024-08-06	235179.0	48.0	False	True
NGTANOISE	NGTANOISE	VSOUL	['vietnamese hip hop', 'v-pop', 'vietnam indie']	2022-09-12	181185.0	47.0	False	True
ghệ iu dấu của em ơi	ái	tlinh	['v-pop', 'vietnamese hip hop', 'vietnam indie', 'vietnamese lo-fi', 'vinahouse']	2023-08-16	205138.0	50.0	False	True
Missing You	Missing You	Phương Ly	['v-pop', 'vietnamese hip hop', 'vietnam indie', 'vinahouse', 'vietnamese lo-fi']	2020-08-18	242857.0	45.0	False	True
Typa Girl	BORN PINK	BLACKPINK	['k-pop']	2022-09-16	179172.0	62.0	True	True
Ai Đưa Em Về	Ai Đưa Em Về	TIA	['v-pop', 'vietnamese lo-fi', 'vietnam indie', 'vinahouse', 'vietnamese hip hop']	2019-06-20	233249.0	45.0	False	True
Cà Phê	50/50	MIN	['v-pop', 'vietnamese hip hop', 'vietnamese lo-fi', 'vietnam indie', 'vinahouse']	2022-03-21	190526.0	48.0	False	True
trời giấu trời mang đi	dreaAMEE	AMEE	['v-pop', 'vietnamese hip hop', 'vietnam indie', 'vietnamese lo-fi']	2020-06-20	253500.0	51.0	False	True
Tháng Tư Là Lời Nói Dối Của Em	Fragile	Hà Anh Tuấn	['v-pop', 'vietnam indie']	2021-06-01	310066.0	51.0	False	True
Ổ Quỷ	Ổ Quỷ	DMT	['vietnamese hip hop', 'v-pop']	2024-02-05	178924.0	48.0	True	True
Không Còn Em	Không Còn Em	Madihu	['v-pop', 'vietnam indie', 'vietnamese hip hop']	2023-07-20	234791.0	46.0	False	True
Ngồi Nhìn Em Khóc	Ngồi Nhìn Em Khóc	Sáo	['v-pop', 'vietnam indie']	2023-04-24	273230.0	48.0	False	True
OMG	NewJeans 'OMG'	NewJeans	['k-pop']	2023-01-02	212253.0	74.0	False	True
thế giới thần tiên	ái	tlinh	['v-pop', 'vietnamese hip hop', 'vietnam indie', 'vietnamese lo-fi', 'vinahouse']	2023-08-16	170500.0	51.0	False	True
Bo Xì Bo	LINK	Hoàng Thùy Linh	['v-pop', 'vietnamese hip hop', 'vinahouse', 'vietnam indie']	2022-08-11	172000.0	41.0	False	True
Anh Luôn Như Vậy	Anh Luôn Như Vậy	B Ray	['vietnamese hip hop', 'v-pop', 'vinahouse', 'vietnam indie']	2023-10-05	212732.0	48.0	False	True
LIMBO	GABRIEL	keshi	[]	2022-03-25	212784.0	70.0	True	True
death bed (coffee for your head)	death bed (coffee for your head)	Powfu	[]	2020-02-08	173333.0	76.0	False	True
Filter	MAP OF THE SOUL : 7	BTS	['k-pop']	2020-02-21	180220.0	64.0	False	True
Làm Gì Phải Hốt	Làm Gì Phải Hốt	Hoàng Thùy Linh	['v-pop', 'vietnamese hip hop', 'vinahouse', 'vietnam indie']	2020-01-05	189296.0	50.0	False	True
Cầu Vĩnh Tuy	LOI CHOI: The Neo Pop Punk	Wren Evans	['v-pop', 'vietnam indie', 'vietnamese hip hop', 'vietnamese lo-fi', 'vinahouse']	2023-12-17	151782.0	47.0	False	True
Giờ Thì	Từng Ngày Như Mãi Mãi	buitruonglinh	['v-pop', 'vietnamese lo-fi', 'vietnam indie', 'vinahouse']	2024-12-12	234166.0	63.0	False	True
Say Đắm Trong Lần Đầu	Say Đắm Trong Lần Đầu	Winno	['vietnamese hip hop', 'v-pop', 'vietnam indie']	2021-11-09	186160.0	51.0	False	True
Ừ Thì Chia Tay (feat. RHYDER)	Ừ Thì Chia Tay (feat. RHYDER)	CAPTAIN BOY	['v-pop', 'vietnamese hip hop']	2024-10-23	239307.0	55.0	False	True
Xin Đừng Nhấc Máy	Xin Đừng Nhấc Máy	B Ray	['vietnamese hip hop', 'v-pop', 'vinahouse', 'vietnam indie']	2021-04-01	187454.0	44.0	False	True
Ngày Mai Người Ta Lấy Chồng (feat. Voi Bản Đôn)	Tập 2: The Masked Singer Vietnam mùa 2	The Masked Singer	['v-pop']	2023-08-13	317408.0	45.0	False	True
I'M THINKING ABOUT YOU (feat. RHYDER, WEAN, Đức Phúc, Hùng Huỳnh & tlinh)	"ANH TRAI ""SAY HI"", Tập 8"	"ANH TRAI ""SAY HI"""	['v-pop', 'vietnamese hip hop']	2024-08-12	278400.0	49.0	False	True
haydeanhduoccungemdau	OXO	SIVAN	['v-pop', 'vietnam indie', 'vietnamese lo-fi']	2022-12-25	228965.0	45.0	False	True
Attention	Voicenotes	Charlie Puth	['soft pop', 'pop']	2018-05-11	208786.0	78.0	False	True
Ai Mà Biết Được (feat. tlinh)	BẬT NÓ LÊN	SOOBIN	['v-pop', 'vietnamese hip hop', 'vietnamese lo-fi', 'vietnam indie', 'vinahouse']	2024-06-25	240000.0	50.0	False	True
Angel Baby	Angel Baby	Troye Sivan	[]	2021-09-09	220779.0	68.0	False	True
Anh Là Ai? (feat. Dick, DT & UMIE)	Rap Việt Mùa 3 - Vòng 2	RAP VIỆT	['vietnamese hip hop', 'v-pop']	2023-08-09	223783.0	46.0	False	True
Đá tan	Gieo	Ngọt	['vietnam indie', 'v-pop', 'vietnamese hip hop']	2022-11-25	202166.0	51.0	False	True
Love of Ghosts		Hoàng Thùy Linh						
comethru	summer,	Jeremy Zucker	[]	2018-09-28	181613.0	68.0	False	True
Đầu Đường Xó Chợ (ft. Lăng LD)		Obito						
Để Ý	Để Ý	Wren Evans	['v-pop', 'vietnam indie', 'vietnamese hip hop', 'vietnamese lo-fi', 'vinahouse']	2024-06-13	159164.0	49.0	False	True
I Love You 3000	I Love You 3000	Stephanie Poetri	[]	2019-06-03	209734.0	65.0	False	True
Mantra	Mantra	JENNIE	['k-pop']	2024-10-10	136627.0	81.0	True	True
Ghé Qua	Ghé Qua	PC	['vietnamese hip hop', 'v-pop', 'vietnam indie', 'vietnamese lo-fi']	2018-03-17	237192.0	55.0	False	True
Gái Độc Thân	Gái Độc Thân	tlinh	['v-pop', 'vietnamese hip hop', 'vietnam indie', 'vietnamese lo-fi', 'vinahouse']	2021-06-30	185175.0	46.0	False	True
Closer Than This	MUSE	Jimin	['k-pop']	2024-07-19	223301.0	66.0	False	True
Blank Space	1989 (Deluxe)	Taylor Swift	[]	2014-01-01	231826.0	77.0	False	True
bad guy	WHEN WE ALL FALL ASLEEP, WHERE DO WE GO?	Billie Eilish	[]	2019-03-29	194087.0	77.0	False	True
Có Chàng Trai Viết Lên Cây	Mắt Biếc (Original Motion Picture Soundtrack)	Phan Mạnh Quỳnh	['v-pop', 'vietnam indie']	2019-12-20	305786.0	50.0	False	True
Lâu Lâu Nhắc Lại	Lâu Lâu Nhắc Lại	Hà Nhi	['v-pop', 'vinahouse', 'vietnamese lo-fi', 'vietnam indie']	2022-09-22	270000.0	44.0	False	True
Build a Bitch	Build a Bitch	Bella Poarch	[]	2021-05-14	122772.0	63.0	True	True
Euphoria	Love Yourself 結 'Answer'	BTS	['k-pop']	2018-08-24	228615.0	68.0	False	True
PHONG	VSTRA	VSTRA	['v-pop', 'vietnamese hip hop', 'vietnam indie', 'vietnamese lo-fi']	2023-11-11	212000.0	49.0	True	True
Ngày Em Đẹp Nhất	Ngày Em Đẹp Nhất	Tama	['v-pop', 'vietnamese lo-fi', 'vietnam indie']	2023-04-07	303024.0	50.0	False	True
Để Mị Nói Cho Mà Nghe	Hoàng	Hoàng Thùy Linh	['v-pop', 'vietnamese hip hop', 'vinahouse', 'vietnam indie']	2019-10-20	193877.0	44.0	False	True
Dịu Dàng Em Đến	Dịu Dàng Em Đến	ERIK	['v-pop', 'vietnamese lo-fi', 'vinahouse', 'vietnam indie']	2021-08-30	185000.0	43.0	False	True
drivers license	SOUR	Olivia Rodrigo	[]	2021-05-21	242013.0	80.0	True	True
Track 06	ii-V-I	Tyronee	['v-pop', 'vietnam indie', 'vietnamese hip hop']	2024-12-05	165161.0	62.0	False	True
Hoa Nở Không Màu	Hoa Nở Không Màu	Hoài Lâm	['v-pop', 'vietnamese bolero', 'bolero', 'vietnamese lo-fi']	2020-05-30	328106.0	30.0	False	True
Em Đồng Ý (I Do)	Em Đồng Ý (I Do)	Đức Phúc	['v-pop', 'vinahouse', 'vietnam indie']	2023-02-09	203124.0	43.0	False	True
Play Date	Cry Baby (Deluxe Edition)	Melanie Martinez	[]	2015-08-14	179867.0	69.0	True	True
Vùng Ký Ức	Qua Khung Cửa Sổ	Chillies	['v-pop', 'vietnam indie', 'vietnamese lo-fi', 'vietnamese hip hop']	2021-05-05	296500.0	47.0	False	True
The Astronaut	The Astronaut	Jin	['k-pop']	2022-10-28	282463.0	69.0	False	True
Hai Triệu Năm	Hai Triệu Năm	Đen	['v-pop', 'vietnamese hip hop', 'vietnam indie', 'vietnamese lo-fi']	2019-06-22	216471.0	46.0	False	True
The Playah (feat. SlimV) - Special Performance	The Playah (feat. SlimV) [Special Performance]	SOOBIN	['v-pop', 'vietnamese hip hop', 'vietnamese lo-fi', 'vietnam indie', 'vinahouse']	2021-05-14	449577.0	44.0	False	True
THERE'S NO ONE AT ALL	THERE'S NO ONE AT ALL	Sơn Tùng M-TP	['v-pop', 'vinahouse', 'vietnamese hip hop']	2022-04-28	172250.0	42.0	False	True
Cũng Đành Thôi	Cũng Đành Thôi	Đức Phúc	['v-pop', 'vinahouse', 'vietnam indie']	2016	272952.0	44.0	False	True
Cảm Nắng (feat. Rtee)	Cảm Nắng	SUNI	['v-pop', 'vietnam indie', 'vietnamese lo-fi', 'vinahouse']	2017-07-21	228750.0	39.0	False	True
id T41104 (feat. 267)	id T41104 (feat. 267)	W/N	['v-pop', 'vietnamese hip hop', 'vietnamese lo-fi', 'vietnam indie']	2023-10-31	200000.0	48.0	False	True
Sao Em Lại Tắt Máy?	Sao Em Lại Tắt Máy?	Phạm Nguyên Ngọc	['v-pop', 'vietnamese lo-fi', 'vietnam indie']	2020	198000.0	46.0	False	True
Ngày Đầu Sau Chia Tay	Ngày Đầu Sau Chia Tay	Đức Phúc	['v-pop', 'vinahouse', 'vietnam indie']	2024-06-20	276016.0	53.0	False	True
Cuộc gọi lúc nửa đêm	MỘNGMEE	AMEE	['v-pop', 'vietnamese hip hop', 'vietnam indie', 'vietnamese lo-fi']	2024-08-02	182582.0	49.0	False	True
Van Gogh (feat. Ashley Alisha)	Van Gogh	Dept	[]	2022-09-18	192186.0	50.0	False	True
Có Đôi Điều	Lặng	Shiki	['vietnamese hip hop', 'v-pop', 'vietnam indie']	2024-06-27	174000.0	64.0	False	True
Nếu Những Tiếc Nuối	Bảo Tàng Của Nuối Tiếc	Vũ.	['v-pop', 'vietnam indie', 'vietnamese lo-fi']	2024-09-27	260488.0	52.0	False	True
Lovesick Girls	THE ALBUM	BLACKPINK	['k-pop']	2020-10-02	192765.0	64.0	False	True
Heat Waves	Dreamland	Glass Animals	[]	2020-08-07	238805.0	81.0	False	True
Bông Hoa Đẹp Nhất	Bông Hoa Đẹp Nhất	Quân A.P	['v-pop', 'vietnamese lo-fi', 'vietnam indie']	2020-09-12	315264.0	48.0	False	True
Đâu Cần Một Bài Ca Tình Yêu	Đâu Cần Một Bài Ca Tình Yêu	Tiên Tiên	['v-pop', 'vietnam indie', 'vinahouse', 'vietnamese lo-fi']	2019-09-19	195514.0	41.0	False	True
Em Không Sai, Chúng Ta Sai	Em Không Sai, Chúng Ta Sai	ERIK	['v-pop', 'vietnamese lo-fi', 'vinahouse', 'vietnam indie']	2020-05-07	291529.0	55.0	False	True
Bad Habits	=	Ed Sheeran	['soft pop']	2021-10-25	230746.0	75.0	False	True
người điên	ái	tlinh	['v-pop', 'vietnamese hip hop', 'vietnam indie', 'vietnamese lo-fi', 'vinahouse']	2023-08-16	147475.0	47.0	False	True
thank u, next	thank u, next	Ariana Grande	['pop']	2019-02-08	207320.0	76.0	True	True
Black Swan	MAP OF THE SOUL : 7	BTS	['k-pop']	2020-02-21	198260.0	66.0	False	True
Thói Quen (25 Mét Vuông) [feat. Gducky]	Thói Quen (25 mét vuông) [feat. Gducky]	Hoàng Dũng	['v-pop', 'vietnam indie', 'vietnamese lo-fi', 'vietnamese hip hop']	2021-11-21	279857.0	36.0	False	True
Bước Za Đi Xa	Bước Za Đi Xa	Wxrdie	['vietnamese hip hop', 'v-pop']	2024-09-18	168774.0	54.0	False	True
Arson	Jack In The Box	j-hope	['k-pop', 'k-rap']	2022-07-15	159761.0	64.0	True	True
Hype Boy	NewJeans 1st EP 'New Jeans'	NewJeans	['k-pop']	2022-08-01	179026.0	73.0	False	True
"Đi Giữa Trời Rực Rỡ - From ""Đi Giữa Trời Rực Rỡ"""	"Đi Giữa Trời Rực Rỡ (From ""Đi Giữa Trời Rực Rỡ"")"	Ngô Lan Hương	['v-pop', 'vinahouse', 'vietnamese lo-fi', 'vietnam indie', 'vietnamese hip hop']	2024-08-05	220839.0	59.0	False	True
Tim Anh Ghen	THE WXRDIES	Wxrdie	['vietnamese hip hop', 'v-pop']	2024-11-12	279605.0	57.0	True	True
SOLO	SOLO	JENNIE	['k-pop']	2018-11-12	169566.0	65.0	False	True
Dù Cho Tận Thế	Dù Cho Tận Thế	ERIK	['v-pop', 'vietnamese lo-fi', 'vinahouse', 'vietnam indie']	2025-02-06	233263.0	67.0	False	True
Lao Tâm Khổ Tứ	Lao Tâm Khổ Tứ	Thanh Hưng	['v-pop', 'vietnamese lo-fi', 'vinahouse']	2023-03-03	346289.0	46.0	False	True
Trời hôm nay nhiều mây cực!	Trời hôm nay nhiều mây cực!	Đen	['v-pop', 'vietnamese hip hop', 'vietnam indie', 'vietnamese lo-fi']	2020-08-07	252600.0	42.0	False	True
Khi Cơn Mơ Dần Phai (feat. Tez & Myra Trần)	Rap Việt Mùa 3 (2023) - Tập 15	RAP VIỆT	['vietnamese hip hop', 'v-pop']	2023-09-03	195840.0	45.0	False	True
FAKE LOVE	Love Yourself 轉 'Tear'	BTS	['k-pop']	2018-05-18	242333.0	74.0	False	True
Vì Mẹ Anh Bắt Chia Tay	Vì Mẹ Anh Bắt Chia Tay	Miu Lê	['v-pop', 'vietnamese hip hop', 'vinahouse', 'vietnamese lo-fi']	2022-06-13	261999.0	40.0	False	True
Pin Dự Phòng	Dữ Liệu Quý	Dương Domic	['v-pop', 'vietnamese hip hop']	2024-11-22	226415.0	58.0	False	True
Kill This Love	Kill This Love	BLACKPINK	['k-pop']	2019-04-05	189052.0	64.0	False	True
Phố Không Em	Phố Không Em	Thái Đinh	['vietnam indie', 'v-pop']	2016-02-01	286432.0	42.0	False	True
Dance Monkey	Dance Monkey (Stripped Back) / Dance Monkey	Tones And I	[]	2019-10-17	209438.0	70.0	False	True
Hard to Love	BORN PINK	BLACKPINK	['k-pop']	2022-09-16	162569.0	58.0	True	True
Intentions (feat. Quavo)	Changes	Justin Bieber	[]	2020-02-14	212866.0	71.0	False	True
34+35	Positions	Ariana Grande	['pop']	2020-10-30	173710.0	72.0	True	True
greedy	greedy	Tate McRae	[]	2023-09-15	131872.0	82.0	True	True
Mai Mình Xa	Mai Mình Xa	Thịnh Suy	['v-pop', 'vietnam indie', 'vietnamese lo-fi']	2019-12-20	191007.0	52.0	False	True
Bảo Tàng	Bảo Tàng	Low G	['vietnamese hip hop', 'v-pop', 'vietnam indie']	2023-11-29	185142.0	51.0	False	True
Real Love - The Heroes Version	Real Love (The Heroes Version)	My Anh	['v-pop', 'vietnam indie']	2021-07-18	243934.0	34.0	False	True
ANH ĐÃ LÀM GÌ ĐÂU (feat. Nhật Hoàng & Thùy Chi)	RAP VIỆT 2024, Tập 12	RAP VIỆT	['vietnamese hip hop', 'v-pop']	2024-12-02	297000.0	56.0	False	True
Simple Love	Simple Love	Obito	['v-pop', 'vietnamese hip hop', 'vietnam indie']	2022-11-28	213721.0	48.0	False	True
Supernova	Armageddon - The 1st Album	aespa	['k-pop']	2024-05-27	178880.0	67.0	False	True
drinks or coffee	rosie	ROSÉ	['k-pop']	2024-12-06	133113.0	76.0	False	True
ĐÂU PHẢI VỢ ANH (feat. Dangrangto)	RAP VIỆT 2024, Tập 4	RAP VIỆT	['vietnamese hip hop', 'v-pop']	2024-10-14	184000.0	53.0	False	True
Có Đâu Ai Ngờ	Có Đâu Ai Ngờ	Cầm	['v-pop', 'vietnamese lo-fi', 'vinahouse', 'vietnamese hip hop']	2022-09-08	220000.0	38.0	False	True
LALISA	LALISA	LISA	['k-pop']	2021-09-10	200689.0	63.0	False	True
Chim Quý Trong Lồng	Chim Quý Trong Lồng	K-ICM	['v-pop', 'vinahouse', 'vietnam indie', 'vietnamese lo-fi', 'vietnamese hip hop']	2021-07-12	343061.0	13.0	False	True
INDUSTRY BABY (feat. Jack Harlow)	INDUSTRY BABY (feat. Jack Harlow)	Lil Nas X	[]	2021-07-23	212000.0	70.0	True	True
Blinding Lights	After Hours	The Weeknd	[]	2020-03-20	200040.0	84.0	False	True
LƯỚT TRÊN CON SÓNG (feat. Dangrangto)	RAP VIỆT 2024, Tập 11	RAP VIỆT	['vietnamese hip hop', 'v-pop']	2024-11-26	251176.0	55.0	False	True
Va Vào Giai Điệu Này (feat. RPT MCK)	Rap Việt Tập 15	RAP VIỆT	['vietnamese hip hop', 'v-pop']	2020-11-08	197209.0	42.0	False	True
Là Anh	Là Anh	Phạm Lịch	['vinahouse', 'v-pop', 'vietnamese lo-fi']	2023-03-10	212395.0	42.0	False	True
Shinunoga E-Wa	HELP EVER HURT NEVER	Fujii Kaze	['j-pop']	2020-05-20	185573.0	73.0	False	True
You & Me	JENNIE Special Single [You & Me]	JENNIE	['k-pop']	2023-10-06	179164.0	67.0	False	True
Bad Decisions (with BTS & Snoop Dogg)	Bad Decisions (with BTS & Snoop Dogg)	benny blanco	[]	2022-08-05	172714.0	62.0	False	True
Đi Giữa Trời Rực Rỡ (Original Soundtrack from “Đi Giữa Trời Rực Rỡ”)		SK Pictures						
Yêu Nắm	Yêu Nắm	BigDaddy	['v-pop', 'vietnamese hip hop', 'vinahouse', 'vietnam indie']	2024-02-13	227076.0	47.0	False	True
Thương Em Là Điều Anh Không Thể Ngờ	Thương Em Là Điều Anh Không Thể Ngờ	Noo Phước Thịnh	['v-pop', 'vinahouse', 'vietnamese lo-fi']	2018-12-18	308458.0	46.0	False	True
Cắt Đôi Nỗi Sầu	Cắt Đôi Nỗi Sầu	Tăng Duy Tân	['v-pop', 'vinahouse', 'vietnamese lo-fi']	2023-09-27	182000.0	45.0	False	True
Lửng Lơ	Lửng Lơ	Masew	['v-pop', 'vietnamese hip hop', 'vinahouse', 'vietnamese lo-fi', 'vietnam indie']	2019-04-01	267243.0	51.0	True	True
Có Em Chờ	Có Em Chờ	MIN	['v-pop', 'vietnamese hip hop', 'vietnamese lo-fi', 'vietnam indie', 'vinahouse']	2020-06-30	234000.0	49.0	False	True
Có Người	Inner Me	Vũ Cát Tường	['v-pop', 'vietnam indie']	2019-11-30	236000.0	40.0	False	True
As It Was	Harry's House	Harry Styles	[]	2022-05-20	167303.0	83.0	False	True
Girl Hà Nội (ft. Dangrangto, Lu, Rem)		SIXTYUPTOWN						
Nâng Chén Tiêu Sầu	Nâng Chén Tiêu Sầu	Bích Phương	['v-pop', 'vietnamese hip hop', 'vietnamese lo-fi', 'vinahouse', 'vietnam indie']	2024-03-08	185277.0	40.0	False	True
Gieo Quẻ (feat. Đen)	LINK	Hoàng Thùy Linh	['v-pop', 'vietnamese hip hop', 'vinahouse', 'vietnam indie']	2022-08-11	198947.0	42.0	False	True
Phút Ban Đầu	Phút Ban Đầu	Vũ.	['v-pop', 'vietnam indie', 'vietnamese lo-fi']	2013-03-28	243226.0	46.0	False	True
Super Shy	NewJeans 'Super Shy'	NewJeans	['k-pop']	2023-07-07	154666.0	75.0	False	True
MOIEM	MOIEM	Dangrangto	['vietnamese hip hop', 'v-pop']	2024-11-06	191834.0	57.0	False	True
Yours	Jirisan (Original Television Soundtrack) Pt. 4	Jin	['k-pop']	2021-11-07	264840.0	61.0	False	True
Forget About Her	KOSMIK	JustaTee	['v-pop', 'vietnamese hip hop', 'vietnam indie', 'vietnamese lo-fi', 'vinahouse']	2022-10-31	217500.0	54.0	False	True
Shape of You	÷ (Deluxe)	Ed Sheeran	['soft pop']	2017-03-03	233712.0	83.0	False	True
ON	MAP OF THE SOUL : 7	BTS	['k-pop']	2020-02-21	246380.0	66.0	False	True
Easy On Me	30	Adele	['soft pop']	2021-11-19	224694.0	79.0	False	True
Fortnight (feat. Post Malone)	THE TORTURED POETS DEPARTMENT	Taylor Swift	[]	2024-04-18	228965.0	80.0	False	True
Mười Năm (Lộn Xộn 3)	Mười Năm (Lộn Xộn 3)	Đen	['v-pop', 'vietnamese hip hop', 'vietnam indie', 'vietnamese lo-fi']	2019-02-01	257560.0	53.0	False	True
Perfect	÷ (Deluxe)	Ed Sheeran	['soft pop']	2017-03-03	263400.0	83.0	False	True
thay mọi cô gái yêu anh	thay mọi cô gái yêu anh	AMEE	['v-pop', 'vietnamese hip hop', 'vietnam indie', 'vietnamese lo-fi']	2022-02-06	215257.0	43.0	False	True
MD Anniversary	MD Anniversary	BAN	['v-pop', 'vietnamese hip hop']	2023-10-10	140136.0	45.0	False	True
Khi Mà	Khi Mà	Ronboogz	['v-pop', 'vietnamese hip hop', 'vietnam indie']	2022-12-12	228630.0	54.0	False	True
id thang máy (feat. 267)	id thang máy (feat. 267)	W/N	['v-pop', 'vietnamese hip hop', 'vietnamese lo-fi', 'vietnam indie']	2024-07-31	131050.0	47.0	False	True
Chưa Quên Người Yêu Cũ	Chưa Quên Người Yêu Cũ	Hà Nhi	['v-pop', 'vinahouse', 'vietnamese lo-fi', 'vietnam indie']	2022-08-03	302465.0	45.0	False	True
Flowers	Endless Summer Vacation	Miley Cyrus	[]	2023-08-18	200600.0	84.0	False	True
Qua Khung Cửa Sổ	Qua Khung Cửa Sổ	Chillies	['v-pop', 'vietnam indie', 'vietnamese lo-fi', 'vietnamese hip hop']	2021-05-05	299090.0	38.0	False	True
Có Không Giữ Mất Đừng Tìm	Có Không Giữ Mất Đừng Tìm	Trúc Nhân	['v-pop', 'vietnam indie']	2022-05-12	215908.0	41.0	False	True
Ngày Tận Thế (feat. Da LAB, Touliver)	Ngày Tận Thế (feat. Da LAB, Touliver)	Tóc Tiên	['v-pop', 'vietnamese lo-fi', 'vietnam indie', 'vietnamese bolero']	2020-02-21	232166.0	40.0	False	True
Still With You	Still With You	Jung Kook	['k-pop']	2020-06-05	239905.0	74.0	False	True
ĐẦU ĐỘI SỪNG (feat. Quân A.P, HURRYKNG & Hùng Huỳnh)	"ANH TRAI ""SAY HI"" (Live Stage 2)"	"ANH TRAI ""SAY HI"""	['v-pop', 'vietnamese hip hop']	2024-08-06	213818.0	46.0	False	True
Mot Dem Say (X)	Mot Dem Say (X)	Thịnh Suy	['v-pop', 'vietnam indie', 'vietnamese lo-fi']	2019-06-11	233713.0	50.0	False	True
Lạc Vào Trong Mơ	Lạc Vào Trong Mơ	SimonC	['v-pop', 'vietnamese lo-fi', 'vinahouse']	2022-04-08	172774.0	40.0	False	True
Girls Like You	Red Pill Blues (Deluxe)	Maroon 5	['pop']	2018-06-15	215229.0	65.0	True	True
ngủ một mình (tình rất tình)	ngủ một mình (tình rất tình)	HIEUTHUHAI	['v-pop', 'vietnamese hip hop', 'vietnamese lo-fi', 'vietnam indie', 'vinahouse']	2022-12-15	192000.0	58.0	False	True
Hương (feat. Negav)	hương	Văn Mai Hương	['v-pop', 'vinahouse', 'vietnamese hip hop', 'vietnam indie']	2021-01-23	210285.0	47.0	False	True
Dân Chơi Xóm (feat. RPT MCK & JustaTee)	Rap Việt Tập 16	RAP VIỆT	['vietnamese hip hop', 'v-pop']	2020-11-16	153402.0	38.0	False	True
Here With Me	Petals to Thorns	d4vd	[]	2023-05-26	242484.0	81.0	False	True
Em Khong The	Em Khong The	Tiên Tiên	['v-pop', 'vietnam indie', 'vinahouse', 'vietnamese lo-fi']	2018-10-27	250773.0	46.0	False	True
Lily	Different World	Alan Walker	[]	2018-12-14	195840.0	67.0	False	True
Rockstar	Rockstar	LISA	['k-pop']	2024-06-27	138213.0	77.0	True	True
Đi Đu Đưa Đi	Đi Đu Đưa Đi	Bích Phương	['v-pop', 'vietnamese hip hop', 'vietnamese lo-fi', 'vinahouse', 'vietnam indie']	2019-08-24	220169.0	36.0	False	True
LOST!	Right Place, Wrong Person	RM	['k-pop', 'k-rap']	2024-05-24	233013.0	70.0	True	True
Việc Nên Làm	GOLDEN BOY	Rocky CDE	['vietnamese hip hop', 'v-pop']	2024-01-06	274212.0	53.0	False	True
Sweet Night	ITAEWON CLASS (Original Television Soundtrack) Pt. 12	V	['k-pop']	2020-03-13	214258.0	66.0	False	True
Save Your Tears	After Hours	The Weeknd	[]	2020-03-20	215626.0	81.0	True	True
overtired	overtired	Dab	['v-pop', 'vietnamese hip hop', 'vietnam indie']	2021-10-23	174235.0	46.0	False	True
Sweet but Psycho	Heaven & Hell	Ava Max	[]	2020-09-18	187436.0	77.0	False	True
Say Sóng	Khu Vườn Tình	Tăng Duy Tân	['v-pop', 'vinahouse', 'vietnamese lo-fi']	2024-10-29	206315.0	55.0	False	True
Lover	Lover	Taylor Swift	[]	2019-08-23	221306.0	81.0	False	True
Psycho	‘The ReVe Festival’ Finale	Red Velvet	['k-pop']	2019-12-23	210560.0	66.0	False	True
Always Remember Us This Way	A Star Is Born Soundtrack (Without Dialogue)	Lady Gaga	['art pop', 'pop']	2018-10-05	210200.0	80.0	False	True
Slow Dancing (Piano Ver.)	Layover	V	['k-pop']	2023-09-08	188093.0	60.0	False	True
Lilith (feat. SUGA of BTS) (Diablo IV Anthem)	Lilith (feat. SUGA of BTS) (Diablo IV Anthem)	Halsey	[]	2023-06-05	180933.0	57.0	True	True
À Lôi	À Lôi	Double2T	['v-pop', 'vietnamese hip hop']	2023-07-14	197333.0	39.0	False	True
Blue	Layover	V	['k-pop']	2023-09-08	149853.0	63.0	False	True
luther (with sza)	GNX	Kendrick Lamar	['hip hop', 'west coast hip hop']	2024-11-22	177598.0	89.0	False	True
abcdefu	abcdefu	GAYLE	[]	2021-08-13	168601.0	70.0	True	True
Attention	NewJeans 1st EP 'New Jeans'	NewJeans	['k-pop']	2022-08-01	180066.0	71.0	False	True
Mang Tiền Về Cho Mẹ	Mang Tiền Về Cho Mẹ	Đen	['v-pop', 'vietnamese hip hop', 'vietnam indie', 'vietnamese lo-fi']	2022-01-04	405360.0	47.0	False	True
Nàng Thơ	25	Hoàng Dũng	['v-pop', 'vietnam indie', 'vietnamese lo-fi', 'vietnamese hip hop']	2020-12-16	254476.0	49.0	False	True
On My Way	On My Way	Alan Walker	[]	2019-03-21	193797.0	69.0	True	True
deja vu	SOUR	Olivia Rodrigo	[]	2021-05-21	215506.0	80.0	True	True
Tình Bạn Diệu Kỳ	Tình Bạn Diệu Kỳ	Ricky Star	['v-pop', 'vietnamese hip hop', 'vietnam indie']	2021-02-23	203666.0	27.0	False	True
two years	rosie	ROSÉ	['k-pop']	2024-12-06	167748.0	71.0	False	True
Can We Kiss Forever?	Can We Kiss Forever?	Kina	[]	2018-08-31	187931.0	67.0	False	True
Là Do Em Xui Thôi	Là Do Em Xui Thôi	Khói	['vietnamese hip hop', 'v-pop', 'vietnamese lo-fi', 'vietnam indie']	2020	290366.0	35.0	False	True
LÀN ƯU TIÊN	LÀN ƯU TIÊN	MOPIUS	['v-pop']	2024-12-03	203428.0	56.0	False	True
girls like me don't cry	girls like me don't cry	thủy	[]	2022-10-06	213640.0	62.0	False	True
Chúng Ta Sau Này	Chúng Ta Sau Này	T.R.I	['v-pop', 'vietnamese lo-fi', 'vietnam indie', 'vietnamese hip hop']	2021-01-29	211200.0	51.0	False	True
Baby Gọi Cho Anh (feat. CAPTAIN & UMIE)	Rap Việt Mùa 3 - Vòng 2	RAP VIỆT	['vietnamese hip hop', 'v-pop']	2023-08-09	178252.0	44.0	False	True
không một bài hát nào có thể diễn tả cảm xúc của em lúc này. (feat. Thanh Bui)	LINK	Hoàng Thùy Linh	['v-pop', 'vietnamese hip hop', 'vinahouse', 'vietnam indie']	2022-08-11	240500.0	36.0	False	True
Ice Cream (with Selena Gomez)	THE ALBUM	BLACKPINK	['k-pop']	2020-10-02	175813.0	59.0	False	True
Lý Do Nào Để Quay Lại Với Nhau	Lý Do Nào Để Quay Lại Với Nhau	PAR SG	['vietnamese hip hop', 'vietnamese lo-fi', 'v-pop', 'vietnam indie']	2022-05-20	116142.0	53.0	False	True
thật quá đáng.. để yêu	thật quá đáng.. để yêu	NICKY	['v-pop', 'vietnam indie', 'vietnamese hip hop']	2024-10-09	186000.0	51.0	False	True
For Us	Layover	V	['k-pop']	2023-09-08	171160.0	64.0	False	True
lovely (with Khalid)	lovely (with Khalid)	Billie Eilish	[]	2018-04-19	200185.0	83.0	False	True
Shay nắnggg	Shay nắnggg	AMEE	['v-pop', 'vietnamese hip hop', 'vietnam indie', 'vietnamese lo-fi']	2022-06-06	208301.0	48.0	False	True
WALK (feat. HURRYKNG, HIEUTHUHAI, Negav, Pháp Kiều & Isaac)	"ANH TRAI ""SAY HI"", Tập 10"	"ANH TRAI ""SAY HI"""	['v-pop', 'vietnamese hip hop']	2024-08-18	232258.0	47.0	False	True
Không Phải Gu	Ai Cũng Phải Bắt Đầu Từ Đâu Đó	HIEUTHUHAI	['v-pop', 'vietnamese hip hop', 'vietnamese lo-fi', 'vietnam indie', 'vinahouse']	2023-10-16	201407.0	52.0	True	True
MONTERO (Call Me By Your Name)	MONTERO	Lil Nas X	[]	2021-09-17	137704.0	71.0	True	True
SHEESH	BABYMONS7ER	BABYMONSTER	['k-pop']	2024-04-01	170356.0	74.0	False	True
Snowman	Everyday Is Christmas (Deluxe Edition)	Sia	[]	2018-11-01	165900.0	77.0	False	True
Một Năm Mới Bình An	m-tp M-TP	Sơn Tùng M-TP	['v-pop', 'vinahouse', 'vietnamese hip hop']	2017-04-01	247196.0	55.0	False	True
Và Ngày Nào Đó	Và Ngày Nào Đó	Trung Quân	['v-pop', 'vietnam indie', 'vietnamese lo-fi']	2022-09-13	262311.0	40.0	False	True
Don't Start Now	Future Nostalgia	Dua Lipa	['pop']	2020-03-27	183290.0	77.0	False	True
3am	rosie	ROSÉ	['k-pop']	2024-12-06	154050.0	72.0	False	True
VỀ QUÊ (feat. Mikelodic & Đặng Thái Bình)	Rap Việt Mùa 3 (2023) - Tập 3	RAP VIỆT	['vietnamese hip hop', 'v-pop']	2023-06-11	177230.0	34.0	False	True
Đường Một Chiều	Đường Một Chiều	Huỳnh Tú	['v-pop', 'vietnamese hip hop', 'vietnam indie', 'vietnamese lo-fi']	2022-08-17	287021.0	47.0	False	True
Một Ngày Chẳng Nắng	Một Ngày Chẳng Nắng	Pháo	['v-pop', 'vinahouse', 'vietnamese hip hop']	2023-04-28	192997.0	40.0	False	True
"Hẹn Một Mai - From"" 4 Năm 2 Chàng 1 Tình Yêu"""	"Hẹn Một Mai (From"" 4 Năm 2 Chàng 1 Tình Yêu"")"	Bùi Anh Tuấn	['v-pop', 'vietnamese lo-fi']	2024-03-04	259915.0	50.0	False	True
gameboy	rosie	ROSÉ	['k-pop']	2024-12-06	166742.0	72.0	False	True
Bắt Cóc Con Tim	Bắt Cóc Con Tim	Lou Hoàng	['v-pop', 'vinahouse', 'vietnamese lo-fi']	2022-06-30	197549.0	40.0	False	True
Càng Cua	Càng Cua	Low G	['vietnamese hip hop', 'v-pop', 'vietnam indie']	2022-02-03	139813.0	45.0	False	True
stay a little longer	rosie	ROSÉ	['k-pop']	2024-12-06	246606.0	73.0	False	True
Từng Ngày Yêu Em	Từng Ngày Như Mãi Mãi	buitruonglinh	['v-pop', 'vietnamese lo-fi', 'vietnam indie', 'vinahouse']	2024-12-12	225882.0	61.0	False	True
good 4 u	SOUR	Olivia Rodrigo	[]	2021-05-21	178146.0	78.0	True	True
I'll Be There	I'll Be There	Jin	['k-pop']	2024-10-25	181677.0	73.0	False	True
Unholy (feat. Kim Petras)	Unholy (feat. Kim Petras)	Sam Smith	['soft pop']	2022-09-22	156943.0	74.0	False	True
NGÂN	FLVR	tlinh	['v-pop', 'vietnamese hip hop', 'vietnam indie', 'vietnamese lo-fi', 'vinahouse']	2024-09-18	158905.0	52.0	False	True
Hoa Hải Đường	Hoa Hải Đường	Jack - J97	['v-pop', 'vietnamese lo-fi', 'vinahouse']	2020-09-22	229589.0	44.0	False	True
Em Bé	Em Bé	AMEE	['v-pop', 'vietnamese hip hop', 'vietnam indie', 'vietnamese lo-fi']	2020-09-22	192000.0	48.0	False	True
Her Summer	Her Summer	Vũ.	['v-pop', 'vietnam indie', 'vietnamese lo-fi']	2019-07-18	224589.0	39.0	False	True
Em Hát Ai Nghe	Em Hát Ai Nghe	Orange	['v-pop', 'vietnamese hip hop', 'vietnamese lo-fi', 'vietnam indie', 'vinahouse']	2021-08-18	279152.0	48.0	False	True
dance all night	rosie	ROSÉ	['k-pop']	2024-12-06	214950.0	70.0	False	True
Creepin' (with The Weeknd & 21 Savage)	HEROES & VILLAINS	Metro Boomin	[]	2022-12-02	221520.0	78.0	True	True
Cheri Cheri Lady	Cheri Cheri Lady	Maléna	[]	2022-10-31	143227.0	37.0	False	True
For Youth	Proof	BTS	['k-pop']	2022-06-10	264480.0	60.0	False	True
Lời Đường Mật		Artist Page Redirect Cleanup 2023						
Đúng Cũng Thành Sai	Đúng Cũng Thành Sai	Mỹ Tâm	['v-pop', 'vietnamese bolero', 'vietnam indie']	2020-10-01	287359.0	43.0	False	True
Sunflower - Spider-Man: Into the Spider-Verse	Spider-Man: Into the Spider-Verse (Soundtrack From & Inspired by the Motion Picture)	Post Malone	[]	2018-12-14	158040.0	77.0	False	True
TUYẾT TRÊN PHỐ (feat. Gill)	RAP VIỆT 2024, Tập 2	RAP VIỆT	['vietnamese hip hop', 'v-pop']	2024-09-30	222800.0	50.0	False	True
Gene	Gene	Binz	['vietnamese hip hop', 'v-pop', 'vinahouse', 'vietnam indie']	2019-05-12	228000.0	39.0	False	True
Paint The Town Red	Paint The Town Red	Doja Cat	[]	2023-08-04	231750.0	75.0	True	True
Daechwita	D-2	Agust D	['k-pop', 'k-rap']	2020-05-22	225668.0	71.0	True	True
Vừa Hận Vừa Yêu	Vừa Hận Vừa Yêu	Trung Tu	['v-pop', 'vietnamese lo-fi', 'vinahouse']	2024-06-25	157239.0	43.0	False	True
Băng Qua Cầu Giấy	THE WXRDIES	Wxrdie	['vietnamese hip hop', 'v-pop']	2024-11-12	206162.0	52.0	True	True
Unstoppable	This Is Acting	Sia	[]	2016-01-29	217746.0	76.0	False	True
So Close	So Close	Binz	['vietnamese hip hop', 'v-pop', 'vinahouse', 'vietnam indie']	2019-08-24	199578.0	37.0	False	True
Cupid (Twin Ver.) - Live Studio Version OT4	The Beginning	FIFTY FIFTY	['k-pop']	2023-09-22	174116.0	72.0	False	True
All I Want for Christmas Is You	Merry Christmas	Mariah Carey	['christmas']	1994-10-28	241106.0	77.0	False	True
Trương Đình Hoàng	VANLOVE	Lil Van	['vietnamese hip hop', 'v-pop']	2024-04-17	219036.0	54.0	False	True
Light Switch	CHARLIE	Charlie Puth	['soft pop', 'pop']	2022-10-06	187703.0	67.0	False	True
Pretty Savage	THE ALBUM	BLACKPINK	['k-pop']	2020-10-02	199122.0	62.0	False	True
Dancing With Your Ghost	Dancing With Your Ghost	Sasha Alex Sloan	[]	2019-06-28	197732.0	73.0	False	True
Happy For You (feat. Vũ.)	Happy For You (feat. Vũ.)	Lukas Graham	[]	2021-07-02	226402.0	34.0	False	True
Tái Sinh	MULTIVERSE	Tùng Dương	['v-pop', 'vietnam indie']	2024-11-16	240000.0	56.0	False	True
Người Hãy Quên Em Đi	Tâm 9	Mỹ Tâm	['v-pop', 'vietnamese bolero', 'vietnam indie']	2017-12-06	232481.0	43.0	False	True
Woman	Planet Her	Doja Cat	[]	2021-06-25	172626.0	79.0	True	True
Tally	BORN PINK	BLACKPINK	['k-pop']	2022-09-16	184248.0	61.0	True	True
Đau Nhất Là Lặng Im	Đau Nhất Là Lặng Im	ERIK	['v-pop', 'vietnamese lo-fi', 'vinahouse', 'vietnam indie']	2022-02-17	286153.0	49.0	False	True
Mời Em	THE WXRDIES	Wxrdie	['vietnamese hip hop', 'v-pop']	2024-11-12	203687.0	57.0	True	True
Astronaut In The Ocean	Astronaut In The Ocean	Masked Wolf	[]	2021-01-06	132780.0	67.0	True	True
đứa nào làm em buồn?	đứa nào làm em buồn?	Phuc Du	['vietnamese hip hop', 'v-pop', 'vietnamese lo-fi', 'vinahouse', 'vietnam indie']	2022-08-08	252539.0	39.0	False	True
Heather	Kid Krow	Conan Gray	[]	2020-03-20	198040.0	81.0	False	True
too bad for us	rosie	ROSÉ	['k-pop']	2024-12-06	236248.0	69.0	False	True
Đi Để Trở Về	Đi Để Trở Về	SOOBIN	['v-pop', 'vietnamese hip hop', 'vietnamese lo-fi', 'vietnam indie', 'vinahouse']	2017-01-17	202084.0	55.0	False	True
Think About U	Think About U	Kay Chau Anh	['v-pop']	2024-11-11	172015.0	54.0	False	True
Past Lives	Past Lives	Jasper	['lo-fi']	2020-09-26	99310.0	33.0	False	True
Pano	Pano	Zack Tabudlo	['opm', 'harana', 'p-pop', 'kundiman', 'pinoy r&b', 'pinoy indie']	2021-12-06	254400.0	64.0	False	True
"Nhắm Mắt Thấy Mùa Hè - From ""Nhắm Mắt Thấy Mùa Hè"""	"Nhắm Mắt Thấy Mùa Hè (From ""Nhắm Mắt Thấy Mùa Hè"")"	Nguyên Hà	['v-pop', 'vietnam indie']	2018	282857.0	47.0	False	True
Sau Lưng Anh Có Ai Kìa	Sau Lưng Anh Có Ai Kìa	Thiều Bảo Trâm	['v-pop', 'vietnamese lo-fi']	2022-04-11	302640.0	41.0	False	True
yêu thì yêu không yêu thì yêu	dreaAMEE	AMEE	['v-pop', 'vietnamese hip hop', 'vietnam indie', 'vietnamese lo-fi']	2020-06-20	190285.0	36.0	False	True
Hôm Nay Tôi Buồn - Remastered 2023	Hôm Nay Tôi Buồn (The 5th Anniversary)	Phùng Khánh Linh	['v-pop', 'vietnam indie', 'city pop']	2023-02-01	275820.0	41.0	False	True
Stuck with U (with Justin Bieber)	Stuck with U	Ariana Grande	['pop']	2020-05-08	228482.0	76.0	False	True
Ai Đưa Em Về	Ai Đưa Em Về	TIA	['v-pop', 'vietnamese lo-fi', 'vietnam indie', 'vinahouse', 'vietnamese hip hop']	2019-06-20	233249.0	45.0	False	True
Đi Qua Mùa Hạ	Đi Qua Mùa Hạ	Thái Đinh	['vietnam indie', 'v-pop']	2019-07-14	283262.0	41.0	False	True
Chưa Được Yêu Như Thế	Chỉ Có Thể Là Anh	TRANG	['vietnam indie', 'v-pop']	2022-06-18	254000.0	49.0	False	True
Là Từ Lúc (Since)	Là Từ Lúc (Since)	Nguyễn Minh Xuân Ái	['v-pop', 'vietnam indie']	2021-03-02	266657.0	47.0	False	True
Vệ Tinh (Live at GENfest 24)	HIEUTHUHAI (Live at GENfest 24)	HIEUTHUHAI	['v-pop', 'vietnamese hip hop', 'vietnamese lo-fi', 'vietnam indie', 'vinahouse']	2025-02-24	170709.0	0.0	False	True
Quyền Anh	LOI CHOI: The Neo Pop Punk	Wren Evans	['v-pop', 'vietnam indie', 'vietnamese hip hop', 'vietnamese lo-fi', 'vinahouse']	2023-12-17	179008.0	40.0	False	True
on the street (solo version)	HOPE ON THE STREET VOL.1	j-hope	['k-pop', 'k-rap']	2024-03-29	191602.0	63.0	False	True
Shivers	=	Ed Sheeran	['soft pop']	2021-10-25	207853.0	79.0	False	True
Sau Này, Hãy Gặp Lại Nhau Khi Hoa Nở	Hôm Qua Hôm Nay Và Sau Này	Nguyên Hà	['v-pop', 'vietnam indie']	2020-10-06	276480.0	37.0	False	True
Người Ta Có Thương Mình Đâu	Người Ta Có Thương Mình Đâu	Trúc Nhân	['v-pop', 'vietnam indie']	2018-07-17	228121.0	39.0	False	True
BLACKJACK	The Playah	SOOBIN	['v-pop', 'vietnamese hip hop', 'vietnamese lo-fi', 'vietnam indie', 'vinahouse']	2020-12-15	196742.0	39.0	False	True
"Ngày Chưa Giông Bão (Theme Song From ""Người Bất Tử"")"	"Ngày Chưa Giông Bão (Theme Song From ""Người Bất Tử"")"	Bùi Lan Hương	['v-pop', 'vietnam indie']	2018-10-18	212000.0	42.0	False	True
Moonlit Floor (Kiss Me)	Moonlit Floor (Kiss Me)	LISA	['k-pop']	2024-10-03	155757.0	79.0	False	True
Tình Nào Không Như Tình Đầu	Tình Nào Không Như Tình Đầu	Trung Quân	['v-pop', 'vietnam indie', 'vietnamese lo-fi']	2020-03-09	281960.0	37.0	False	True
Từng Là Của Nhau	Từng Là Của Nhau	Bảo Anh	['v-pop', 'vietnamese lo-fi', 'vinahouse', 'vietnamese bolero', 'vietnam indie']	2022-08-30	269473.0	42.0	False	True
id 2022 (feat. 267)	id 2022 (feat. 267)	W/N	['v-pop', 'vietnamese hip hop', 'vietnamese lo-fi', 'vietnam indie']	2023-12-31	242401.0	47.0	False	True
The Planet	The Planet	BTS	['k-pop']	2023-05-12	178156.0	58.0	False	True
Thấy Chưa	Gieo	Ngọt	['vietnam indie', 'v-pop', 'vietnamese hip hop']	2022-11-25	232204.0	48.0	False	True
That That (prod.&feat. SUGA of BTS)	PSY 9th	PSY	['k-pop']	2022-04-29	174646.0	66.0	False	True
Một Mình Có Buồn Không (feat. Lou Hoàng)	Một Mình Có Buồn Không	Thiều Bảo Trâm	['v-pop', 'vietnamese lo-fi']	2020-10-21	266285.0	35.0	False	True
Girl Of My Dreams (with SUGA of BTS)	Fighting Demons (Deluxe)	Juice WRLD	['melodic rap', 'emo rap']	2022-03-18	226149.0	61.0	True	True
Tình Yêu Vĩ Mô	LOI CHOI: The Neo Pop Punk	Wren Evans	['v-pop', 'vietnam indie', 'vietnamese hip hop', 'vietnamese lo-fi', 'vinahouse']	2023-12-17	183529.0	39.0	False	True
Santa Tell Me	Santa Tell Me	Ariana Grande	['pop']	2014-11-24	204093.0	74.0	False	True
Chập Chờn	Dữ Liệu Quý	Dương Domic	['v-pop', 'vietnamese hip hop']	2024-11-22	192558.0	54.0	False	True
Yêu Em 2 Ngày	Yêu Em 2 Ngày	Dương Domic	['v-pop', 'vietnamese hip hop']	2024-03-08	224117.0	54.0	False	True
Mad at Disney	(MORE) Unsponsored Content	salem ilese	[]	2022-10-07	136838.0	62.0	False	True
BAO LỜI CON CHƯA NÓI (feat. Dương Domic, Anh Tú Atus, Song Luân, Quang Trung & Anh Tú)	"ANH TRAI ""SAY HI"" (Live Stage 4)"	"ANH TRAI ""SAY HI"""	['v-pop', 'vietnamese hip hop']	2024-08-26	333000.0	49.0	False	True
Hẹn Ước Từ Hư Vô - Live	Hẹn Ước Từ Hư Vô (Live)	Mỹ Tâm	['v-pop', 'vietnamese bolero', 'vietnam indie']	2022-03-02	247553.0	43.0	False	True
Bùa Yêu	Dramatic	Bích Phương	['v-pop', 'vietnamese hip hop', 'vietnamese lo-fi', 'vinahouse', 'vietnam indie']	2018-11-21	241649.0	39.0	False	True
White Christmas (with V of BTS)	White Christmas (with V of BTS)	V	['k-pop']	2024-12-06	173033.0	72.0	False	True
Em Đã Biết (feat. Rtee)	Em Đã Biết	SUNI	['v-pop', 'vietnam indie', 'vietnamese lo-fi', 'vinahouse']	2016-03-17	261321.0	43.0	False	True
I Like Me Better	I met you when I was 18. (the playlist)	Lauv	[]	2018-05-31	197436.0	80.0	False	True
Agora Hills	Scarlet	Doja Cat	[]	2023-09-22	265360.0	73.0	True	True
Heartbreak Anniversary	TAKE TIME	GIVĒON	['r&b']	2020-03-27	198370.0	76.0	False	True
Anh Muốn Nhìn Thấy Em	Anh Muốn Nhìn Thấy Em	The Wind	['v-pop', 'vietnamese hip hop']	2023-07-27	212000.0	56.0	False	True
một bài hát không vui mấy - Extended Version	một bài hát không vui mấy (Extended Version)	T.R.I	['v-pop', 'vietnamese lo-fi', 'vietnam indie', 'vietnamese hip hop']	2024-12-24	235315.0	59.0	False	True
Tell the kids i love them	Đánh Đổi	Obito	['v-pop', 'vietnamese hip hop', 'vietnam indie']	2023-10-10	224175.0	55.0	True	True
Em Mới Là Người Yêu Anh	Em Mới Là Người Yêu Anh	MIN	['v-pop', 'vietnamese hip hop', 'vietnamese lo-fi', 'vietnam indie', 'vinahouse']	2021-06-08	228979.0	45.0	False	True
Đom Đóm	Đom Đóm	Jack - J97	['v-pop', 'vietnamese lo-fi', 'vinahouse']	2020-12-26	324949.0	40.0	False	True
Dangerously	Nine Track Mind	Charlie Puth	['soft pop', 'pop']	2016-01-29	199133.0	60.0	False	True
Để Anh Một Mình (feat. Quang Anh Rhyder)	Rap Việt Mùa 3 - Vòng 1	RAP VIỆT	['vietnamese hip hop', 'v-pop']	2023-07-21	192000.0	44.0	False	True
I Don't Care (with Justin Bieber)	No.6 Collaborations Project	Ed Sheeran	['soft pop']	2019-07-12	219946.0	70.0	False	True
Daylight	Daylight	David Kushner	[]	2023-04-14	212953.0	78.0	False	True
So Am I	Heaven & Hell	Ava Max	[]	2020-09-18	183026.0	66.0	False	True
After LIKE	After LIKE	IVE	['k-pop']	2022-08-22	176973.0	68.0	False	True
Cô Đơn Trên Sofa	Cô Đơn Trên Sofa	Hồ Ngọc Hà	['v-pop', 'vinahouse']	2022-10-19	263362.0	42.0	False	True
Querry	Querry	QNT	['vietnamese hip hop', 'v-pop', 'vietnam indie', 'vietnamese lo-fi']	2022-01-06	230663.0	44.0	False	True
Perfect Night	Perfect Night	LE SSERAFIM	['k-pop']	2023-10-27	159080.0	74.0	False	True
Come back to me	Right Place, Wrong Person	RM	['k-pop', 'k-rap']	2024-05-24	388960.0	62.0	False	True
Cô Ta	Một Vạn Năm	Vũ.	['v-pop', 'vietnam indie', 'vietnamese lo-fi']	2022-09-09	214500.0	41.0	False	True
I'm a Mess	Expectations	Bebe Rexha	[]	2018-06-22	195519.0	65.0	False	True
Tình Yêu Xanh Lá (Juju)	gop	Thịnh Suy	['v-pop', 'vietnam indie', 'vietnamese lo-fi']	2020-11-16	179000.0	42.0	False	True
Lời Nói Dối Sau Nụ Cười - Piano version	Lời Nói Dối Sau Nụ Cười (Piano Version)	Hồ Tuấn Phúc	['v-pop']	2022-05-15	264193.0	6.0	False	True
not the same	rosie	ROSÉ	['k-pop']	2024-12-06	184006.0	68.0	False	True
Blue & Grey	BE	BTS	['k-pop']	2020-11-20	254950.0	59.0	False	True
I.F.L.Y.	Soul Searching	Bazzi	[]	2019-08-09	165714.0	64.0	True	True
call it the end	rosie	ROSÉ	['k-pop']	2024-12-06	141141.0	68.0	False	True
Vì Điều Gì	Từng Ngày Như Mãi Mãi	buitruonglinh	['v-pop', 'vietnamese lo-fi', 'vietnam indie', 'vinahouse']	2024-12-12	153383.0	56.0	False	True
Nhạc Trap Căng Nhất 2023	420ent.	Wxrdie	['vietnamese hip hop', 'v-pop']	2023-04-20	213523.0	42.0	True	True
Don't Know What To Do	Kill This Love	BLACKPINK	['k-pop']	2019-04-05	201081.0	57.0	False	True
wherever u r (ft. V of BTS)	wherever u r (ft. V of BTS)	UMI	[]	2023-12-30	153034.0	62.0	False	True
nữ siêu anh hùng	ái	tlinh	['v-pop', 'vietnamese hip hop', 'vietnam indie', 'vietnamese lo-fi', 'vinahouse']	2023-08-16	211436.0	48.0	False	True
Dancing With A Stranger (with Normani)	Love Goes	Sam Smith	['soft pop']	2020-10-30	171029.0	73.0	False	True
Born Singer	Proof	BTS	['k-pop']	2022-06-10	238628.0	57.0	False	True
ME! (feat. Brendon Urie of Panic! At The Disco)	Lover	Taylor Swift	[]	2019-08-23	193000.0	70.0	False	True
SPOT!	SPOT!	ZICO	['k-rap', 'k-pop']	2024-04-26	167706.0	73.0	False	True
DNA	Love Yourself 承 'Her'	BTS	['k-pop']	2017-09-18	223122.0	65.0	False	True
Don't Break My Heart	Don't Break My Heart	Binz	['vietnamese hip hop', 'v-pop', 'vinahouse', 'vietnam indie']	2022-03-14	237600.0	40.0	False	True
Levitating (feat. DaBaby)	Future Nostalgia	Dua Lipa	['pop']	2020-03-27	203064.0	76.0	False	True
Bất Bình Thường	Bất Bình Thường	WHEE!	['vietnam indie', 'v-pop', 'vietnamese lo-fi']	2023-07-28	208518.0	36.0	False	True
Sợ Rằng Em Biết Anh Còn Yêu Em	Sợ Rằng Em Biết Anh Còn Yêu Em	JUUN D	['v-pop', 'vietnamese lo-fi', 'vietnam indie', 'vietnamese hip hop']	2020-02-07	322504.0	41.0	False	True
LOVE DIVE	LOVE DIVE	IVE	['k-pop']	2022-04-05	177186.0	68.0	False	True
Nơi Mình Dừng Chân (Nhạc Phim Chị Trợ Lý Của Anh)	Nơi Mình Dừng Chân (Nhạc Phim Chị Trợ Lý Của Anh)	Mỹ Tâm	['v-pop', 'vietnamese bolero', 'vietnam indie']	2019-01-25	242093.0	43.0	False	True
Wild Flower (with youjeen)	Indigo	RM	['k-pop', 'k-rap']	2022-12-02	273499.0	71.0	False	True
Tình Yêu Ngủ Quên	Tình Yêu Ngủ Quên	Hoàng Tôn	['v-pop', 'vietnamese hip hop', 'vinahouse']	2021-06-12	177600.0	43.0	False	True
I'm Still Loving You	I'm Still Loving You	Noo Phước Thịnh	['v-pop', 'vinahouse', 'vietnamese lo-fi']	2019-11-13	200000.0	30.0	False	True
Freaky Squad (feat. Touliver)	Freaky Squad (feat. Touliver)	Rhymastic	['v-pop', 'vietnamese hip hop', 'vietnam indie', 'vinahouse', 'vietnamese lo-fi']	2021-11-30	196800.0	36.0	False	True
Sucker	Happiness Begins	Jonas Brothers	[]	2019-06-07	181026.0	74.0	False	True
Chạy Về Khóc Với Anh	Chạy Về Khóc Với Anh	ERIK	['v-pop', 'vietnamese lo-fi', 'vinahouse', 'vietnam indie']	2022-01-26	223658.0	51.0	False	True
Film out	Film out	BTS	['k-pop']	2021-04-01	214620.0	59.0	False	True
Nơi Mình Dừng Chân (Nhạc Phim Chị Trợ Lý Của Anh)	Nơi Mình Dừng Chân (Nhạc Phim Chị Trợ Lý Của Anh)	Mỹ Tâm	['v-pop', 'vietnamese bolero', 'vietnam indie']	2019-01-25	242093.0	43.0	False	True
Neva Play (feat. RM of BTS)	Neva Play (feat. RM of BTS)	Megan Thee Stallion	[]	2024-09-06	157173.0	67.0	True	True
Lối Chơi (Interlude)	LOI CHOI: The Neo Pop Punk	Wren Evans	['v-pop', 'vietnam indie', 'vietnamese hip hop', 'vietnamese lo-fi', 'vinahouse']	2023-12-17	142588.0	38.0	False	True
Sour Candy (with BLACKPINK)	Sour Candy (with BLACKPINK)	Lady Gaga	['art pop', 'pop']	2020-05-28	157706.0	58.0	False	True
Rolling Down (feat. CAPTAIN)	Rap Việt Mùa 3 (2023) - Tập 13	RAP VIỆT	['vietnamese hip hop', 'v-pop']	2023-08-20	214154.0	44.0	False	True
Whiplash	Whiplash - The 5th Mini Album	aespa	['k-pop']	2024-10-21	183226.0	74.0	False	True
Kìa Bóng Dáng Ai	Kìa Bóng Dáng Ai	Pháo	['v-pop', 'vinahouse', 'vietnamese hip hop']	2023-01-12	164266.0	36.0	False	True
Bóng Phù Hoa	Vũ Trụ Cò Bay	Phương Mỹ Chi	['v-pop', 'vietnamese bolero']	2023-09-18	274620.0	43.0	False	True
Mood (feat. iann dior)	El Dorado	24kGoldn	[]	2021-03-26	140533.0	74.0	True	True
"Tự Sự - Original Soundtrack from ""Qua Bển Làm Chi"""	"Tự Sự (Original Soundtrack from ""Qua Bển Làm Chi"")"	Orange	['v-pop', 'vietnamese hip hop', 'vietnamese lo-fi', 'vietnam indie', 'vinahouse']	2022-05-20	257000.0	46.0	False	True
People Pt.2 (feat. IU)	D-DAY	Agust D	['k-pop', 'k-rap']	2023-04-21	213995.0	62.0	False	True
Let's Fall in Love for the Night	Blood Harmony	FINNEAS	[]	2019-10-04	190348.0	66.0	True	True
Save Your Tears (Remix) (with Ariana Grande) - Bonus Track	After Hours (Deluxe)	The Weeknd	[]	2020-03-20	191013.0	77.0	False	True
ily (i love you baby) (feat. Emilee)	ily (i love you baby) (feat. Emilee)	Surf Mesa	[]	2019-11-26	176546.0	70.0	False	True
Chân Mây (Live Performance)	Chân Mây (Live Performance)	K-ICM	['v-pop', 'vinahouse', 'vietnam indie', 'vietnamese lo-fi', 'vietnamese hip hop']	2022-05-30	241713.0	5.0	False	True
CỨ ĐỂ ANH TA RỜI ĐI (feat. Dương Domic, Quang Hùng MasterD, Lou Hoàng, Song Luân & Bảo Anh)	"ANH TRAI ""SAY HI"", Tập 7"	"ANH TRAI ""SAY HI"""	['v-pop', 'vietnamese hip hop']	2024-08-05	272926.0	44.0	False	True
Muộn Màng Là Từ Lúc	Tâm 9	Mỹ Tâm	['v-pop', 'vietnamese bolero', 'vietnam indie']	2017-12-06	235093.0	44.0	False	True
FRIENDS	FRIENDS	Marshmello	['edm']	2018-02-09	202620.0	72.0	True	True
Beautiful People (feat. Khalid)	No.6 Collaborations Project	Ed Sheeran	['soft pop']	2019-07-12	197866.0	66.0	False	True
Tự Tình 2	Tự Tình 2	Trung Quân	['v-pop', 'vietnam indie', 'vietnamese lo-fi']	2022-09-22	290976.0	36.0	False	True
Em Đã Thương Người Ta Hơn Anh	Em Đã Thương Người Ta Hơn Anh	Noo Phước Thịnh	['v-pop', 'vinahouse', 'vietnamese lo-fi']	2020-09-09	291781.0	40.0	False	True
Có Chơi Có Chịu	421	Karik	['v-pop', 'vietnamese hip hop', 'vietnam indie', 'vietnamese lo-fi', 'vinahouse']	2024-07-11	223852.0	34.0	False	True
Anti-Hero	Midnights	Taylor Swift	[]	2022-10-21	200690.0	78.0	False	True
Make It Right	MAP OF THE SOUL : PERSONA	BTS	['k-pop']	2019-04-12	226321.0	60.0	False	True
Havana (feat. Young Thug)	Camila	Camila Cabello	['pop']	2018-01-12	217306.0	77.0	False	True
ROXANNE	ROXANNE	Arizona Zervas	[]	2019-10-10	163636.0	69.0	True	True
Nghe Em	Nghe Em	Thịnh Suy	['v-pop', 'vietnam indie', 'vietnamese lo-fi']	2019-10-31	268591.0	36.0	False	True
Trở Về	THE WXRDIES	Wxrdie	['vietnamese hip hop', 'v-pop']	2024-11-12	194000.0	55.0	True	True
nàng thơ… trời giấu trời mang đi	dreaAMEE (acoustic version)	AMEE	['v-pop', 'vietnamese hip hop', 'vietnam indie', 'vietnamese lo-fi']	2020-12-16	262150.0	38.0	False	True
Believer	Evolve	Imagine Dragons	[]	2017-06-23	204346.0	82.0	False	True
YOU (feat. AK49)	YOU (feat. AK49)	GPG msmy	['vietnamese hip hop', 'v-pop', 'vietnam indie']	2023-02-02	147692.0	40.0	False	True
QUA TỪNG KHUNG HÌNH (feat. Hustlang Robber & Ngắn)	RAP VIỆT 2024, Tập 9	RAP VIỆT	['vietnamese hip hop', 'v-pop']	2024-11-18	240000.0	51.0	False	True
10,000 Hours (with Justin Bieber)	10,000 Hours (with Justin Bieber)	Dan + Shay	['country']	2019-10-04	167693.0	69.0	False	True
Nắng Ấm Ngang Qua	SKY DECADE	Sơn Tùng M-TP	['v-pop', 'vinahouse', 'vietnamese hip hop']	2022-10-06	195697.0	39.0	False	True
Đưa Nhau Đi Trốn - Chill Version	Đưa Nhau Đi Trốn (Chill Version)	Đen	['v-pop', 'vietnamese hip hop', 'vietnam indie', 'vietnamese lo-fi']	2015-09-11	241958.0	53.0	False	True
ĐĐĐ	LOI CHOI: The Neo Pop Punk	Wren Evans	['v-pop', 'vietnam indie', 'vietnamese hip hop', 'vietnamese lo-fi', 'vinahouse']	2023-12-17	217150.0	38.0	False	True
Dám Rực Rỡ		WeChoice						
Dusk Till Dawn (feat. Sia) - Radio Edit	Icarus Falls	ZAYN	[]	2018-12-14	239000.0	78.0	False	True
CUA (Live at GENfest 24)	HIEUTHUHAI (Live at GENfest 24)	HIEUTHUHAI	['v-pop', 'vietnamese hip hop', 'vietnamese lo-fi', 'vietnam indie', 'vinahouse']	2025-02-24	191343.0	0.0	True	True
Angel Pt. 2 (feat. Jimin of BTS, Charlie Puth and Muni Long / FAST X Soundtrack)	Angel Pt. 2 (feat. Jimin of BTS, Charlie Puth and Muni Long / FAST X Soundtrack)	JVKE	[]	2023-06-15	176454.0	57.0	False	True
NIGHT DANCER	NIGHT DANCER	imase	['j-pop']	2022-08-19	210948.0	65.0	False	True
cô ấy của anh ấy	không biết nên vui hay buồn	Bảo Anh	['v-pop', 'vietnamese lo-fi', 'vinahouse', 'vietnamese bolero', 'vietnam indie']	2023-05-21	274576.0	40.0	False	True
eight(Prod.&Feat. SUGA of BTS)	eight	IU	['k-pop', 'k-ballad']	2020-05-06	167573.0	62.0	False	True
SO FAR	SO FAR	Binz	['vietnamese hip hop', 'v-pop', 'vinahouse', 'vietnam indie']	2018-11-01	204602.0	42.0	False	True
Circles	Hollywood's Bleeding	Post Malone	[]	2019-09-06	215280.0	81.0	False	True
Đi Tìm Tình Yêu	Đi Tìm Tình Yêu	MONO	['v-pop', 'vietnamese hip hop', 'vinahouse']	2024-08-27	203897.0	47.0	False	True
Giấc Mơ Của Em - Suy Version	Giấc Mơ Của Em (Suy Version)	MYLINA	['v-pop']	2023-09-21	190500.0	42.0	False	True
Chỉ Là Không Cùng Nhau (Live Version)		Tăng Phúc						
Yes or No	GOLDEN	Jung Kook	['k-pop']	2023-11-03	147557.0	73.0	False	True
Thiên Lý Ơi	Thiên Lý Ơi	Jack - J97	['v-pop', 'vietnamese lo-fi', 'vinahouse']	2024-02-22	220108.0	45.0	False	True
Need to Know	Planet Her	Doja Cat	[]	2021-06-25	210560.0	74.0	True	True
WAP (feat. Megan Thee Stallion)	WAP (feat. Megan Thee Stallion)	Cardi B	[]	2020-08-07	187541.0	72.0	True	True
Anh Đã Quen Với Cô Đơn	Anh Đã Quen Với Cô Đơn	SOOBIN	['v-pop', 'vietnamese hip hop', 'vietnamese lo-fi', 'vietnam indie', 'vinahouse']	2017-03-14	268178.0	54.0	False	True
Say So	Hot Pink	Doja Cat	[]	2019-11-07	237893.0	71.0	True	True
Vinflow	420ent.	Wxrdie	['vietnamese hip hop', 'v-pop']	2023-04-20	168704.0	41.0	True	True
Badtrip	99%	RPT MCK	['vietnamese hip hop', 'v-pop', 'vietnam indie']	2023-03-02	158559.0	46.0	True	True
Việt Kiều	LOI CHOI: The Neo Pop Punk	Wren Evans	['v-pop', 'vietnam indie', 'vietnamese hip hop', 'vietnamese lo-fi', 'vinahouse']	2023-12-17	170958.0	36.0	False	True
Truyền Thái Y (feat. Masew)	Truyền Thái Y (feat. Masew)	Ngô Kiến Huy	['v-pop', 'vinahouse']	2019-08-27	181014.0	36.0	False	True
If I Can't Have You	Shawn Mendes (Deluxe)	Shawn Mendes	['pop']	2019-06-19	191466.0	68.0	False	True
Telepathy	BE	BTS	['k-pop']	2020-11-20	202313.0	60.0	False	True
We Go Hard (feat. JustaTee, Karik, BigDaddy, Andree Right Hand, Suboi, B Ray & Thai VG)	Rap Việt Mùa 3 (2023) - Tập 1	RAP VIỆT	['vietnamese hip hop', 'v-pop']	2023-05-28	217303.0	37.0	False	True
Muốn anh đau	TO LOVE AND BE LOVED	Winno	['vietnamese hip hop', 'v-pop', 'vietnam indie']	2024-02-14	340724.0	48.0	False	True
Từ Chối Hiểu (feat. Quang Anh Rhyder)	Rap Việt Mùa 3 (2023) - Tập 13	RAP VIỆT	['vietnamese hip hop', 'v-pop']	2023-08-20	204800.0	45.0	False	True
Chuyện Chúng Ta Sau Này	Chuyện Chúng Ta Sau Này	Hải Đăng Doo	['v-pop']	2023-03-25	245778.0	57.0	False	True
wish you were gay	WHEN WE ALL FALL ASLEEP, WHERE DO WE GO?	Billie Eilish	[]	2019-03-29	221543.0	71.0	False	True
Chán Gái 707	Chán Gái 707	Low G	['vietnamese hip hop', 'v-pop', 'vietnam indie']	2020-09-29	216438.0	48.0	False	True
GOODBYE ROCKY	GOODBYE ROCKY	Dangrangto	['vietnamese hip hop', 'v-pop']	2024-04-04	298254.0	53.0	False	True
DDU-DU DDU-DU	SQUARE UP	BLACKPINK	['k-pop']	2018-06-15	209355.0	61.0	False	True
DÂU TẰM	FLVR	tlinh	['v-pop', 'vietnamese hip hop', 'vietnam indie', 'vietnamese lo-fi', 'vinahouse']	2024-09-18	160463.0	49.0	True	True
i'm so tired...	~how i'm feeling~	Lauv	[]	2020-03-06	162586.0	67.0	False	True
Shallow	A Star Is Born Soundtrack	Lady Gaga	['art pop', 'pop']	2018-10-05	215733.0	79.0	False	True
My Time	MAP OF THE SOUL : 7	BTS	['k-pop']	2020-02-21	234457.0	60.0	False	True
Run After Two Hares, Catch None		Hoàng Thùy Linh						
để quên	để quên	Ngọt	['vietnam indie', 'v-pop', 'vietnamese hip hop']	2021-04-21	170666.0	47.0	False	True
Like This	Like This	ICM	['v-pop', 'vietnam indie', 'vietnamese lo-fi', 'vinahouse', 'vietnamese hip hop']	2022-01-10	177229.0	1.0	False	True
Talking to the Moon	Doo-Wops & Hooligans	Bruno Mars	[]	2010-05-11	217866.0	80.0	False	True
I Like You (A Happier Song) (with Doja Cat)	Twelve Carat Toothache	Post Malone	[]	2022-06-03	192840.0	72.0	True	True
The Truth Untold (feat. Steve Aoki)	Love Yourself 轉 'Tear'	BTS	['k-pop']	2018-05-18	242292.0	61.0	False	True
Nếu Anh Đi	Tâm 9	Mỹ Tâm	['v-pop', 'vietnamese bolero', 'vietnam indie']	2017-12-06	251893.0	40.0	False	True
Người Ta Thành Đôi Hết Rồi	Người Ta Thành Đôi Hết Rồi	The Sheep	['vietnam indie', 'v-pop']	2019-08-29	164571.0	16.0	False	True
TOO MUCH	TOO MUCH	The Kid LAROI	[]	2023-10-19	203894.0	61.0	True	True
tâm	sinh	Mer	['vietnam indie', 'v-pop']	2023-06-16	108235.0	40.0	False	True
Love Yourself	Purpose (Deluxe)	Justin Bieber	[]	2015-11-13	233720.0	80.0	False	True
Drama	Drama - The 4th Mini Album	aespa	['k-pop']	2023-11-10	214973.0	75.0	False	True
Gu - Cukak Remix	Gu (Cukak Remix)	Freaky	['v-pop', 'vietnamese hip hop', 'vinahouse', 'vietnamese lo-fi']	2021-07-14	177491.0	35.0	True	True
As If It's Your Last	As If It's Your Last	BLACKPINK	['k-pop']	2017-06-22	213264.0	71.0	False	True
HOME	MAP OF THE SOUL : PERSONA	BTS	['k-pop']	2019-04-12	234177.0	63.0	False	True
Miền Mộng Mị	MỘNGMEE	AMEE	['v-pop', 'vietnamese hip hop', 'vietnam indie', 'vietnamese lo-fi']	2024-08-02	166920.0	44.0	False	True
Falling	Nicotine	Trevor Daniel	[]	2020-03-26	159381.0	71.0	False	True
đen đá không đường	dreaAMEE	AMEE	['v-pop', 'vietnamese hip hop', 'vietnam indie', 'vietnamese lo-fi']	2020-06-20	180500.0	46.0	False	True
You Need To Calm Down	Lover	Taylor Swift	[]	2019-08-23	171360.0	73.0	False	True
Closer	Closer	The Chainsmokers	[]	2016-07-29	244960.0	82.0	False	True
Đừng Như Thói Quen	Đừng Như Thói Quen	JayKii	['v-pop', 'vietnamese lo-fi', 'vietnam indie']	2019-06-11	266196.0	43.0	False	True
Nham Mat Thay Mua He OST - Original	Nham Mat Thay Mua He OST (Original)	Nguyên Hà	['v-pop', 'vietnam indie']	2018-06-06	282907.0	35.0	False	True
Yummy	Changes	Justin Bieber	[]	2020-02-14	208520.0	64.0	False	True
Too Good At Goodbyes	The Thrill Of It All (Special Edition)	Sam Smith	['soft pop']	2017-11-03	201000.0	78.0	False	True
Stay	BE	BTS	['k-pop']	2020-11-20	204800.0	56.0	False	True
Ghost	Justice	Justin Bieber	[]	2021-03-19	153190.0	79.0	False	True
Trampoline (with ZAYN)	Melt (Deluxe)	SHAED	[]	2019-12-27	184280.0	62.0	False	True
My You	My You	Jung Kook	['k-pop']	2022-06-13	165070.0	66.0	False	True
Symphony (feat. Zara Larsson)	What Is Love? (Deluxe Edition)	Clean Bandit	[]	2018-11-30	212733.0	74.0	False	True
Dẫu Có Lỗi Lầm	Anh Trai Vượt Ngàn Chông Gai 2024 - Công Diễn 2	Bằng Kiều	['vietnamese bolero', 'v-pop', 'bolero']	2024-08-03	314000.0	49.0	False	True
everything i wanted	everything i wanted	Billie Eilish	[]	2019-11-13	245425.0	80.0	False	True
Phố Đã Lên Đèn	Phố Đã Lên Đèn	Huyền Tâm Môn	['v-pop', 'vietnamese lo-fi', 'vietnam indie']	2021-03-21	286588.0	44.0	False	True
Something Just Like This	Memories...Do Not Open	The Chainsmokers	[]	2017-04-07	247160.0	84.0	False	True
Intro : Persona	MAP OF THE SOUL : PERSONA	BTS	['k-pop']	2019-04-12	171023.0	51.0	False	True
Spring Day	You Never Walk Alone	BTS	['k-pop']	2017-02-13	274097.0	69.0	False	True
Nỗi Đau Đính Kèm	Nỗi Đau Đính Kèm	Anh Tú Atus	['v-pop', 'vietnamese hip hop']	2024-12-10	197142.0	53.0	False	True
Bad Liar	Origins (Deluxe)	Imagine Dragons	[]	2018-11-09	260773.0	76.0	False	True
Phi Hành Gia (feat. Sugar Cane & Kain)	Phi Hành Gia (feat. Sugar Cane & Kain)	Renja	['vietnamese hip hop', 'v-pop', 'vinahouse']	2023-03-16	345342.0	33.0	False	True
Still Life	Still Life	BIGBANG	['k-pop']	2022-04-05	188369.0	62.0	False	True
I AM	I've IVE	IVE	['k-pop']	2023-04-10	183853.0	70.0	False	True
điều vô tri nhất	điều vô tri nhất	Kai Đinh	['v-pop', 'vietnamese lo-fi', 'vietnam indie']	2024-06-25	229894.0	40.0	False	True
Hero (feat. Christina Perri)	Blood, Sweat & 3 Years	Cash Cash	['edm']	2016-06-24	197840.0	56.0	False	True
Chỉ Còn Ta Và Ta Giữa Trời	Chỉ Còn Ta Và Ta Giữa Trời	D Blue	['vietnamese lo-fi', 'vietnamese hip hop', 'v-pop', 'vietnam indie']	2021-03-27	186816.0	48.0	False	True
chẳng giống giáng sinh	chẳng giống giáng sinh	Lu	['v-pop', 'vietnamese hip hop', 'vietnam indie']	2021-12-05	192023.0	46.0	False	True
Last Christmas	LAST CHRISTMAS	Wham!	['christmas']	1984-11-29	262960.0	76.0	False	True
Tình Yêu Đến Sau	Tình Yêu Đến Sau	Myra Trần	['v-pop', 'vietnam indie']	2022-11-21	271399.0	38.0	False	True
Ai muốn nghe không	Ai muốn nghe không	Đen	['v-pop', 'vietnamese hip hop', 'vietnam indie', 'vietnamese lo-fi']	2022-06-12	307500.0	34.0	False	True
Yêu Thầm	Yêu Thầm	Hoàng Yến Chibi	['v-pop', 'vietnamese hip hop', 'vietnamese lo-fi', 'vietnam indie']	2021-07-04	252500.0	34.0	False	True
Fly To My Room	BE	BTS	['k-pop']	2020-11-20	222242.0	55.0	False	True
Em Có Nghe	Em Có Nghe	Kha	['v-pop', 'vietnamese lo-fi', 'vietnam indie', 'vietnamese hip hop', 'vinahouse']	2022-02-26	255129.0	48.0	False	True
Cần Gì Hơn - Teddy Doox Remix	Cần Gì Hơn (The Remixes)	Tiên Tiên	['v-pop', 'vietnam indie', 'vinahouse', 'vietnamese lo-fi']	2020-03-20	152258.0	42.0	False	True
vampire	GUTS	Olivia Rodrigo	[]	2023-09-08	219724.0	80.0	True	True
The Happiest Girl	BORN PINK	BLACKPINK	['k-pop']	2022-09-16	222025.0	54.0	False	True
I Love You So	I Love You So	The Walters	[]	2014-11-28	160239.0	83.0	False	True
boyfriend (with Social House)	boyfriend	Ariana Grande	['pop']	2019-08-02	186106.0	74.0	True	True
Chỉ Muốn Bên Em Lúc Này (Lofi Ver.)	Lâu Phai #2	Orinn	['vinahouse', 'vietnamese lo-fi', 'v-pop', 'lo-fi']	2021-01-25	264645.0	40.0	False	True
Back To You - From 13 Reasons Why – Season 2 Soundtrack	Back To You (From 13 Reasons Why – Season 2 Soundtrack)	Selena Gomez	['pop']	2018-05-10	207904.0	69.0	False	True
Thiêu Thân	Thiêu Thân	B Ray	['vietnamese hip hop', 'v-pop', 'vinahouse', 'vietnam indie']	2022-06-18	198788.0	50.0	False	True
Polaroid Love	DIMENSION : ANSWER	ENHYPEN	['k-pop']	2022-01-10	184601.0	68.0	False	True
Nu Cep	THE WXRDIES	Wxrdie	['vietnamese hip hop', 'v-pop']	2024-11-12	155428.0	53.0	True	True
Người Miền Núi Chất (feat. Double2T)	Rap Việt Mùa 3 (2023) - Tập 12	RAP VIỆT	['vietnamese hip hop', 'v-pop']	2023-08-13	240849.0	36.0	False	True
Anh Không Cố Ý (feat. Limitlxss & Ogenus)	Rap Việt Mùa 3 - Vòng 2	RAP VIỆT	['vietnamese hip hop', 'v-pop']	2023-08-09	255278.0	33.0	False	True
Wolves	Wolves	Selena Gomez	['pop']	2017-10-25	197993.0	73.0	False	True
You Right	Planet Her	Doja Cat	[]	2021-06-25	186173.0	73.0	True	True
DARARI	THE SECOND STEP : CHAPTER ONE	TREASURE	['k-pop']	2022-02-15	220716.0	62.0	False	True
MILLION DOLLAR BABY	MILLION DOLLAR BABY	Tommy Richman	[]	2024-04-26	155151.0	84.0	False	True
Cảm Ơn Và Xin Lỗi	Cảm Ơn Và Xin Lỗi	Chillies	['v-pop', 'vietnam indie', 'vietnamese lo-fi', 'vietnamese hip hop']	2019-07-25	316285.0	45.0	False	True
We are Bulletproof : the Eternal	MAP OF THE SOUL : 7	BTS	['k-pop']	2020-02-21	261542.0	61.0	False	True
CHÀNG KHỜ THUỶ CUNG (feat. Negav & GREY D)	"ANH TRAI ""SAY HI"", Tập 12"	"ANH TRAI ""SAY HI"""	['v-pop', 'vietnamese hip hop']	2024-09-02	309473.0	42.0	False	True
Cookie	NewJeans 1st EP 'New Jeans'	NewJeans	['k-pop']	2022-08-01	235562.0	67.0	False	True
Lonely (with benny blanco)	Justice	Justin Bieber	[]	2021-03-19	149189.0	67.0	True	True
Photograph	x (Deluxe Edition)	Ed Sheeran	['soft pop']	2014-06-21	258986.0	81.0	False	True
Sáng Mắt Chưa	Sáng Mắt Chưa	Trúc Nhân	['v-pop', 'vietnam indie']	2019-08-06	208117.0	37.0	False	True
LIKE THAT	BABYMONS7ER	BABYMONSTER	['k-pop']	2024-04-01	168358.0	71.0	False	True
Hoa Cỏ Lau	Hoa Cỏ Lau	Phong Max	['vinahouse', 'v-pop', 'vietnamese lo-fi']	2023-04-25	210820.0	39.0	False	True
Starboy	Starboy	The Weeknd	[]	2016-11-25	230453.0	85.0	True	True
GODS	GODS	League of Legends	[]	2023-10-04	220878.0	69.0	False	True
Nếu Ngày Ấy	Nếu Ngày Ấy	SOOBIN	['v-pop', 'vietnamese hip hop', 'vietnamese lo-fi', 'vietnam indie', 'vinahouse']	2019-07-22	292693.0	54.0	False	True
NEURON (with Gaeko & YOON MIRAE)	HOPE ON THE STREET VOL.1	j-hope	['k-pop', 'k-rap']	2024-03-29	273290.0	73.0	False	True
FEVER	MEDICINE	Coldzy	['vietnamese hip hop', 'v-pop', 'vietnam indie']	2024-06-03	260073.0	46.0	False	True
ANTIFRAGILE	UNFORGIVEN	LE SSERAFIM	['k-pop']	2023-05-01	184444.0	71.0	False	True
bao tiền một mớ bình yên?	SỐ KHÔNG	14 Casper	['v-pop', 'vietnam indie', 'vietnamese lo-fi']	2023-03-03	300000.0	55.0	False	True
Made You Look	Takin' It Back	Meghan Trainor	[]	2022-10-21	134256.0	75.0	False	True
Treat You Better	Illuminate	Shawn Mendes	['pop']	2017-04-20	187973.0	80.0	False	True
Xoay Một Vòng	Xoay Một Vòng	HIEUTHUHAI	['v-pop', 'vietnamese hip hop', 'vietnamese lo-fi', 'vietnam indie', 'vinahouse']	2024-06-06	147310.0	47.0	False	True
VIBE (feat. Jimin of BTS)	VIBE (feat. Jimin of BTS)	TAEYANG	['k-pop']	2023-01-13	175775.0	57.0	False	True
Sài Gòn Tôi Mưa (feat. MC Goku)	Sài Gòn Tôi Mưa (feat. MC Goku)	Tuyên	['v-pop', 'vietnamese hip hop', 'vietnam indie', 'vietnamese lo-fi']	2021-07-01	329806.0	35.0	False	True
Break My Heart	Future Nostalgia	Dua Lipa	['pop']	2020-03-27	221820.0	71.0	False	True
If	Stardom	Vũ Cát Tường	['v-pop', 'vietnam indie']	2018-10-18	254549.0	34.0	False	True
Call You Mine	World War Joy	The Chainsmokers	[]	2019-12-06	217640.0	63.0	False	True
Em Là Hoàng Hôn (feat. Cloud 5)	Em Là Hoàng Hôn (feat. Cloud 5)	Vang	['vietnamese lo-fi', 'v-pop', 'vinahouse']	2021-05-29	223287.0	37.0	False	True
Say Yes To Heaven	Say Yes To Heaven	Lana Del Rey	[]	2023-05-19	209156.0	80.0	False	True
Giàu Vì Bạn, Sang Vì Vợ (feat. RPT MCK)	Rap Việt Tập 13	RAP VIỆT	['vietnamese hip hop', 'v-pop']	2020-10-25	223446.0	38.0	False	True
Em Moi La Nguoi Yeu Anh - Original		MIN						
All Falls Down (feat. Juliander)	Different World	Alan Walker	[]	2018-12-14	198880.0	60.0	True	True
Shinunoga E-Wa	HELP EVER HURT NEVER	Fujii Kaze	['j-pop']	2020-05-20	185573.0	73.0	False	True
Happier	Happier	Marshmello	['edm']	2018-08-17	214289.0	79.0	False	True
Thêm Bao Nhiêu Lâu	Thêm Bao Nhiêu Lâu	Đạt G	['v-pop', 'vietnamese hip hop', 'vinahouse']	2023-02-24	302000.0	51.0	False	True
Màu Đỏ (Interlude)	Chiều Hôm Ấy Anh Thấy Màu Đỏ	Wren Evans	['v-pop', 'vietnam indie', 'vietnamese hip hop', 'vietnamese lo-fi', 'vinahouse']	2022-12-08	64355.0	35.0	False	True
Đường Tôi Chở Em Về - Lofi	Đường Tôi Chở Em Về (Lofi)	1 9 6 7	['vietnamese lo-fi', 'vinahouse', 'v-pop', 'lo-fi']	2021-06-01	278891.0	41.0	False	True
kho báu đánh rơi (feat. GREY D)	ái	tlinh	['v-pop', 'vietnamese hip hop', 'vietnam indie', 'vietnamese lo-fi', 'vinahouse']	2023-08-16	200202.0	42.0	False	True
Friends	MAP OF THE SOUL : 7	BTS	['k-pop']	2020-02-21	199338.0	59.0	False	True
Tháng 4 Là Lời Nói Dối Của Em - Live in Sài Gòn	SEE SING SHARE 1 (LIVE IN SÀI GÒN)	Hà Anh Tuấn	['v-pop', 'vietnam indie']	2020-11-13	315305.0	38.0	False	True
anh sẽ đến cùng cơn mưa	anh sẽ đến cùng cơn mưa	Hứa Kim Tuyền	['v-pop', 'vietnamese lo-fi', 'vietnam indie']	2022-12-16	261290.0	42.0	False	True
Savage Love (Laxed – Siren Beat) [BTS Remix]	Savage Love (Laxed - Siren Beat) [BTS Remix]	Jawsh 685	[]	2020-10-02	184905.0	59.0	True	True
Nonsense	emails i can't send	Sabrina Carpenter	[]	2022-07-15	163648.0	82.0	False	True
The Middle	The Middle	Zedd	['edm']	2018-01-23	184732.0	74.0	False	True
Yêu Em Rất Nhiều	Yêu Em Rất Nhiều	Hoàng Tôn	['v-pop', 'vietnamese hip hop', 'vinahouse']	2017-09-22	269960.0	49.0	False	True
Don't ever say love me (feat. RM of BTS)	Love Part 2	Colde	[]	2023-05-04	214933.0	54.0	False	True
Chạy Ngay Đi	Chạy Ngay Đi	Sơn Tùng M-TP	['v-pop', 'vinahouse', 'vietnamese hip hop']	2018-05-11	272507.0	45.0	False	True
Dis-ease	BE	BTS	['k-pop']	2020-11-20	239722.0	58.0	False	True
Mamma Mia (Live at GENfest 24)	HIEUTHUHAI (Live at GENfest 24)	HIEUTHUHAI	['v-pop', 'vietnamese hip hop', 'vietnamese lo-fi', 'vietnam indie', 'vinahouse']	2025-02-24	150500.0	0.0	False	True
Đại Minh Tinh	Minh Tinh	Văn Mai Hương	['v-pop', 'vinahouse', 'vietnamese hip hop', 'vietnam indie']	2023-10-24	247368.0	36.0	False	True
Love To Hate Me	THE ALBUM	BLACKPINK	['k-pop']	2020-10-02	169797.0	55.0	False	True
Takeaway	World War Joy	The Chainsmokers	[]	2019-12-06	209880.0	65.0	False	True
sao anh chưa về nhà	dreaAMEE	AMEE	['v-pop', 'vietnamese hip hop', 'vietnam indie', 'vietnamese lo-fi']	2020-06-20	244000.0	48.0	False	True
Under The Influence	Indigo (Extended)	Chris Brown	['r&b']	2019-10-04	184613.0	80.0	True	True
Lớn Rồi Còn Khóc Nhè	Lớn Rồi Còn Khóc Nhè	Trúc Nhân	['v-pop', 'vietnam indie']	2019-04-18	211082.0	44.0	False	True
How Do You Sleep?	Love Goes	Sam Smith	['soft pop']	2020-10-30	202204.0	63.0	False	True
2000 câu hỏi vì sao	MỘNGMEE	AMEE	['v-pop', 'vietnamese hip hop', 'vietnam indie', 'vietnamese lo-fi']	2024-08-02	216496.0	43.0	False	True
Em Đừng Khóc	Qua Khung Cửa Sổ	Chillies	['v-pop', 'vietnam indie', 'vietnamese lo-fi', 'vietnamese hip hop']	2021-05-05	267230.0	44.0	False	True
Em Đã Có Người Mới (feat. Người cũ)	Em Đã Có Người Mới (feat. Người cũ)	Tóc Tiên	['v-pop', 'vietnamese lo-fi', 'vietnam indie', 'vietnamese bolero']	2021-12-09	200337.0	25.0	False	True
That's Hilarious	CHARLIE	Charlie Puth	['soft pop', 'pop']	2022-10-07	144933.0	60.0	True	True
Swim	Chase Atlantic	Chase Atlantic	[]	2017-10-04	228786.0	84.0	True	True
Đi Theo Bóng Mặt Trời	Đi Theo Bóng Mặt Trời	Đen	['v-pop', 'vietnamese hip hop', 'vietnam indie', 'vietnamese lo-fi']	2017-05-13	162102.0	45.0	False	True
Những Kẻ Mộng Mơ	Những Kẻ Mộng Mơ	Noo Phước Thịnh	['v-pop', 'vinahouse', 'vietnamese lo-fi']	2018-10-19	253775.0	40.0	False	True
Bet You Wanna (Feat. Cardi B)	THE ALBUM	BLACKPINK	['k-pop']	2020-10-02	159168.0	52.0	False	True
TOMBOY	I NEVER DIE	(G)I-DLE	['k-pop']	2022-03-14	174386.0	67.0	False	True
Rung Động	Rung Động	Dương Edward	['v-pop', 'vinahouse', 'vietnamese lo-fi', 'vietnam indie']	2022-04-01	259009.0	41.0	False	True
Hold On	Justice	Justin Bieber	[]	2021-03-19	170813.0	66.0	False	True
Violet	Violet	Connor Price	[]	2022-10-07	122880.0	54.0	False	True
Chẳng Thể Tìm Được Em	Chẳng Thể Tìm Được Em	PhucXp	['v-pop', 'vietnamese lo-fi', 'vietnam indie']	2020-11-25	347600.0	43.0	False	True
Beautiful Mistakes (feat. Megan Thee Stallion)	JORDI (Deluxe)	Maroon 5	['pop']	2021-06-11	227395.0	71.0	False	True
アイドル	アイドル	YOASOBI	['j-pop', 'anime']	2023-04-12	213233.0	69.0	False	True
AMYGDALA	D-DAY	Agust D	['k-pop', 'k-rap']	2023-04-21	251533.0	62.0	False	True
Dù Cho Mai Về Sau - Acoustic Version	Dù Cho Mai Về Sau (Acoustic Version)	buitruonglinh	['v-pop', 'vietnamese lo-fi', 'vietnam indie', 'vinahouse']	2020-01-12	213490.0	51.0	False	True
một bài hát không vui mấy - Extended Version	một bài hát không vui mấy (Extended Version)	T.R.I	['v-pop', 'vietnamese lo-fi', 'vietnam indie', 'vietnamese hip hop']	2024-12-24	235315.0	59.0	False	True
#AiChoAi	#AiChoAi	Flo D	['v-pop', 'vietnam indie', 'vietnamese lo-fi', 'vietnamese hip hop']	2020-11-01	159973.0	29.0	False	True
Lose You To Love Me	Rare	Selena Gomez	['pop']	2020-01-10	206458.0	75.0	False	True
That’s So True	The Secret of Us (Deluxe)	Gracie Abrams	[]	2024-10-18	166300.0	93.0	True	True
All Eyes On Me	ME	JISOO	['k-pop']	2023-03-31	163522.0	62.0	False	True
pho real	pho real	Low G	['vietnamese hip hop', 'v-pop', 'vietnam indie']	2024-02-28	166800.0	45.0	True	True
Mùa Mưa Ấy	Bảo Tàng Của Nuối Tiếc	Vũ.	['v-pop', 'vietnam indie', 'vietnamese lo-fi']	2024-09-27	228065.0	52.0	False	True
Khó Vẽ Nụ Cười (feat. Du Uyen)	Khó Vẽ Nụ Cười (feat. Du Uyen)	Đạt G	['v-pop', 'vietnamese hip hop', 'vinahouse']	2019-09-17	332307.0	48.0	False	True
Tiền Nhiều Để Làm Gì (feat. Gducky)	Rap Việt Tập 12	RAP VIỆT	['vietnamese hip hop', 'v-pop']	2020-10-19	248571.0	36.0	False	True
Người Như Anh	Người Như Anh	Mai Tiến Dũng	['v-pop', 'vietnamese bolero', 'vietnam indie']	2022-10-20	290624.0	42.0	False	True
They Said	They Said	Binz	['vietnamese hip hop', 'v-pop', 'vinahouse', 'vietnam indie']	2017-12-02	234418.0	34.0	True	True
Fashion Tán Gái	Fashion Tán Gái	Low G	['vietnamese hip hop', 'v-pop', 'vietnam indie']	2021-12-28	225822.0	43.0	False	True
blue	blue	yung kai	[]	2024-08-02	214357.0	87.0	False	True
girls like me don't cry (remix) ft. MIN	girls like me don't cry (remix) ft. MIN	thủy	[]	2023-03-08	213283.0	38.0	False	True
Love Me Like That	Nevertheless, (Original Television Soundtrack, Pt. 6)	Sam Kim	['k-ballad', 'k-pop']	2021-07-24	211363.0	60.0	False	True
intentions	alone tonight	starfall	[]	2024-04-26	225031.0	63.0	True	True
Super Tuna	Super Tuna	Jin	['k-pop']	2024-10-11	114693.0	65.0	False	True
when the party's over	WHEN WE ALL FALL ASLEEP, WHERE DO WE GO?	Billie Eilish	[]	2019-03-29	196077.0	81.0	False	True
happier	SOUR	Olivia Rodrigo	[]	2021-05-21	175933.0	78.0	True	True
Yêu Sắc Yếu	Yêu Sắc Yếu	Osad	['v-pop', 'vietnamese hip hop']	2021-04-22	167296.0	45.0	False	True
Say You Won't Let Go	Back from the Edge	James Arthur	['soft pop']	2016-10-28	211466.0	80.0	False	True
Nắng Lên (feat. Gonzo & Bwine)	Space Jam, Vol. 1	Rhymastic	['v-pop', 'vietnamese hip hop', 'vietnam indie', 'vinahouse', 'vietnamese lo-fi']	2023-05-08	203809.0	42.0	False	True
Who	~how i'm feeling~	Lauv	[]	2020-03-06	180413.0	63.0	False	True
Say You Do - 2nd Single 2015	Say You Do	Tiên Tiên	['v-pop', 'vietnam indie', 'vinahouse', 'vietnamese lo-fi']	2015	220343.0	39.0	False	True
Người Ơi Người Ở Đừng Về (feat. Suboi)	Người Ơi Người Ở Đừng Về (feat. Suboi)	Đức Phúc	['v-pop', 'vinahouse', 'vietnam indie']	2020-09-27	199906.0	31.0	False	True
"Khi Cô Đơn Em Nhớ Ai (Lofi) - From ""Chill With Vicky Nhung - Season 2: Memory"""	"Khi Cô Đơn Em Nhớ Ai (Lofi) [From ""Chill With Vicky Nhung - Season 2: Memory""]"	Vicky Nhung	['vietnamese lo-fi', 'v-pop', 'vinahouse', 'vietnamese bolero']	2021-08-31	255157.0	39.0	False	True
Hate You	GOLDEN	Jung Kook	['k-pop']	2023-11-03	154236.0	69.0	False	True
Dionysus	MAP OF THE SOUL : PERSONA	BTS	['k-pop']	2019-04-12	249215.0	60.0	False	True
Nhạc Anh (feat. Wxrdie)	Nhạc Anh (feat. Wxrdie)	Andree Right Hand	['vietnamese hip hop', 'v-pop', 'vinahouse']	2020-12-18	168600.0	33.0	False	True
Jamais Vu	MAP OF THE SOUL : PERSONA	BTS	['k-pop']	2019-04-12	227275.0	56.0	False	True
FANCY	FANCY YOU	TWICE	['k-pop']	2019-04-22	213880.0	68.0	False	True
Cold Heart - PNAU Remix	Cold Heart (PNAU Remix)	Elton John	[]	2021-08-13	202735.0	77.0	False	True
Armageddon	Armageddon - The 1st Album	aespa	['k-pop']	2024-05-27	196466.0	68.0	False	True
ELEVEN	ELEVEN	IVE	['k-pop']	2021-12-01	178453.0	65.0	False	True
Vườn Hoa Con Cá (feat. Ngắn)	Vườn Hoa Con Cá (feat. Ngắn)	Olew	['v-pop', 'vietnamese lo-fi', 'vietnam indie']	2023-06-08	234947.0	47.0	False	True
Please Please Please	Short n' Sweet	Sabrina Carpenter	[]	2024-08-23	186365.0	83.0	True	True
Phận Hoa Rơi		K-ICM						
Old Town Road (feat. Billy Ray Cyrus) - Remix	7	Lil Nas X	[]	2019-06-21	157066.0	69.0	False	True
Mùa Hè Năm Đó	Mùa Hè Năm Đó	B Ray	['vietnamese hip hop', 'v-pop', 'vinahouse', 'vietnam indie']	2024-12-24	364000.0	53.0	True	True
SEXY NUKIM (feat. RM of BTS)	SEXY NUKIM (feat. RM of BTS)	Balming Tiger	['k-rap']	2022-09-01	229937.0	52.0	False	True
New Jeans	NewJeans 'Super Shy'	NewJeans	['k-pop']	2023-07-07	108986.0	73.0	False	True
Hurt	NewJeans 1st EP 'New Jeans'	NewJeans	['k-pop']	2022-08-01	177946.0	68.0	False	True
Feel Special	Feel Special	TWICE	['k-pop']	2019-09-23	206866.0	65.0	False	True
Ai Mới Là Kẻ Xấu Xa	99%	RPT MCK	['vietnamese hip hop', 'v-pop', 'vietnam indie']	2023-03-02	192768.0	41.0	True	True
Infinity	Feel Something	Jaymes Young	[]	2017-06-23	237720.0	74.0	False	True
yes, and?	eternal sunshine	Ariana Grande	['pop']	2024-03-08	214994.0	72.0	True	True
Rush Hour (Feat. j-hope of BTS)	Rush Hour	Crush	['k-rap', 'k-pop', 'k-ballad']	2022-09-22	177302.0	56.0	False	True
Luôn yêu đời	Luôn yêu đời	Đen	['v-pop', 'vietnamese hip hop', 'vietnam indie', 'vietnamese lo-fi']	2023-02-09	234240.0	35.0	False	True
That’s Not How This Works (feat. Dan + Shay)	That’s Not How This Works (feat. Dan + Shay)	Charlie Puth	['soft pop', 'pop']	2023-03-31	165619.0	56.0	False	True
Sao Cũng Được	Sao Cũng Được	Binz	['vietnamese hip hop', 'v-pop', 'vinahouse', 'vietnam indie']	2018-03-08	266750.0	39.0	False	True
Alone	FACE	Jimin	['k-pop']	2023-03-24	211250.0	60.0	False	True
Một Công Đôi Việc (feat. HURRYKNG & HIEUTHUHAI)	Rap Việt Mùa 3 (2023) - Tập 11	RAP VIỆT	['vietnamese hip hop', 'v-pop']	2023-08-06	255758.0	41.0	False	True
Qua Ngay Mai	CHILL with me	Tiên Tiên	['v-pop', 'vietnam indie', 'vinahouse', 'vietnamese lo-fi']	2018-12-12	157000.0	44.0	False	True
Mikrokosmos	MAP OF THE SOUL : PERSONA	BTS	['k-pop']	2019-04-12	224225.0	64.0	False	True
EASY	EASY	LE SSERAFIM	['k-pop']	2024-02-19	164545.0	73.0	False	True
Yeah Yeah Yeah	BORN PINK	BLACKPINK	['k-pop']	2022-09-16	178923.0	53.0	False	True
Ngỏ Lời	Ngỏ Lời	SUNI	['v-pop', 'vietnam indie', 'vietnamese lo-fi', 'vinahouse']	2023-05-28	235744.0	29.0	False	True
Hồi Kết	Hồi Kết	Hà Nhi	['v-pop', 'vinahouse', 'vietnamese lo-fi', 'vietnam indie']	2022-11-15	274258.0	37.0	False	True
Sống Cho Hết Đời Thanh Xuân 4 (feat. Dick)	Rap Việt Mùa 3 (2023) - Tập 13	RAP VIỆT	['vietnamese hip hop', 'v-pop']	2023-08-20	260351.0	46.0	False	True
ON (Feat. Sia)	MAP OF THE SOUL : 7	BTS	['k-pop']	2020-02-21	246816.0	50.0	False	True
Face-off	FACE	Jimin	['k-pop']	2023-03-24	229627.0	59.0	True	True
comethru (bonus track)		Jeremy Zucker						
HONGKONG12 (feat. MC 12)	HONGKONG12 (feat. MC 12)	Nguyễn Trọng Tài	['vietnamese hip hop', 'v-pop', 'vietnamese lo-fi', 'vietnam indie']	2019-10-22	253531.0	35.0	False	True
Độ Tộc 2	Độ Tộc 2	Độ Mixi	['vietnamese hip hop', 'v-pop', 'vinahouse']	2021-09-22	201030.0	35.0	False	True
Crazy Over You	THE ALBUM	BLACKPINK	['k-pop']	2020-10-02	161945.0	55.0	False	True
Spring Snow	Lovely Runner, Pt. 8 (Original Soundtrack)	10CM	['k-ballad', 'soundtrack']	2024-05-14	201595.0	67.0	False	True
Đủ trải sẽ thấm	Đủ trải sẽ thấm	Mike	['vietnamese hip hop', 'v-pop', 'brazilian trap']	2022-08-31	268524.0	35.0	False	True
Queencard	I feel	(G)I-DLE	['k-pop']	2023-05-15	161240.0	70.0	False	True
Watermelon Sugar	Fine Line	Harry Styles	[]	2019-12-13	174000.0	78.0	False	True
ĐỀU LÀ CỦA EM (feat. Dương Domic, Anh Tú Atus, Song Luân, Quang Trung & Anh Tú)	"ANH TRAI ""SAY HI"" (Live Stage 4)"	"ANH TRAI ""SAY HI"""	['v-pop', 'vietnamese hip hop']	2024-08-26	238064.0	44.0	False	True
Tứ Phủ	Hoàng	Hoàng Thùy Linh	['v-pop', 'vietnamese hip hop', 'vinahouse', 'vietnam indie']	2019-10-20	264566.0	29.0	False	True
Anh Luôn Là Lý Do	Anh Luôn Là Lý Do	ERIK	['v-pop', 'vietnamese lo-fi', 'vinahouse', 'vietnam indie']	2021-01-13	222089.0	27.0	False	True
Shoong! (feat. LISA of BLACKPINK)	Down to Earth	TAEYANG	['k-pop']	2023-04-25	205101.0	59.0	False	True
INFERNO	HIVE	Sub Urban	[]	2022-06-03	133133.0	63.0	False	True
Moon	MAP OF THE SOUL : 7	BTS	['k-pop']	2020-02-21	208589.0	60.0	False	True
Tết Đong Đầy	Tết Đong Đầy	KHOA	['vietnamese hip hop', 'v-pop']	2022-12-09	206000.0	37.0	False	True
Maria	María	HWASA	['k-pop']	2020-06-29	199026.0	63.0	False	True
IDOL	Love Yourself 結 'Answer'	BTS	['k-pop']	2018-08-24	222732.0	67.0	False	True
Một Giấc Mơ (feat. Kimmese)	Một Giấc Mơ (feat. Kimmese)	Vũ.	['v-pop', 'vietnam indie', 'vietnamese lo-fi']	2020-06-19	227486.0	36.0	False	True
MOT NGUOI VI EM	MOT NGUOI VI EM	WEAN	['v-pop', 'vietnamese hip hop', 'vietnam indie', 'vietnamese lo-fi']	2020-09-25	210639.0	39.0	False	True
Tiến Hay Lùi (Nụ Hôn Bạc Tỷ Original Soundtrack)	Tiến Hay Lùi (Nụ Hôn Bạc Tỷ Original Soundtrack)	Bùi Công Nam	['v-pop', 'vietnam indie', 'vietnamese hip hop']	2025-01-21	186666.0	56.0	False	True
Please Don't Change (feat. DJ Snake)	GOLDEN	Jung Kook	['k-pop']	2023-11-03	146684.0	69.0	False	True
Siren	Siren	TGSN	['v-pop', 'vietnamese hip hop', 'vietnam indie']	2021-05-21	157066.0	39.0	False	True
Cảm ơn	Cảm ơn	Đen	['v-pop', 'vietnamese hip hop', 'vietnam indie', 'vietnamese lo-fi']	2019-10-21	215172.0	35.0	False	True
Slow Dance (feat. Sofia Carson)	MUSE	Jimin	['k-pop']	2024-07-19	188399.0	70.0	False	True
Kiss and Make Up	Dua Lipa (Complete Edition)	Dua Lipa	['pop']	2018-10-19	189173.0	67.0	False	True
Anh Tự Do Nhưng Cô Đơn	Anh Tự Do Nhưng Cô Đơn	Trung Quân	['v-pop', 'vietnam indie', 'vietnamese lo-fi']	2022-11-10	315428.0	38.0	False	True
Cơn Đau	Cơn Đau	Wren Evans	['v-pop', 'vietnam indie', 'vietnamese hip hop', 'vietnamese lo-fi', 'vinahouse']	2022-06-30	219058.0	36.0	False	True
Chậm Lại	Một Vạn Năm	Vũ.	['v-pop', 'vietnam indie', 'vietnamese lo-fi']	2022-09-09	223384.0	33.0	False	True
Enemy (with JID) - from the series Arcane League of Legends	Mercury - Acts 1 & 2	Imagine Dragons	[]	2022-07-01	173381.0	76.0	False	True
Đừng Vì Anh Mà Khóc		Quang Hùng MasterD						
Cô Gái Này Là Của Ai? (feat. Rush, Nhi Nhi)	Cô Gái Này Là Của Ai? (feat. Rush & Nhi Nhi)	Krix	['v-pop', 'vietnamese hip hop']	2021-02-19	166120.0	29.0	False	True
Show Me Love	99%	RPT MCK	['vietnamese hip hop', 'v-pop', 'vietnam indie']	2023-03-02	154917.0	43.0	True	True
Đừng để nước mắt rơi (feat. Obito)	VSTRA	VSTRA	['v-pop', 'vietnamese hip hop', 'vietnam indie', 'vietnamese lo-fi']	2023-11-11	205631.0	47.0	False	True
How Sweet	How Sweet	NewJeans	['k-pop']	2024-05-24	219026.0	74.0	False	True
Out of Time	Dawn FM	The Weeknd	[]	2022-01-06	214193.0	71.0	False	True
What It Is (Solo Version)	What It Is (Versions)	Doechii	[]	2023-03-17	189824.0	73.0	True	True
Way Back Home	Take	SHAUN	['k-pop']	2018-06-27	214136.0	63.0	False	True
Diễn viên tồi	Diễn viên tồi	Đen	['v-pop', 'vietnamese hip hop', 'vietnam indie', 'vietnamese lo-fi']	2022-09-13	349793.0	33.0	False	True
Đoạn Kết Mới	Yên	Hoàng Dũng	['v-pop', 'vietnam indie', 'vietnamese lo-fi', 'vietnamese hip hop']	2022-08-24	294720.0	45.0	False	True
I Don’t Wanna Live Forever (Fifty Shades Darker)	reputation Stadium Tour Surprise Song Playlist	ZAYN	[]	2017-11-09	247160.0	78.0	False	True
Matsuri	LOVE ALL SERVE ALL	Fujii Kaze	['j-pop']	2022-03-23	225920.0	63.0	False	True
00:00 (Zero O’Clock)	MAP OF THE SOUL : 7	BTS	['k-pop']	2020-02-21	250295.0	62.0	False	True
Va Vào Giai Điệu Này	99%	RPT MCK	['vietnamese hip hop', 'v-pop', 'vietnam indie']	2023-03-02	190303.0	44.0	False	True
fuck, i'm lonely	~how i'm feeling~	Lauv	[]	2020-03-06	198973.0	59.0	True	True
Chơi Vơi	Chơi Vơi	K-ICM	['v-pop', 'vinahouse', 'vietnam indie', 'vietnamese lo-fi', 'vietnamese hip hop']	2022-04-20	278400.0	7.0	False	True
Take It Easy (feat. Liu Grace)	Rap Việt Mùa 3 (2023) - Tập 11	RAP VIỆT	['vietnamese hip hop', 'v-pop']	2023-08-06	164571.0	32.0	False	True
Snow On The Beach (feat. More Lana Del Rey)	Midnights (The Til Dawn Edition)	Taylor Swift	[]	2023-05-26	229942.0	68.0	True	True
YOU (feat. Song Luân, Anh Tú Atus, Captain & Quang Trung)	"ANH TRAI ""SAY HI"", Tập 5"	"ANH TRAI ""SAY HI"""	['v-pop', 'vietnamese hip hop']	2024-07-15	196691.0	41.0	False	True
LayLaLay	LayLaLay	Jack - J97	['v-pop', 'vietnamese lo-fi', 'vinahouse']	2023-01-19	291086.0	26.0	False	True
Stay Gold	MAP OF THE SOUL : 7 ~ THE JOURNEY ~	BTS	['k-pop']	2020-07-14	243266.0	56.0	False	True
PS5	(MORE) Unsponsored Content	salem ilese	[]	2022-10-07	152214.0	63.0	False	True
01 Chuyện Dở Dang	Suýt 1	Ngọt	['vietnam indie', 'v-pop', 'vietnamese hip hop']	2024-02-23	211777.0	45.0	False	True
willow	evermore	Taylor Swift	[]	2020-12-11	214706.0	70.0	False	True
Vũ Trụ Có Anh (feat. Pháo)	Vũ Trụ Cò Bay	Phương Mỹ Chi	['v-pop', 'vietnamese bolero']	2023-09-18	220957.0	44.0	False	True
Bao Nhiêu Loài Hoa Remix (feat. tlinh, Machiot)	Bao Nhiêu Loài Hoa Remix (feat. tlinh, Machiot)	KayC	['vietnamese hip hop', 'v-pop', 'vietnam indie']	2024-06-25	155416.0	48.0	False	True
Berlin	Berlin	Khoi Vu	['v-pop', 'vietnamese hip hop', 'vietnamese lo-fi', 'vietnam indie']	2020-02-12	138973.0	43.0	False	True
Ái Nộ	Ái Nộ	Masew	['v-pop', 'vietnamese hip hop', 'vinahouse', 'vietnamese lo-fi', 'vietnam indie']	2021-10-05	232180.0	32.0	False	True
Solo (feat. Demi Lovato)	What Is Love? (Deluxe Edition)	Clean Bandit	[]	2018-11-30	222706.0	67.0	False	True
Next Level	Next Level	aespa	['k-pop']	2021-05-17	221573.0	66.0	False	True
WANNABE	IT'z ME	ITZY	['k-pop']	2020-03-09	191242.0	64.0	False	True
Victorious		K-ICM						
Trăng Hoa Mây Mưa	Trăng Hoa Mây Mưa	Bình Gold	['vietnamese hip hop', 'v-pop', 'vinahouse']	2024-01-13	193999.0	44.0	True	True
是你	是你	梦然	['mandopop', 'c-pop']	2022-07-25	223029.0	58.0	False	True
Standing Next to You - Sped Up - Remix		Beat Record						
SG (with Ozuna, Megan Thee Stallion & LISA of BLACKPINK)	SG (with Ozuna, Megan Thee Stallion & LISA of BLACKPINK)	DJ Snake	[]	2021-10-22	225600.0	63.0	True	True
Có Khi (feat. Low G)	Có Khi (feat. Low G)	Madihu	['v-pop', 'vietnam indie', 'vietnamese hip hop']	2022-10-13	259333.0	41.0	False	True
Hẹn Kiếp Tương Phùng		K-ICM						
Goodbyes (feat. Young Thug)	Hollywood's Bleeding	Post Malone	[]	2019-09-06	174853.0	71.0	True	True
New Woman (feat. ROSALÍA)	New Woman (feat. ROSALÍA)	LISA	['k-pop']	2024-08-15	179789.0	77.0	False	True
Love Hangover (feat. Dominic Fike)	Love Hangover (feat. Dominic Fike)	JENNIE	['k-pop']	2025-01-31	180129.0	82.0	True	True
Suit & Tie	99%	RPT MCK	['vietnamese hip hop', 'v-pop', 'vietnam indie']	2023-03-02	238330.0	41.0	True	True
Savage Love (Laxed - Sired Beat)		Jawsh 685						
Promise	Promise	Jimin	['k-pop']	2018-12-31	151011.0	63.0	False	True
Ngày ấy (Yesterday)	Ngày ấy (Yesterday)	Em Ellata	['v-pop', 'vietnam indie']	2022-08-13	240000.0	43.0	False	True
There's Nothing Holdin' Me Back	Illuminate (Deluxe)	Shawn Mendes	['pop']	2017-04-20	199440.0	82.0	False	True
Blood Sweat & Tears	Wings	BTS	['k-pop']	2016-10-10	217051.0	68.0	False	True
Eastside (with Halsey & Khalid)	FRIENDS KEEP SECRETS	benny blanco	[]	2018-12-07	170769.0	75.0	False	True
no tears left to cry	Sweetener	Ariana Grande	['pop']	2018-08-17	205920.0	73.0	False	True
NÀNG (feat. Ogenus, Anh Tú & Đặng Thái Bình)	Rap Việt Mùa 3 - Vòng 1	RAP VIỆT	['vietnamese hip hop', 'v-pop']	2023-07-21	205128.0	34.0	False	True
Be Kind (with Halsey)	Be Kind (with Halsey)	Marshmello	['edm']	2020-05-01	172761.0	68.0	False	True
You Never Know	THE ALBUM	BLACKPINK	['k-pop']	2020-10-02	229201.0	54.0	False	True
Rain On Me (with Ariana Grande)	Chromatica	Lady Gaga	['art pop', 'pop']	2020-05-29	182200.0	68.0	False	True
Somebody	GOLDEN	Jung Kook	['k-pop']	2023-11-03	168599.0	68.0	False	True
Tết Này Con Sẽ Về	Tết Này Con Sẽ Về	Bùi Công Nam	['v-pop', 'vietnam indie', 'vietnamese hip hop']	2022-01-10	196555.0	46.0	False	True
Tệ Thật, Anh Nhớ Em	Tệ Thật, Anh Nhớ Em	Thanh Hưng	['v-pop', 'vietnamese lo-fi', 'vinahouse']	2022-04-03	344357.0	42.0	False	True
Talk	Talk	Khalid	[]	2019-02-07	197487.0	58.0	False	True
11:11	11:11	MiiNa	['v-pop', 'vietnamese lo-fi']	2023-02-22	251739.0	37.0	False	True
Die For You (with Ariana Grande) - Remix	Starboy (Deluxe)	The Weeknd	[]	2023-03-14	232857.0	72.0	False	True
FOREVER	DRIP	BABYMONSTER	['k-pop']	2024-11-01	212734.0	69.0	False	True
Yếu Đuối	Tình Ca Hoàng Dũng	Hoàng Dũng	['v-pop', 'vietnam indie', 'vietnamese lo-fi', 'vietnamese hip hop']	2019-03-06	323369.0	45.0	False	True
Phong Long	Phong Long	Low G	['vietnamese hip hop', 'v-pop', 'vietnam indie']	2024-01-20	281379.0	44.0	False	True
I’ll Be There	Happy	Jin	['k-pop']	2024-11-15	181677.0	68.0	False	True
Beggin'	Chosen	Måneskin	[]	2017-12-08	211560.0	79.0	False	True
Sunroof	Good Times Go	Nicky Youre	[]	2023-06-09	163025.0	78.0	False	True
vào hạ	Hương Mùa Hè EP.01	SUNI	['v-pop', 'vietnam indie', 'vietnamese lo-fi', 'vinahouse']	2022-07-03	196666.0	36.0	False	True
Một Khi Đã Yêu		K-ICM						
Darkside	Different World	Alan Walker	[]	2018-12-14	211680.0	68.0	False	True
Giấc Mơ Của Em - Suy Version	Giấc Mơ Của Em (Suy Version)	MYLINA	['v-pop']	2023-09-21	190500.0	42.0	False	True
Too Sad to Dance	GOLDEN	Jung Kook	['k-pop']	2023-11-03	175911.0	67.0	False	True
LOVE SCENARIO	Return	iKON	['k-pop']	2018-01-25	209648.0	64.0	False	True
The Right Journey (feat. Gducky)	Rap Việt Tập 15	RAP VIỆT	['vietnamese hip hop', 'v-pop']	2020-11-08	192857.0	30.0	False	True
WOKE UP	WOKE UP	XG	['k-pop']	2024-05-21	188010.0	67.0	False	True
Suýt Nữa Thì...	Suýt Nữa Thì...	Andiez	['v-pop', 'vietnamese lo-fi', 'vietnam indie']	2018-08-13	281344.0	54.0	False	True
Ánh Mắt Biết Cười	Ánh Mắt Biết Cười	Quang Hùng MasterD	['v-pop', 'vietnamese lo-fi', 'vinahouse', 'vietnamese hip hop']	2025-01-26	167796.0	58.0	False	True
Từ A Đến Z (feat. 24k.Right)	Rap Việt Mùa 3 (2023) - Tập 14	RAP VIỆT	['vietnamese hip hop', 'v-pop']	2023-08-27	197601.0	36.0	False	True
Năm Qua Đã Làm Gì	Gala Nhạc Việt 15 - Năm Mới Bình An	Noo Phước Thịnh	['v-pop', 'vinahouse', 'vietnamese lo-fi']	2021-02-19	236975.0	29.0	False	True
Beautiful (feat. Camila Cabello)	Beautiful (feat. Camila Cabello)	Bazzi	[]	2018-08-02	180000.0	66.0	False	True
MẸ YÊU CON	Anh Trai Vượt Ngàn Chông Gai 2024 - Chung Kết	Cường Seven	['v-pop']	2024-10-19	305142.0	48.0	False	True
Anh Đợi Em Được Không	Anh Đợi Em Được Không	Mỹ Tâm	['v-pop', 'vietnamese bolero', 'vietnam indie']	2019-09-24	276790.0	32.0	False	True
Xuân Hy Vọng		K-ICM						
in the dark	in the dark	fueled by boba	['v-pop', 'vietnam indie']	2020-02-20	194577.0	41.0	False	True
Buông	Xin Em, Vol. 01	Bùi Anh Tuấn	['v-pop', 'vietnamese lo-fi']	2016-09-15	233240.0	43.0	False	True
In My Blood	Shawn Mendes	Shawn Mendes	['pop']	2018-05-25	211360.0	67.0	False	True
So Far Away (feat. Jamie Scott & Romy Dya)	So Far Away (feat. Jamie Scott & Romy Dya)	Martin Garrix	['edm', 'electronica', 'progressive house']	2017-12-01	183636.0	59.0	False	True
시작	ITAEWON CLASS (Original Television Soundtrack) Pt.2	Gaho	['soundtrack']	2020-02-01	202440.0	59.0	False	True
Savage	Savage - The 1st Mini Album	aespa	['k-pop']	2021-10-05	238143.0	67.0	False	True
Mistletoe	Under The Mistletoe (Deluxe Edition)	Justin Bieber	[]	2011-01-01	182946.0	70.0	False	True
Cơn Mưa Xa Dần	SKY DECADE	Sơn Tùng M-TP	['v-pop', 'vinahouse', 'vietnamese hip hop']	2022-10-06	196923.0	41.0	False	True
Dear (feat. Lê Hiếu)	Dear (feat. Lê Hiếu)	Gonzo	['vietnamese hip hop', 'v-pop', 'vietnam indie']	2023-02-16	260489.0	31.0	False	True
Outro : Ego	MAP OF THE SOUL : 7	BTS	['k-pop']	2020-02-21	196198.0	57.0	False	True
TRÌNH (Live at GENfest 24)	HIEUTHUHAI (Live at GENfest 24)	HIEUTHUHAI	['v-pop', 'vietnamese hip hop', 'vietnamese lo-fi', 'vietnam indie', 'vinahouse']	2025-02-24	282790.0	0.0	True	True
Nói Chia Tay Thật Khó (feat. Trấn Thành)	Nói Chia Tay Thật Khó	Thùy Chi	['v-pop', 'vinahouse', 'vietnam indie', 'vietnamese hip hop']	2020-10-20	331084.0	25.0	False	True
Shot Glass of Tears	GOLDEN	Jung Kook	['k-pop']	2023-11-03	167246.0	67.0	False	True
Sự Mập Mờ	Sự Mập Mờ	SUNI	['v-pop', 'vietnam indie', 'vietnamese lo-fi', 'vinahouse']	2023-07-09	229384.0	40.0	False	True
You & Me (Coachella ver.)	JENNIE Special Single [You & Me]	JENNIE	['k-pop']	2023-10-06	179864.0	58.0	False	True
Holy (feat. Chance The Rapper)	Holy	Justin Bieber	[]	2020-09-18	212093.0	64.0	False	True
Nothin' on Me	Nothin' on Me	Leah Marie Perez	[]	2020-10-21	217500.0	53.0	True	True
Arcade	Arcade	Duncan Laurence	[]	2019-03-07	183624.0	71.0	False	True
Never Really Over	Never Really Over	Katy Perry	['pop']	2019-05-31	223523.0	63.0	False	True
CHỜ MỘT NGƯỜI (feat. Gill & Captain)	RAP VIỆT 2024, Tập 14	RAP VIỆT	['vietnamese hip hop', 'v-pop']	2024-12-09	259010.0	52.0	False	True
Ngày Em Đẹp Nhất		Nguyen Nhat Tu (Ntu)						
Finding You	Finding You	Chi Pu	['v-pop', 'vinahouse', 'vietnam indie']	2024-05-23	191000.0	37.0	False	True
Mây Lang Thang	Mây Lang Thang	Tùng TeA	['vietnamese hip hop', 'vietnam indie', 'v-pop']	2021-06-01	199035.0	42.0	False	True
New Rules	Dua Lipa (Deluxe)	Dua Lipa	['pop']	2017-06-02	209320.0	76.0	False	True
Chúng Ta Còn Ở Đó Không? - Tet 2025 Movie “Bộ Tứ Báo Thủ” Original Soundtrack	Chúng Ta Còn Ở Đó Không? (Tet 2025 Movie “Bộ Tứ Báo Thủ” Original Soundtrack)	Orange	['v-pop', 'vietnamese hip hop', 'vietnamese lo-fi', 'vietnam indie', 'vinahouse']	2025-01-30	245217.0	54.0	False	True
Đâu Chỉ Riêng Em	Tâm 9	Mỹ Tâm	['v-pop', 'vietnamese bolero', 'vietnam indie']	2017-12-06	234120.0	40.0	False	True
Hơn Em Chỗ Nào	Hơn Em Chỗ Nào	Thùy Chi	['v-pop', 'vinahouse', 'vietnam indie', 'vietnamese hip hop']	2022-12-05	295750.0	34.0	False	True
Closer to You (feat. Major Lazer)	GOLDEN	Jung Kook	['k-pop']	2023-11-03	170995.0	68.0	False	True
1TINHYEU (feat. Hustlang Robber)	RAP VIỆT 2024, Tập 13	RAP VIỆT	['vietnamese hip hop', 'v-pop']	2024-12-03	220740.0	50.0	False	True
Đừng Hỏi Em	Tâm 9	Mỹ Tâm	['v-pop', 'vietnamese bolero', 'vietnam indie']	2017-12-06	263053.0	42.0	False	True
Boy's a liar Pt. 2	Boy's a liar Pt. 2	PinkPantheress	['bedroom pop']	2023-02-03	131013.0	69.0	True	True
Sài Gòn Đâu Có Lạnh (feat. Lewiuy)	Sài Gòn Đâu Có Lạnh (feat. Lewiuy)	Changg	['v-pop', 'vietnamese lo-fi', 'vietnamese hip hop', 'vietnam indie']	2020-12-25	165161.0	38.0	False	True
Nếu Anh Đi	Tâm 9	Mỹ Tâm	['v-pop', 'vietnamese bolero', 'vietnam indie']	2017-12-06	251893.0	40.0	False	True
Ready For Love	BORN PINK	BLACKPINK	['k-pop']	2022-09-16	184677.0	54.0	False	True
The Box	Please Excuse Me for Being Antisocial	Roddy Ricch	['melodic rap']	2019-12-06	196652.0	79.0	True	True
THATS WHAT I WANT	MONTERO	Lil Nas X	[]	2021-09-17	143901.0	70.0	True	True
một triệu like	một triệu like	Đen	['v-pop', 'vietnamese hip hop', 'vietnam indie', 'vietnamese lo-fi']	2020-12-29	264000.0	47.0	False	True
Feel My Rhythm	‘The ReVe Festival 2022 - Feel My Rhythm’	Red Velvet	['k-pop']	2022-03-21	210253.0	60.0	False	True
Không Ra Gì	Không Ra Gì	Trúc Nhân	['v-pop', 'vietnam indie']	2024-11-12	204923.0	48.0	False	True
Nhà Bao Việc (feat. R.Tee)	Rap Việt Tập 12	RAP VIỆT	['vietnamese hip hop', 'v-pop']	2020-10-19	202452.0	26.0	False	True
Trong Sương (feat. MinhLai)	Rap Việt Mùa 3 (2023) - Tập 5	RAP VIỆT	['vietnamese hip hop', 'v-pop']	2023-06-25	173839.0	31.0	False	True
One Kiss (with Dua Lipa)	One Kiss (with Dua Lipa)	Calvin Harris	['edm']	2018-04-06	214846.0	75.0	False	True
break up with your girlfriend, i'm bored	thank u, next	Ariana Grande	['pop']	2019-02-08	190440.0	71.0	True	True
Hope	Sick Boy	The Chainsmokers	[]	2018-12-14	180120.0	58.0	False	True
Yet To Come (Hyundai Ver.)	Yet To Come (Hyundai Ver.)	BTS	['k-pop']	2022-09-23	223535.0	39.0	False	True
FEARLESS (2023 Ver.)	UNFORGIVEN	LE SSERAFIM	['k-pop']	2023-05-01	168437.0	66.0	False	True
Butter (Holiday Remix)	Butter (Holiday Remix)	BTS	['k-pop']	2021-12-03	161894.0	44.0	False	True
Gió (Lofi)	Gió (Lofi)	1 9 6 7	['vietnamese lo-fi', 'v-pop']	2023-03-23	214958.0	43.0	False	True
Anyone	Justice	Justin Bieber	[]	2021-03-19	190779.0	67.0	False	True
Nxde	I love	(G)I-DLE	['k-pop']	2022-10-17	178453.0	66.0	False	True
Người Được Chọn (feat. B Ray, 24k.Right, Dick, CAPTAIN & Đạt G)	Rap Việt Mùa 3 (2023) - Tập 16	RAP VIỆT	['vietnamese hip hop', 'v-pop']	2023-09-10	318066.0	42.0	False	True
Waste It On Me (feat. BTS)	Neon Future III	Steve Aoki	['electro house', 'edm']	2018-11-09	192536.0	56.0	False	True
the boy is mine	eternal sunshine	Ariana Grande	['pop']	2024-03-08	173639.0	78.0	True	True
Youngblood	Youngblood (Deluxe)	5 Seconds of Summer	[]	2018-06-15	203417.0	77.0	False	True
Louder than bombs	MAP OF THE SOUL : 7	BTS	['k-pop']	2020-02-21	217404.0	60.0	False	True
Chân Ái	Chân Ái	Orange	['v-pop', 'vietnamese hip hop', 'vietnamese lo-fi', 'vietnam indie', 'vinahouse']	2020-04-15	262826.0	30.0	False	True
Delicate	reputation	Taylor Swift	[]	2017-11-10	232253.0	76.0	False	True
Love Someone	3 (The Purple Album)	Lukas Graham	[]	2018-10-26	205440.0	65.0	False	True
Toxic	Serotonin Dreams	BoyWithUke	[]	2022-05-06	168066.0	69.0	False	True
IDGAF	Dua Lipa (Deluxe)	Dua Lipa	['pop']	2017-06-02	217946.0	74.0	True	True
Close To Me	Brightest Blue	Ellie Goulding	[]	2020-07-17	182626.0	59.0	True	True
I Need U	The Most Beautiful Moment in Life Pt.1	BTS	['k-pop']	2015-04-29	210986.0	66.0	False	True
Tinh Nhan Oi	Tinh Nhan Oi	Orange	['v-pop', 'vietnamese hip hop', 'vietnamese lo-fi', 'vietnam indie', 'vinahouse']	2019-01-07	254819.0	42.0	False	True
Túy Âm - CM1X Remix	Túy Âm (CM1X Remix)	Xesi	['v-pop', 'vietnamese hip hop', 'vinahouse', 'vietnamese lo-fi', 'vietnam indie']	2023-02-17	177600.0	33.0	False	True
Có đau thì đau một mình	CAM'ON	Orange	['v-pop', 'vietnamese hip hop', 'vietnamese lo-fi', 'vietnam indie', 'vinahouse']	2024-01-11	210531.0	37.0	False	True
Quá Khứ Đôi, Hiện Tại Đơn	Quá Khứ Đôi, Hiện Tại Đơn	Đức Phúc	['v-pop', 'vinahouse', 'vietnam indie']	2022-09-24	310769.0	26.0	False	True
Mưa Thâm Lặng Giời	Mưa Thâm Lặng Giời	BigDaddy	['v-pop', 'vietnamese hip hop', 'vinahouse', 'vietnam indie']	2024-11-01	228521.0	44.0	False	True
Chicken Noodle Soup (feat. Becky G)	Chicken Noodle Soup (feat. Becky G)	j-hope	['k-pop', 'k-rap']	2019-09-27	235497.0	61.0	False	True
cardigan	folklore	Taylor Swift	[]	2020-07-24	239560.0	80.0	False	True
Tối Nay Ta Đi Đâu Nhờ	99%	RPT MCK	['vietnamese hip hop', 'v-pop', 'vietnam indie']	2023-03-02	104698.0	40.0	True	True
Monster (Shawn Mendes & Justin Bieber)	Monster	Shawn Mendes	['pop']	2020-11-20	178994.0	63.0	False	True
Any song	Any song	ZICO	['k-rap', 'k-pop']	2020-01-13	227226.0	58.0	False	True
All Too Well (10 Minute Version) (Taylor's Version) (From The Vault)	Red (Taylor's Version)	Taylor Swift	[]	2021-11-12	613026.0	75.0	True	True
Cool With You	NewJeans 2nd EP 'Get Up'	NewJeans	['k-pop']	2023-07-21	147880.0	68.0	False	True
Tay-Lai Pr0 (Tây-Lai Pr0) [feat. JustaTee & Double2T]	Rap Việt Mùa 3 (2023) - Tập 16	RAP VIỆT	['vietnamese hip hop', 'v-pop']	2023-09-10	258305.0	32.0	False	True
There's No One At All (Another Version)	There's No One At All (Another Version)	Sơn Tùng M-TP	['v-pop', 'vinahouse', 'vietnamese hip hop']	2022-07-05	201469.0	37.0	False	True
Souvenir	Rare (Deluxe)	Selena Gomez	['pop']	2020-04-09	161605.0	60.0	False	True
Hồng không gai	TO LOVE AND BE LOVED	Winno	['vietnamese hip hop', 'v-pop', 'vietnam indie']	2024-02-14	224918.0	53.0	False	True
Inner Child	MAP OF THE SOUL : 7	BTS	['k-pop']	2020-02-21	233265.0	58.0	False	True
Intro: Singularity	Love Yourself 轉 'Tear'	BTS	['k-pop']	2018-05-18	196998.0	56.0	False	True
Midnight Rain	Midnights	Taylor Swift	[]	2022-10-21	174782.0	71.0	False	True
South of the Border (feat. Camila Cabello & Cardi B)	No.6 Collaborations Project	Ed Sheeran	['soft pop']	2019-07-12	204466.0	67.0	False	True
Born Again (feat. Doja Cat & RAYE)	Born Again (feat. Doja Cat & RAYE)	LISA	['k-pop']	2025-02-06	231174.0	87.0	False	True
những đốm sáng	ái	tlinh	['v-pop', 'vietnamese hip hop', 'vietnam indie', 'vietnamese lo-fi', 'vinahouse']	2023-08-16	243640.0	42.0	False	True
Thiên Đàng	Thiên Đàng	Wowy	['vietnamese hip hop', 'v-pop']	2020-10-16	232173.0	29.0	False	True
Smart	Smart (Remixes)	LE SSERAFIM	['k-pop']	2024-03-22	166384.0	72.0	False	True
Super	SEVENTEEN 10th Mini Album 'FML'	SEVENTEEN	['k-pop']	2023-04-24	200386.0	64.0	False	True
Die For You	SMITHEREENS	Joji	[]	2022-11-04	211666.0	71.0	False	True
Forever (feat. Post Malone & Clever)	Changes	Justin Bieber	[]	2020-02-14	219933.0	62.0	False	True
Take You Dancing	Take You Dancing	Jason Derulo	[]	2020-07-22	190306.0	66.0	False	True
Speechless (Full)	Aladdin (Original Motion Picture Soundtrack)	Naomi Scott	[]	2019-05-22	208800.0	64.0	False	True
HÚT (feat. Lou Hoàng, Pháp Kiều, WEAN, Quân A.P, Hải Đăng Doo, Ali Hoàng Dương & Nicky)	"ANH TRAI ""SAY HI"", Tập 2"	"ANH TRAI ""SAY HI"""	['v-pop', 'vietnamese hip hop']	2024-06-24	205379.0	41.0	False	True
GIÀU NHẤT KHU PHÙ HOA	WeChoice Awards 2024	JustaTee	['v-pop', 'vietnamese hip hop', 'vietnam indie', 'vietnamese lo-fi', 'vinahouse']	2025-01-10	320000.0	52.0	False	True
Vành Khuyên Nhỏ (feat. Liu Grace)	Rap Việt Mùa 3 - Vòng 1	RAP VIỆT	['vietnamese hip hop', 'v-pop']	2023-07-21	162457.0	29.0	False	True
The Feels	Formula of Love: O+T=<3	TWICE	['k-pop']	2021-11-12	198053.0	66.0	False	True
Những Kẻ Mộng Mơ	Anh Trai Vượt Ngàn Chông Gai 2024 - Công Diễn 2	SOOBIN	['v-pop', 'vietnamese hip hop', 'vietnamese lo-fi', 'vietnam indie', 'vinahouse']	2024-08-10	293538.0	44.0	False	True
Interlude : Dive	FACE	Jimin	['k-pop']	2023-03-24	130996.0	54.0	False	True
Mời Anh Vào Team Em	Mời Anh Vào Team Em	Chi Pu	['v-pop', 'vinahouse', 'vietnam indie']	2018-11-27	195000.0	29.0	False	True
It's You	YOU	Ali Gatie	[]	2019-11-08	212606.0	71.0	False	True
iceman	iceman	Sol7	['vietnamese hip hop', 'v-pop', 'vietnam indie']	2021-03-03	178142.0	38.0	True	True
BACK TO HOMETOWN (TRỞ VỀ QUÊ NHÀ) [feat. Sol7]	Rap Việt Season 2 - Tập 3	RAP VIỆT	['vietnamese hip hop', 'v-pop']	2021-11-01	176000.0	31.0	False	True
Lie	Wings	BTS	['k-pop']	2016-10-10	215752.0	59.0	False	True
It's Beginning to Look a Lot like Christmas	Christmas (Deluxe Special Edition)	Michael Bublé	['christmas']	2012-11-09	206639.0	68.0	False	True
LUNCH	HIT ME HARD AND SOFT	Billie Eilish	[]	2024-05-17	179586.0	83.0	False	True
Thờ Er	99%	RPT MCK	['vietnamese hip hop', 'v-pop', 'vietnam indie']	2023-03-02	98325.0	39.0	True	True
Truy Lùng Bảo Vật (feat. 24k.Right & Sofia)	Rap Việt Mùa 3 (2023) - Tập 15	RAP VIỆT	['vietnamese hip hop', 'v-pop']	2023-09-03	291030.0	41.0	False	True
Nắng Ấm Xa Dần - Onionn Remix	Nắng Ấm Xa Dần (Onionn Remix)	Sơn Tùng M-TP	['v-pop', 'vinahouse', 'vietnamese hip hop']	2019-04-05	190088.0	41.0	False	True
Dream Glow (BTS World Original Soundtrack) (Pt. 1)	Dream Glow (BTS World Original Soundtrack) (Pt. 1)	BTS	['k-pop']	2019-06-07	187457.0	54.0	False	True
Yêu Một Người Sao Buồn Đến Thế	Yêu Một Người Sao Buồn Đến Thế	Noo Phước Thịnh	['v-pop', 'vinahouse', 'vietnamese lo-fi']	2020-10-27	299028.0	44.0	False	True
pages		WIMY						
Trống Cơm	Anh Trai Vượt Ngàn Chông Gai 2024 - Công Diễn 1	Cường Seven	['v-pop']	2024-07-27	254119.0	44.0	False	True
I CAN'T STOP ME	Eyes Wide Open	TWICE	['k-pop']	2020-10-26	205493.0	66.0	False	True
Every Summertime	Every Summertime	NIKI	[]	2021-08-10	215686.0	72.0	False	True
Thờ ơ	Thờ ơ	WEAN	['v-pop', 'vietnamese hip hop', 'vietnam indie', 'vietnamese lo-fi']	2024-08-28	165333.0	44.0	True	True
ĐÃ TỪNG LÀ	ĐÃ TỪNG LÀ	Vũ.	['v-pop', 'vietnam indie', 'vietnamese lo-fi']	2020-05-01	260507.0	30.0	False	True
khi cô đơn em nhớ đến ai	Hương Mùa Hè EP.01	GREY D	['v-pop', 'vietnam indie', 'vietnamese lo-fi', 'vietnamese hip hop']	2022-07-03	269387.0	38.0	False	True
Hành Tinh Song Song	Vũ Trụ Song Song	Vũ.	['v-pop', 'vietnam indie', 'vietnamese lo-fi']	2019-11-06	305413.0	32.0	False	True
Interlude : Shadow	MAP OF THE SOUL : 7	BTS	['k-pop']	2020-02-21	259821.0	55.0	False	True
love nwantiti (ah ah ah)	CKay The First	CKay	['afrobeats', 'afrobeat', 'afropop']	2019-08-30	145800.0	72.0	True	True
Vì Em Tất Cả	Vì Em Tất Cả	Mỹ Tâm	['v-pop', 'vietnamese bolero', 'vietnam indie']	2023-11-11	227205.0	46.0	False	True
Cupid (Twin Ver.) - Live Studio Version OT4	The Beginning	FIFTY FIFTY	['k-pop']	2023-09-22	174116.0	72.0	False	True
Jingle Bell Rock	Jingle Bell Rock/Captain Santa Claus (And His Reindeer Space Patrol)	Bobby Helms	['christmas']	1957-12-02	130973.0	73.0	False	True
ZOOM	ZOOM	Jessi	['k-pop', 'k-rap']	2022-04-13	174840.0	59.0	False	True
POP!	IM NAYEON	NAYEON	['k-pop']	2022-06-24	168106.0	68.0	False	True
Biết Khi Nào Gặp Lại	Tâm 9	Mỹ Tâm	['v-pop', 'vietnamese bolero', 'vietnam indie']	2017-12-06	246333.0	31.0	False	True
Quên Đặt Tên	Quên Đặt Tên	Phạm Nguyên Ngọc	['v-pop', 'vietnamese lo-fi', 'vietnam indie']	2022-06-23	334137.0	42.0	False	True
Chân Tình	Chân Tình	Quang Trung	['v-pop', 'vietnamese lo-fi', 'vietnamese hip hop', 'vietnam indie']	2021-11-22	208000.0	42.0	False	True
Rebirth (Intro)	MUSE	Jimin	['k-pop']	2024-07-19	144624.0	68.0	False	True
Trivia 轉 : Seesaw	Love Yourself 結 'Answer'	BTS	['k-pop']	2018-08-24	246334.0	61.0	False	True
Sài Gòn ơi	Đánh Đổi	Obito	['v-pop', 'vietnamese hip hop', 'vietnam indie']	2023-10-10	188256.0	48.0	True	True
3D (Alternate Ver.)	3D : The Remixes	Jung Kook	['k-pop']	2023-10-02	162545.0	53.0	False	True
Lac Nhau Co Phai Muon Doi. - Original	Lac Nhau Co Phai Muon Doi. (Original)	ERIK	['v-pop', 'vietnamese lo-fi', 'vinahouse', 'vietnam indie']	2018-05-25	282575.0	40.0	False	True
Tell Ur Mom II - Gii, Hiderway Remix	Tell Ur Mom II (Gii, Hiderway Remix)	Winno	['vietnamese hip hop', 'v-pop', 'vietnam indie']	2021-11-19	216000.0	36.0	True	True
idontwannabeyouanymore	dont smile at me	Billie Eilish	[]	2017-12-22	203569.0	76.0	False	True
Therefore I Am	Happier Than Ever	Billie Eilish	[]	2021-07-30	173539.0	70.0	False	True
Butter (Instrumental)	Butter (Hotter, Sweeter, Cooler)	BTS	['k-pop']	2021-06-04	162146.0	32.0	False	True
2GOILAYS	2GOILAYS	DMT	['vietnamese hip hop', 'v-pop']	2025-01-30	260252.0	53.0	True	True
Thunderclouds (feat. Sia, Diplo, and Labrinth)	LABRINTH, SIA & DIPLO PRESENT... LSD	Sia	[]	2019-04-12	187026.0	64.0	False	True
BAND4BAND (feat. Lil Baby)	BAND4BAND (feat. Lil Baby)	Central Cee	['uk drill', 'drill', 'grime']	2024-05-23	140733.0	75.0	True	True
Paris in the Rain	I met you when I was 18. (the playlist)	Lauv	[]	2018-05-31	204712.0	67.0	False	True
Bones	Mercury - Acts 1 & 2	Imagine Dragons	[]	2022-07-01	165264.0	77.0	False	True
Người Bình Thường	Người Bình Thường	Vũ Cát Tường	['v-pop', 'vietnam indie']	2023-12-04	284600.0	47.0	False	True
HUSTLANG ALL DAY (feat. Hustlang Robber)	RAP VIỆT 2024, Tập 14	RAP VIỆT	['vietnamese hip hop', 'v-pop']	2024-12-09	274000.0	50.0	False	True
Quên Anh Đi	22	MONO	['v-pop', 'vietnamese hip hop', 'vinahouse']	2022-08-18	246685.0	31.0	False	True
Love You With All My Heart	Queen of Tears (Original Television Soundtrack), Pt.4	Crush	['k-rap', 'k-pop', 'k-ballad']	2024-03-24	244186.0	66.0	False	True
Running Up That Hill (A Deal With God)	Hounds Of Love	Kate Bush	['art pop', 'baroque pop', 'art rock']	1985-09-16	298933.0	76.0	False	True
Better Now	beerbongs & bentleys	Post Malone	[]	2018-04-27	231266.0	75.0	True	True
What You Waiting For	XOXO	JEON SOMI	['k-pop']	2021-10-29	175375.0	47.0	False	True
TALAGI	TALAGI	kidsai	['v-pop', 'vietnamese hip hop', 'vietnam indie']	2024-11-01	222831.0	52.0	False	True
Hot Shot, Dlow (feat. Dlow)	Rap Việt Mùa 3 (2023) - Tập 6	RAP VIỆT	['vietnamese hip hop', 'v-pop']	2023-07-02	163711.0	28.0	False	True
Serendipity (Full Length Edition)	Love Yourself 結 'Answer'	BTS	['k-pop']	2018-08-24	276707.0	62.0	False	True
Khi Ta Yêu (Nhạc Phim Chị Trợ Lý Của Anh)	Khi Ta Yêu (Nhạc Phim Chị Trợ Lý Của Anh)	Mỹ Tâm	['v-pop', 'vietnamese bolero', 'vietnam indie']	2019-01-25	218461.0	16.0	False	True
Sudden Shower	Lovely Runner, Pt. 1 (Original Soundtrack)	ECLIPSE	['soundtrack', 'k-ballad']	2024-04-08	233031.0	68.0	False	True
You Are The Reason	Only Human (Deluxe)	Calum Scott	['soft pop']	2018-03-09	204326.0	74.0	False	True
Kitsch	I've IVE	IVE	['k-pop']	2023-04-10	195440.0	62.0	False	True
Một Cú Lừa (Đu Đưa Version)	tâm trạng tan hơi chậm một chút	Bích Phương	['v-pop', 'vietnamese hip hop', 'vietnamese lo-fi', 'vinahouse', 'vietnam indie']	2020-05-17	224347.0	29.0	False	True
Supalonely	STELLA & STEVE	BENEE	[]	2019-11-15	223480.0	62.0	True	True
The Creaking		Hoàng Thùy Linh						
Cự Tuyệt	Love Songs Collection 4: Càng Trưởng Thành, Càng Cô Đơn	Hồ Ngọc Hà	['v-pop', 'vinahouse']	2020-08-21	296996.0	25.0	False	True
HUH?! (feat. j-hope)	D-DAY	Agust D	['k-pop', 'k-rap']	2023-04-21	183290.0	60.0	True	True
Liar	Romance	Camila Cabello	['pop']	2019-12-06	207038.0	58.0	False	True
Giá Như	Qua Khung Cửa Sổ	Chillies	['v-pop', 'vietnam indie', 'vietnamese lo-fi', 'vietnamese hip hop']	2021-05-05	297000.0	31.0	False	True
MORE & MORE	MORE & MORE	TWICE	['k-pop']	2020-06-01	199653.0	57.0	False	True
Đó Chỉ Là Thành Phố Của Anh	Đó Chỉ Là Thành Phố Của Anh	Luxuyen	['v-pop', 'vietnam indie', 'vietnamese hip hop']	2017	94140.0	47.0	False	True
Chạy Ngay Đi - Onionn Remix	Chạy Ngay Đi (Onionn Remix)	Sơn Tùng M-TP	['v-pop', 'vinahouse', 'vietnamese hip hop']	2018-07-05	230400.0	48.0	False	True
bury a friend	WHEN WE ALL FALL ASLEEP, WHERE DO WE GO?	Billie Eilish	[]	2019-03-29	193143.0	71.0	False	True
Mình Lượn Lờ Làm Wen (NOVINA)	Mình Lượn Lờ Làm Wen (NOVINA)	VCC Left Hand	['vietnamese hip hop', 'v-pop', 'vietnam indie']	2025-01-24	156000.0	51.0	False	True
Christmas Love	Christmas Love	Jimin	['k-pop']	2020-12-24	197930.0	55.0	False	True
BATTER UP	BATTER UP	BABYMONSTER	['k-pop']	2023-11-27	188179.0	70.0	False	True
Love Is Gone - Acoustic	Love Is Gone (Acoustic)	SLANDER	['melodic bass', 'edm', 'future bass', 'dubstep']	2019-11-13	176971.0	71.0	False	True
Be Alright	A Place We Knew	Dean Lewis	[]	2019-03-22	196493.0	75.0	True	True
Không Muốn Một Mình - Chill Ver	Không Muốn Một Mình (Chill Ver)	Vicky Nhung	['vietnamese lo-fi', 'v-pop', 'vinahouse', 'vietnamese bolero']	2022-12-20	226810.0	33.0	False	True
Happier Than Ever	Happier Than Ever	Billie Eilish	[]	2021-07-30	298899.0	80.0	True	True
Người Ấy Là Ai (feat. 16 Typh)	Rap Việt Tập 11	RAP VIỆT	['vietnamese hip hop', 'v-pop']	2020-10-16	203520.0	23.0	False	True
làm lành chữa tình	ái	tlinh	['v-pop', 'vietnamese hip hop', 'vietnam indie', 'vietnamese lo-fi', 'vinahouse']	2023-08-16	206400.0	41.0	False	True
Title	Title (Deluxe)	Meghan Trainor	[]	2015-01-09	174733.0	59.0	True	True
Blueberry Faygo	Certified Hitmaker	Lil Mosey	['melodic rap']	2020-02-06	162546.0	69.0	True	True
Thủ Đô Cypher (RPT Phongkhin Remix)	Thủ Đô Cypher (RPT Phongkhin Remix)	Rapital	['vietnamese hip hop', 'v-pop', 'vietnam indie']	2021-06-19	193125.0	45.0	True	True
thế giới có nơi nào cho em	thế giới có nơi nào cho em	Sweet Liquor	['v-pop', 'vietnam indie']	2022-10-19	233280.0	41.0	False	True
Chú Chó Trên Ô Tô (feat. Tlinh)	Rap Việt Tập 15	RAP VIỆT	['vietnamese hip hop', 'v-pop']	2020-11-08	193485.0	27.0	False	True
TRAI HỌ VŨ (feat. Gill & ICY FAMOU$)	RAP VIỆT 2024, Tập 9	RAP VIỆT	['vietnamese hip hop', 'v-pop']	2024-11-18	216625.0	49.0	False	True
Ra Là Em Đâu Quá Mong Manh	Ra Là Em Đâu Quá Mong Manh	Charmy Pham	['v-pop', 'vinahouse']	2019-05-09	261800.0	24.0	False	True
Người Ôm Pháo Hoa (The Moon In The Sun)		Đông Nhi						
Lời Yêu Em	Lời Yêu Em	Vũ.	['v-pop', 'vietnam indie', 'vietnamese lo-fi']	2013-03-28	285152.0	44.0	False	True
Lavender Haze	Midnights	Taylor Swift	[]	2022-10-21	202395.0	70.0	True	True
Đâu Ai Dám Hứa	Đâu Ai Dám Hứa	Czee	['v-pop', 'vietnam indie']	2021-11-15	224047.0	45.0	False	True
달라달라 (DALLA DALLA)		ITZY						
Normal No More	Normal No More	TYSM	[]	2020-04-17	199578.0	52.0	True	True
The Man	Lover	Taylor Swift	[]	2019-08-23	190360.0	75.0	False	True
Peter Pan Was Right	Peter Pan Was Right	Anson Seabra	[]	2022-04-29	192497.0	59.0	False	True
Physical	Future Nostalgia	Dua Lipa	['pop']	2020-03-27	193829.0	71.0	False	True
Tình Đắng Như Ly Cà Phê	Tình Đắng Như Ly Cà Phê	Ngơ	['v-pop', 'vietnam indie', 'vietnamese lo-fi', 'vietnamese hip hop']	2021-03-31	215172.0	50.0	False	True
UGH!	MAP OF THE SOUL : 7	BTS	['k-pop']	2020-02-21	225012.0	59.0	False	True
Anh - Uyên Linh Version		Chị Đẹp Đạp Gió Rẽ Sóng						
Butter (Megan Thee Stallion Remix)	Butter (Megan Thee Stallion Remix)	BTS	['k-pop']	2021-08-27	164457.0	53.0	False	True
Someone Like You	21	Adele	['soft pop']	2011-01-24	285240.0	78.0	False	True
The Joker And The Queen (feat. Taylor Swift)	The Joker And The Queen (feat. Taylor Swift)	Ed Sheeran	['soft pop']	2022-02-11	185422.0	60.0	False	True
2 5	2 5	Táo	['vietnamese hip hop', 'v-pop', 'vietnam indie', 'vietnamese lo-fi']	2021-01-24	252000.0	45.0	False	True
Một Bước Yêu Vạn Dặm Đau	Một Bước Yêu Vạn Dặm Đau	Mr.Siro	['v-pop', 'vinahouse']	2019-03-14	298913.0	51.0	False	True
Smoke Sprite (feat. RM of BTS)	Episode1 : Love	So!YoON!	['k-rock']	2023-03-14	242200.0	58.0	False	True
Step Back	Step Back	GOT the beat	['k-pop']	2022-01-03	228613.0	58.0	False	True
Trò Chơi	The Playah	SOOBIN	['v-pop', 'vietnamese hip hop', 'vietnamese lo-fi', 'vietnam indie', 'vinahouse']	2020-12-15	196271.0	38.0	False	True
Life Goes On	D-DAY	Agust D	['k-pop', 'k-rap']	2023-04-21	197638.0	61.0	False	True
Boy	Boy	ICM	['v-pop', 'vietnam indie', 'vietnamese lo-fi', 'vinahouse', 'vietnamese hip hop']	2021-11-17	145058.0	0.0	False	True
a thousand years	a thousand years	Christina Perri	['soft pop']	2011-10-18	285120.0	79.0	False	True
Đừng Xa Anh Nhé (feat. Harvey)	Đừng Xa Anh Nhé (feat. Harvey)	Kevindauroi	['v-pop']	2024-06-23	230736.0	47.0	False	True
Tình Cờ (feat. CHARLES., Brown, KIMLONG & Duy Sơn)	Space Jam, Vol. 2 - DO4LOVE	SOOBIN	['v-pop', 'vietnamese hip hop', 'vietnamese lo-fi', 'vietnam indie', 'vinahouse']	2025-01-18	232989.0	43.0	False	True
Lạc Trôi	m-tp M-TP	Sơn Tùng M-TP	['v-pop', 'vinahouse', 'vietnamese hip hop']	2017-04-01	232888.0	48.0	False	True
That Girl	24 HRS (Expanded Edition)	Olly Murs	[]	2016-11-11	176746.0	58.0	False	True
Vì Em Chưa Bao Giờ Khóc	Vì Em Chưa Bao Giờ Khóc	Hà Nhi	['v-pop', 'vinahouse', 'vietnamese lo-fi', 'vietnam indie']	2023-06-30	267692.0	43.0	False	True
Graveyard	Manic	Halsey	[]	2020-01-17	181805.0	60.0	False	True
Toosie Slide	Toosie Slide	Drake	['rap', 'hip hop']	2020-04-03	247058.0	66.0	True	True
HOME SWEET HOME (feat. TAEYANG & DAESUNG)	HOME SWEET HOME (feat. TAEYANG & DAESUNG)	G-DRAGON	['k-pop', 'k-rap']	2024-11-22	211330.0	73.0	False	True
Điều Ta Viết Mùa Xa Nhau	Điều Ta Viết Mùa Xa Nhau	Đoàn Minh Quân	['vietnam indie', 'v-pop']	2018-03-01	281311.0	28.0	False	True
Magic Shop	Love Yourself 轉 'Tear'	BTS	['k-pop']	2018-05-18	275695.0	63.0	False	True
CẢM NHẬN (feat. Seachains)	Rap Việt Season 2 - Tập 1	RAP VIỆT	['vietnamese hip hop', 'v-pop']	2021-10-18	177684.0	30.0	False	True
Your eyes tell	MAP OF THE SOUL : 7 ~ THE JOURNEY ~	BTS	['k-pop']	2020-07-14	245146.0	57.0	False	True
Không Bằng - Rin Music Remix	Không Bằng - Rin Music Remix	Na	['vinahouse', 'vietnamese lo-fi', 'v-pop']	2021-11-22	250913.0	43.0	False	True
All Of The Girls You Loved Before	All Of The Girls You Loved Before	Taylor Swift	[]	2019-08-23	221407.0	70.0	False	True
Thunder	Thunder	Gabry Ponte	['slap house', 'italo dance']	2021-05-07	160000.0	73.0	False	True
Người Hãy Quên Em Đi	Tâm 9	Mỹ Tâm	['v-pop', 'vietnamese bolero', 'vietnam indie']	2017-12-06	232481.0	43.0	False	True
Life Goes On	Ugly is Beautiful: Shorter, Thicker & Uglier (Deluxe)	Oliver Tree	[]	2021-05-28	161803.0	68.0	False	True
M.	M.	16 Typh	['vietnamese hip hop', 'v-pop', 'vinahouse']	2023-09-14	181512.0	30.0	False	True
Talk that Talk	BETWEEN 1&2	TWICE	['k-pop']	2022-08-26	177466.0	64.0	False	True
My Oh My (feat. DaBaby)	Romance	Camila Cabello	['pop']	2019-12-06	170746.0	69.0	False	True
Who Do You Love	World War Joy	The Chainsmokers	[]	2019-12-06	226733.0	62.0	True	True
Sunday Best	Where the Light Is	Surfaces	[]	2019-01-06	158947.0	68.0	False	True
Ngày Khác Lạ	Ngày Khác Lạ	Đen	['v-pop', 'vietnamese hip hop', 'vietnam indie', 'vietnamese lo-fi']	2018-02-23	212173.0	40.0	False	True
Chim Sẻ Và Dâu Tây (feat. Dế Choắt & Wowy)	Rap Việt Tập 16	RAP VIỆT	['vietnamese hip hop', 'v-pop']	2020-11-16	207789.0	30.0	False	True
UNFORGIVEN (feat. Nile Rodgers)	UNFORGIVEN	LE SSERAFIM	['k-pop']	2023-05-01	182148.0	67.0	False	True
Mất Tích	Gieo	Ngọt	['vietnam indie', 'v-pop', 'vietnamese hip hop']	2022-11-25	271923.0	49.0	False	True
People	People	Libianca	['afrobeats', 'afrobeat']	2022-12-06	184791.0	73.0	False	True
Better	Suncity	Khalid	[]	2018-10-19	229320.0	74.0	True	True
SUGA's Interlude	Manic	Halsey	[]	2020-01-17	138204.0	55.0	False	True
Ex's Hate Me	Ex's Hate Me	B Ray	['vietnamese hip hop', 'v-pop', 'vinahouse', 'vietnam indie']	2023-04-15	258023.0	50.0	False	True
Heartbeat (BTS World Original Soundtrack)	BTS WORLD (Original Soundtrack)	BTS	['k-pop']	2019-06-28	253303.0	57.0	False	True
Đố Anh Đoán Được - Tilo x Nhí x Grusi Remix	Đố Anh Đoán Được (Tilo x Nhí x Grusi Remix)	Bích Phương	['v-pop', 'vietnamese hip hop', 'vietnamese lo-fi', 'vinahouse', 'vietnam indie']	2021-06-14	210053.0	21.0	False	True
Cô Đơn	Cô Đơn	Hngle	['v-pop', 'vietnamese hip hop', 'vinahouse']	2022-12-30	224649.0	41.0	False	True
Tèn Tèn Girls! (feat. Tlinh & Suboi)	Rap Việt Tập 16	RAP VIỆT	['vietnamese hip hop', 'v-pop']	2020-11-16	189861.0	29.0	False	True
A Brand New Day (BTS World Original Soundtrack) (Pt. 2)	A Brand New Day (BTS World Original Soundtrack) (Pt. 2)	BTS	['k-pop']	2019-06-14	205019.0	51.0	False	True
Up	Up (Instrumental)	Cardi B	[]	2021-02-04	156944.0	64.0	True	True
NẮM ĐÔI BÀN TAY		Kay Trần						
Don’t Call Me Angel (Charlie’s Angels) (with Miley Cyrus & Lana Del Rey)	Charlie's Angels (Original Motion Picture Soundtrack)	Ariana Grande	['pop']	2019-11-01	190066.0	64.0	False	True
Your Power	Happier Than Ever	Billie Eilish	[]	2021-07-30	245896.0	71.0	False	True
august	folklore	Taylor Swift	[]	2020-07-24	261922.0	79.0	False	True
ƯỚC ANH TAN NÁT CON TIM	ƯỚC ANH TAN NÁT CON TIM	Phùng Khánh Linh	['v-pop', 'vietnam indie', 'city pop']	2024-09-06	230599.0	41.0	False	True
It'll Be Okay	It'll Be Okay	Shawn Mendes	['pop']	2021-12-01	222800.0	67.0	False	True
dằm trong tim	Hương Mùa Hè	SUNI	['v-pop', 'vietnam indie', 'vietnamese lo-fi', 'vinahouse']	2022-07-24	230000.0	38.0	False	True
DDU-DU DDU-DU - KR Ver.		BLACKPINK						
Rockin' Around The Christmas Tree	Merry Christmas From Brenda Lee	Brenda Lee	['christmas']	1964-10-19	126266.0	75.0	False	True
Và Ngày Nào Đó (feat. Vũ Thảo My)	Quang Trung Studio Party	Studio Party	['v-pop']	2022-03-16	269733.0	29.0	False	True
I Warned Myself	I Warned Myself	Charlie Puth	['soft pop', 'pop']	2019-08-21	159782.0	46.0	False	True
Happier	÷ (Deluxe)	Ed Sheeran	['soft pop']	2017-03-03	207520.0	71.0	False	True
What Am I	Big Plans	Why Don't We	[]	2019-01-17	184665.0	56.0	False	True
"A Whole New World (End Title) - From ""Aladdin"""	"A Whole New World (End Title) [From ""Aladdin""]"	ZAYN	[]	2019-05-09	242956.0	60.0	False	True
Old Town Road	7	Lil Nas X	[]	2019-06-21	113000.0	68.0	False	True
mama boy	dreaAMEE	AMEE	['v-pop', 'vietnamese hip hop', 'vietnam indie', 'vietnamese lo-fi']	2020-06-20	204428.0	39.0	False	True
Ngôi Sao Cô Đơn	Ngôi Sao Cô Đơn	Jack - J97	['v-pop', 'vietnamese lo-fi', 'vinahouse']	2022-07-19	275583.0	29.0	False	True
THE GIRLS (BLACKPINK THE GAME OST)	THE GIRLS (BLACKPINK THE GAME OST)	BLACKPINK	['k-pop']	2023-08-25	162000.0	55.0	False	True
Reminder	Starboy	The Weeknd	[]	2016-11-25	218880.0	78.0	True	True
Prisoner (feat. Dua Lipa)	Plastic Hearts	Miley Cyrus	[]	2020-11-27	169333.0	68.0	False	True
eternal sunshine	eternal sunshine	Ariana Grande	['pop']	2024-03-08	210200.0	70.0	False	True
Cuốn Cho Anh Một Điếu Nữa Đi	99%	RPT MCK	['vietnamese hip hop', 'v-pop', 'vietnam indie']	2023-03-02	185669.0	41.0	True	True
Thế Hệ Tan Vỡ (feat. SIVAN)	Thế Hệ Tan Vỡ (feat. SIVAN)	Kai Đinh	['v-pop', 'vietnamese lo-fi', 'vietnam indie']	2021-11-17	288000.0	43.0	False	True
You should be sad	Manic	Halsey	[]	2020-01-17	205473.0	65.0	True	True
ĐOÁ PHÙ DUNG CUỐI CÙNG (feat. Đức Phúc)	"ANH TRAI ""SAY HI"", Chung Kết 1"	"ANH TRAI ""SAY HI"""	['v-pop', 'vietnamese hip hop']	2024-08-31	327059.0	47.0	False	True
This Feeling	Sick Boy	The Chainsmokers	[]	2018-12-14	197946.0	67.0	False	True
02 Mơ Làm Ma	Suýt 1	Ngọt	['vietnam indie', 'v-pop', 'vietnamese hip hop']	2024-02-23	177119.0	41.0	False	True
Đại Lộ Mặt Trời	Đại Lộ Mặt Trời	Chillies	['v-pop', 'vietnam indie', 'vietnamese lo-fi', 'vietnamese hip hop']	2024-01-04	271578.0	44.0	False	True
Giờ Thì Ai Cười	Ai Cũng Phải Bắt Đầu Từ Đâu Đó	HIEUTHUHAI	['v-pop', 'vietnamese hip hop', 'vietnamese lo-fi', 'vietnam indie', 'vinahouse']	2023-10-16	185249.0	46.0	False	True
Faded	Different World	Alan Walker	[]	2018-12-14	212106.0	75.0	False	True
Tell Ur Mom II	Tell Ur Mom II	Winno	['vietnamese hip hop', 'v-pop', 'vietnam indie']	2021-06-18	219264.0	47.0	False	True
Ala Ela (feat. Gducky, Ricky Star & Karik)	Rap Việt Tập 16	RAP VIỆT	['vietnamese hip hop', 'v-pop']	2020-11-16	244571.0	29.0	False	True
Đánh Mất Em - Lofi Version	Đánh Mất Em (Lofi Version)	Quang Đăng Trần	['vietnamese lo-fi', 'v-pop', 'vinahouse', 'lo-fi']	2020-10-10	228196.0	39.0	False	True
Ném Câu Yêu Vào Không Trung	Yên	Hoàng Dũng	['v-pop', 'vietnam indie', 'vietnamese lo-fi', 'vietnamese hip hop']	2022-08-24	236253.0	34.0	False	True
Hành Tinh Ánh Sáng	Một Triệu Năm Ánh Sáng	Vũ Cát Tường	['v-pop', 'vietnam indie']	2020	228000.0	35.0	False	True
Another Level	Happy	Jin	['k-pop']	2024-11-15	162834.0	65.0	False	True
HIP	reality in BLACK	MAMAMOO	['k-pop']	2019-11-14	195306.0	61.0	False	True
earthquake	AMORTAGE	JISOO	['k-pop']	2025-02-14	190806.0	78.0	False	True
Runaway	All My Demons Greeting Me As A Friend (Deluxe)	AURORA	['norwegian pop', 'art pop']	2016-03-11	248826.0	73.0	False	True
Forever Young	SQUARE UP	BLACKPINK	['k-pop']	2018-06-15	237076.0	60.0	False	True
Mở Mắt	An	Lil Wuyn	['vietnamese hip hop', 'v-pop', 'vietnam indie']	2024-06-12	260459.0	40.0	False	True
There's No Way (feat. Julia Michaels)	There's No Way (feat. Julia Michaels)	Lauv	[]	2018-09-27	174860.0	57.0	False	True
Sweetest Pie	Sweetest Pie	Megan Thee Stallion	[]	2022-03-11	201334.0	63.0	True	True
Heart on the Window (with WENDY)	Happy	Jin	['k-pop']	2024-11-15	177093.0	67.0	False	True
Sky Tour (Intro)	Sky Tour (Original Motion Picture Soundtrack)	Sơn Tùng M-TP	['v-pop', 'vinahouse', 'vietnamese hip hop']	2020-06-12	149077.0	33.0	False	True
hot girl bummer	everything means nothing	blackbear	[]	2020-08-21	188343.0	70.0	True	True
Cẩm Tú Cầu	Cẩm Tú Cầu	Rayo	['v-pop', 'vietnamese lo-fi', 'vinahouse']	2024-03-08	266330.0	43.0	False	True
Lost In Japan	Shawn Mendes	Shawn Mendes	['pop']	2018-05-25	201200.0	65.0	False	True
bye	eternal sunshine	Ariana Grande	['pop']	2024-03-08	164927.0	71.0	False	True
Down Bad	THE TORTURED POETS DEPARTMENT	Taylor Swift	[]	2024-04-18	261228.0	70.0	True	True
Rapcoustic 5	Rapcoustic 5	Đen	['v-pop', 'vietnamese hip hop', 'vietnam indie', 'vietnamese lo-fi']	2019-10-10	547154.0	36.0	False	True
Hoa Ngũ Sắc		K-ICM						
Pretty Savage - JP Ver.	Pretty Savage (JP Ver.)	BLACKPINK	['k-pop']	2021-08-03	199142.0	35.0	True	True
Nước Hoa	Anh Trai Vượt Ngàn Chông Gai 2024 - Vòng Concert	Kay Trần	['v-pop', 'vietnamese hip hop']	2024-07-09	160426.0	41.0	False	True
Supernatural	Supernatural	NewJeans	['k-pop']	2024-06-21	191000.0	73.0	False	True
Falling	Happy	Jin	['k-pop']	2024-11-15	178838.0	65.0	False	True
exile (feat. Bon Iver)	folklore	Taylor Swift	[]	2020-07-24	285634.0	74.0	False	True
D-Day	D-DAY	Agust D	['k-pop', 'k-rap']	2023-04-21	211373.0	61.0	True	True
Spicy	iScreaM Vol.26 : Spicy Remix	aespa	['k-pop']	2023-09-15	197040.0	64.0	False	True
Trên Những Đám Mây	Trên Những Đám Mây	Chillies	['v-pop', 'vietnam indie', 'vietnamese lo-fi', 'vietnamese hip hop']	2023-03-02	235411.0	31.0	False	True
INVU	INVU - The 3rd Album	TAEYEON	['k-pop', 'k-ballad']	2022-02-14	204973.0	58.0	False	True
Older	Older	Sasha Alex Sloan	[]	2018-11-09	191001.0	66.0	False	True
Little Do You Know	It's About Us	Alex & Sierra	[]	2014-10-06	185200.0	66.0	False	True
Nếu Có Buông Tay	Tâm 9	Mỹ Tâm	['v-pop', 'vietnamese bolero', 'vietnam indie']	2017-12-06	253240.0	32.0	False	True
Khác Biệt To Lớn Hơn	Khác Biệt To Lớn Hơn	Trịnh Thăng Bình	['v-pop', 'vinahouse', 'vietnamese lo-fi']	2022-06-19	252800.0	23.0	False	True
Boss Bitch	Boss Bitch	Doja Cat	[]	2020-01-23	134239.0	71.0	False	True
Khúc Ca Vàng (feat. Mikelodic)	Rap Việt Mùa 3 (2023) - Tập 12	RAP VIỆT	['vietnamese hip hop', 'v-pop']	2023-08-13	205279.0	29.0	False	True
Người Lạ Trong Danh Bạ (feat. Phúc Du)	Người Lạ Trong Danh Bạ (feat. Phúc Du)	ERIK	['v-pop', 'vietnamese lo-fi', 'vinahouse', 'vietnam indie']	2023-05-24	222720.0	32.0	False	True
Airplane	Hope World	j-hope	['k-pop', 'k-rap']	2018-03-02	197913.0	56.0	False	True
Still Life (with Anderson .Paak)	Indigo	RM	['k-pop', 'k-rap']	2022-12-02	175328.0	63.0	False	True
Rare	Rare	Selena Gomez	['pop']	2020-01-10	220589.0	56.0	False	True
NGÂN NGA (feat. Isaac, HURRYKNG, Negav, Gin Tuấn Kiệt & Vũ Thảo My)	"ANH TRAI ""SAY HI"", Tập 7"	"ANH TRAI ""SAY HI"""	['v-pop', 'vietnamese hip hop']	2024-08-05	291571.0	39.0	False	True
Afterglow	Afterglow	Ed Sheeran	['soft pop']	2020-12-21	185486.0	64.0	False	True
Butter (Hotter Remix)	Butter (Hotter, Sweeter, Cooler)	BTS	['k-pop']	2021-06-04	166962.0	40.0	False	True
Mashup Ngày Chưa Giông Bão, Always Remember Us This Way		Hoà Minzy						
nhạt-fine	nhạt-fine	GREY D	['v-pop', 'vietnam indie', 'vietnamese lo-fi', 'vietnamese hip hop']	2024-04-08	211626.0	35.0	False	True
Thinking out Loud	x (Deluxe Edition)	Ed Sheeran	['soft pop']	2014-06-21	281560.0	79.0	False	True
Celebrity	IU 5th Album 'LILAC'	IU	['k-pop', 'k-ballad']	2021-03-25	195546.0	58.0	False	True
Cung Đàn Vỡ Đôi	Cung Đàn Vỡ Đôi	Chi Pu	['v-pop', 'vinahouse', 'vietnam indie']	2020-06-04	316910.0	29.0	False	True
Respect	MAP OF THE SOUL : 7	BTS	['k-pop']	2020-02-21	237540.0	50.0	False	True
Fire On Fire	Love Goes	Sam Smith	['soft pop']	2020-10-30	246735.0	72.0	False	True
Lonely	Indigo	RM	['k-pop', 'k-rap']	2022-12-02	166020.0	59.0	True	True
Anh Chưa Biết Đâu	Anh Chưa Biết Đâu	Mỹ Tâm	['v-pop', 'vietnamese bolero', 'vietnam indie']	2020-12-30	204857.0	15.0	False	True
Taste	Short n' Sweet	Sabrina Carpenter	[]	2024-08-23	157279.0	87.0	False	True
Gặp May	Gặp May	Wren Evans	['v-pop', 'vietnam indie', 'vietnamese hip hop', 'vietnamese lo-fi', 'vinahouse']	2022-01-19	186916.0	35.0	False	True
O.O	AD MARE	NMIXX	['k-pop']	2022-02-22	172936.0	59.0	False	True
Super Freaky Girl	Super Freaky Girl	Nicki Minaj	[]	2022-08-12	170977.0	65.0	True	True
Happy Now	Happy Now	Zedd	['edm']	2018-07-18	207029.0	61.0	False	True
Chài Điếp Noọng - Anh Yêu Em	Chài Điếp Noọng (Anh Yêu Em)	Double2T	['v-pop', 'vietnamese hip hop']	2023-10-05	258194.0	24.0	False	True
Monster	Monster - The 1st Mini Album	Red Velvet - IRENE & SEULGI	['k-pop']	2020-07-06	178413.0	54.0	False	True
Lose Somebody	Golden Hour	Kygo	['tropical house']	2020-05-29	199549.0	61.0	False	True
Hoa Nở Không Màu - Acoustic Version	Hoa Nở Không Màu (Acoustic Version)	Hoài Lâm	['v-pop', 'vietnamese bolero', 'bolero', 'vietnamese lo-fi']	2020-07-15	320333.0	23.0	False	True
DUN DUN	reminiscence	EVERGLOW	['k-pop']	2020-02-03	192280.0	58.0	False	True
Do You Love Me	Do You Love Me	Stephanie Poetri	[]	2020-02-14	144383.0	34.0	False	True
Chợt Nghe Bước Em Về	Anh Trai Vượt Ngàn Chông Gai 2024 - Công Diễn 2	Tự Long	['v-pop']	2024-08-03	257997.0	37.0	False	True
SOS (feat. RHYDER, Captain, Quang Hùng MasterD, WEAN & Ali Hoàng Dương)	"ANH TRAI ""SAY HI"" (Live Stage 4)"	"ANH TRAI ""SAY HI"""	['v-pop', 'vietnamese hip hop']	2024-08-26	278974.0	44.0	False	True
In the morning	GUESS WHO	ITZY	['k-pop']	2021-04-30	172373.0	58.0	False	True
BTBT (feat. DeVita)	BTBT (feat. DeVita)	B.I	['k-pop', 'k-rap']	2022-05-13	219549.0	53.0	False	True
CRAZY	CRAZY (Party Remixes 1)	LE SSERAFIM	['k-pop']	2024-09-02	164554.0	76.0	False	True
telepatía	Sin Miedo (del Amor y Otros Demonios) ∞	Kali Uchis	[]	2020-12-04	160191.0	78.0	False	True
Perfect Duet (Ed Sheeran & Beyoncé)	Perfect Duet (Ed Sheeran & Beyoncé)	Ed Sheeran	['soft pop']	2017-11-30	259550.0	64.0	False	True
Hold On Tight	Hold On Tight	aespa	['k-pop']	2023-03-30	149718.0	67.0	False	True
Winter Bear	Winter Bear	V	['k-pop']	2019-08-10	174824.0	63.0	False	True
BIRTHDAY	XOXO	JEON SOMI	['k-pop']	2021-10-29	185944.0	44.0	False	True
Lựa Chọn Của Em	Lựa Chọn Của Em	buitruonglinh	['v-pop', 'vietnamese lo-fi', 'vietnam indie', 'vinahouse']	2024-05-30	247843.0	45.0	False	True
Hoàng Hôn Nhớ - Hoa Vương Original SoundTrack	Hoàng Hôn Nhớ (Hoa Vương Original SoundTrack)	Anh Tú	['v-pop', 'vietnamese hip hop']	2024-01-10	344000.0	43.0	False	True
Co Ay La Ai (Who Is She)		Mỹ Tâm						
Tát Nước Đầu Đình	Tát Nước Đầu Đình	Lynk Lee	['v-pop', 'vietnamese lo-fi', 'vietnamese hip hop', 'vietnam indie']	2015-09-05	243004.0	47.0	False	True
Người Yêu Không Đá	Người Yêu Không Đá	CHOCO	['v-pop', 'vinahouse']	2022-06-06	188947.0	35.0	False	True
Scenery	Scenery	V	['k-pop']	2019-01-30	294252.0	59.0	False	True
BOOMBAYAH - KR Ver.		BLACKPINK						
you broke me first	TOO YOUNG TO BE SAD	Tate McRae	[]	2021-03-26	170226.0	80.0	True	True
One Right Now (with The Weeknd)	One Right Now	Post Malone	[]	2021-11-05	193506.0	65.0	True	True
ASAP	NewJeans 2nd EP 'Get Up'	NewJeans	['k-pop']	2023-07-21	134386.0	66.0	False	True
Thunder	Evolve	Imagine Dragons	[]	2017-06-23	187146.0	80.0	False	True
NO ONE	24℃	LeeHi	['k-ballad', 'k-pop']	2019-05-30	194596.0	49.0	False	True
Anh Chưa Từng Biết	Tâm 9	Mỹ Tâm	['v-pop', 'vietnamese bolero', 'vietnam indie']	2017-12-06	250146.0	26.0	False	True
Taki Taki (feat. Selena Gomez, Ozuna & Cardi B)	Carte Blanche	DJ Snake	[]	2019-07-25	212500.0	69.0	True	True
I'm Yours	We Sing. We Dance. We Steal Things. (Bonus Tracks Version)	Jason Mraz	['soft pop', 'acoustic pop']	2008-05-01	242946.0	77.0	False	True
Thanh Âm Miền Núi (feat. Double2T & Vũ Thảo My)	Rap Việt Mùa 3 (2023) - Tập 6	RAP VIỆT	['vietnamese hip hop', 'v-pop']	2023-07-02	178481.0	29.0	False	True
SÓNG VỖ VỠ BỜ (feat. Anh Tú, JSOL, ERIK, Dương Domic & Phạm Anh Duy)	"ANH TRAI ""SAY HI"", Tập 2"	"ANH TRAI ""SAY HI"""	['v-pop', 'vietnamese hip hop']	2024-06-24	322941.0	42.0	False	True
In The Rain	In The Rain	hooligan.	['vietnamese lo-fi', 'v-pop', 'vietnam indie']	2021-09-30	218086.0	26.0	False	True
Anh Thanh Niên	Anh Thanh Niên	HuyR	['v-pop', 'vietnam indie', 'vietnamese lo-fi', 'vietnamese hip hop', 'vinahouse']	2020-01-21	231437.0	35.0	False	True
Gặp Gỡ, Yêu Đương Và Được Bên Em	Gặp Gỡ, Yêu Đương Và Được Bên Em	Phan Mạnh Quỳnh	['v-pop', 'vietnam indie']	2021-08-08	240461.0	34.0	False	True
DON'T CARE (feat. Isaac, Quang Hùng MasterD, Negav, Gin Tuấn Kiệt, Vũ Thịnh & Nanon)	"ANH TRAI ""SAY HI"", Tập 2"	"ANH TRAI ""SAY HI"""	['v-pop', 'vietnamese hip hop']	2024-06-24	260000.0	42.0	False	True
ROCKSTAR (feat. Roddy Ricch)	BLAME IT ON BABY	DaBaby	[]	2020-04-17	181733.0	71.0	True	True
THI SĨ (feat. Đức Phúc, ERIK, Phạm Anh Duy & Tage)	"ANH TRAI ""SAY HI"", Tập 4"	"ANH TRAI ""SAY HI"""	['v-pop', 'vietnamese hip hop']	2024-07-08	288000.0	41.0	False	True
Hạ Phỏm	LINK	Hoàng Thùy Linh	['v-pop', 'vietnamese hip hop', 'vinahouse', 'vietnam indie']	2022-08-11	195750.0	28.0	False	True
Mean It	~how i'm feeling~	Lauv	[]	2020-03-06	232853.0	72.0	False	True
Wildest Dreams (Taylor's Version)	1989 (Taylor's Version)	Taylor Swift	[]	2023-10-26	220433.0	71.0	False	True
Seenderella	Seenderella	Chi Xê	['v-pop', 'vietnam indie']	2024-08-07	192000.0	38.0	False	True
Hôn Anh	Hôn Anh	MIN	['v-pop', 'vietnamese hip hop', 'vietnamese lo-fi', 'vietnam indie', 'vinahouse']	2021-11-29	234146.0	34.0	False	True
Lights	MAP OF THE SOUL : 7 ~ THE JOURNEY ~	BTS	['k-pop']	2020-07-14	292853.0	53.0	False	True
In Your Eyes	After Hours	The Weeknd	[]	2020-03-20	237520.0	72.0	True	True
Sau Tat Ca. - Original		ERIK						
i hate u, i love u (feat. olivia o'brien)	us	gnash	[]	2016-03-25	251033.0	71.0	True	True
Mùa Đông Chưa Bao Giờ Tới (feat. Vũ.)	Mùa Đông Chưa Bao Giờ Tới (feat. Vũ.)	Uyên Linh	['v-pop', 'vietnamese lo-fi', 'vietnam indie']	2020-11-30	267428.0	31.0	False	True
BBoom BBoom	GREAT!	MOMOLAND	['k-pop']	2018-01-03	208863.0	60.0	False	True
Em Dạo Này	Ng'bthg	Ngọt	['vietnam indie', 'v-pop', 'vietnamese hip hop']	2018-01-01	201828.0	46.0	False	True
101520 (feat. Sol7 & prettyXIX)	Rap Việt Season 2 - Tập 10	RAP VIỆT	['vietnamese hip hop', 'v-pop']	2021-12-22	193846.0	29.0	False	True
Snow Flower (feat. Peakboy)	Snow Flower (feat. Peakboy)	V	['k-pop']	2020-12-25	229013.0	61.0	False	True
Một Nửa Sự Thật	Một Nửa Sự Thật	24k.Right	['vietnamese hip hop', 'v-pop']	2024-12-11	230036.0	49.0	True	True
Ma Meilleure Ennemie (from the series Arcane League of Legends)	Ma Meilleure Ennemie (from the series Arcane League of Legends)	Stromae	['french pop']	2024-11-23	147973.0	80.0	False	True
Wonder	Wonder	Shawn Mendes	['pop']	2020-12-04	172692.0	62.0	False	True
Gió - Official		JanK x N2L						
Đốt	hương	Văn Mai Hương	['v-pop', 'vinahouse', 'vietnamese hip hop', 'vietnam indie']	2021-01-23	263225.0	23.0	False	True
Like That (feat. Gucci Mane)	Hot Pink	Doja Cat	[]	2019-11-07	163173.0	67.0	True	True
Ocean (feat. Khalid)	Ocean (feat. Khalid)	Martin Garrix	['edm', 'electronica', 'progressive house']	2018-06-15	216419.0	62.0	False	True
Everything I Need (From Aquaman: Original Motion Picture Soundtrack) - Film Version		Skylar Grey						
Hướng Dương	Hướng Dương	Changg	['v-pop', 'vietnamese lo-fi', 'vietnamese hip hop', 'vietnam indie']	2021-05-20	219212.0	45.0	False	True
Feelings	~how i'm feeling~	Lauv	[]	2020-03-06	189906.0	62.0	False	True
Find U Again (feat. Camila Cabello)	Find U Again (feat. Camila Cabello)	Mark Ronson	[]	2019-05-30	176416.0	47.0	False	True
We're Good	Future Nostalgia (The Moonlight Edition)	Dua Lipa	['pop']	2021-02-11	165506.0	63.0	False	True
Tell Me It's Not a Dream	Queen of Tears (Original Television Soundtrack), Pt.2	10CM	['k-ballad', 'soundtrack']	2024-03-16	235506.0	61.0	False	True
DUMB DUMB	XOXO	JEON SOMI	['k-pop']	2021-10-29	147240.0	52.0	False	True
WINTER FLOWER(Feat.RM)	UNSTABLE MINDSET	Younha	['k-ballad']	2020-01-06	221133.0	53.0	False	True
Tự Lau Nước Mắt	Tự Lau Nước Mắt	Mr.Siro	['v-pop', 'vinahouse']	2017-01-18	322827.0	44.0	False	True
Like	2 Cool 4 Skool	BTS	['k-pop']	2013-06-12	231893.0	62.0	False	True
ETA	NewJeans 2nd EP 'Get Up'	NewJeans	['k-pop']	2023-07-21	151373.0	73.0	False	True
Enchanted	Speak Now	Taylor Swift	[]	2010-10-25	352200.0	66.0	False	True
Beautiful nightmare (interlude)	MỘNGMEE	AMEE	['v-pop', 'vietnamese hip hop', 'vietnam indie', 'vietnamese lo-fi']	2024-08-02	51490.0	32.0	False	True
Look What You Made Me Do	reputation	Taylor Swift	[]	2017-11-10	211853.0	76.0	False	True
BUỒN không thể BUÔNG (Piano Version)	BUỒN không thể BUÔNG (Piano Version)	MiiNa	['v-pop', 'vietnamese lo-fi']	2022-04-22	243874.0	30.0	False	True
Trót Yêu	Trót Yêu	Trung Quân	['v-pop', 'vietnam indie', 'vietnamese lo-fi']	2014-03-31	287935.0	32.0	False	True
THE BADDEST	THE BADDEST	K/DA	['k-pop']	2020-08-27	162600.0	59.0	False	True
29	THE WXRDIES	Wxrdie	['vietnamese hip hop', 'v-pop']	2024-11-12	158154.0	48.0	True	True
Summer Days (feat. Macklemore & Patrick Stump of Fall Out Boy)	Summer Days (feat. Macklemore & Patrick Stump of Fall Out Boy)	Martin Garrix	['edm', 'electronica', 'progressive house']	2019-04-25	163804.0	66.0	True	True
Over	Over	Khoi Vu	['v-pop', 'vietnamese hip hop', 'vietnamese lo-fi', 'vietnam indie']	2023-11-22	173538.0	38.0	False	True
like my father	like my father	Jax	[]	2021-06-03	183133.0	58.0	False	True
Đưa Nhau Đi Trốn - Chill Version	Đưa Nhau Đi Trốn (Chill Version)	Đen	['v-pop', 'vietnamese hip hop', 'vietnam indie', 'vietnamese lo-fi']	2015-09-11	241958.0	53.0	False	True
Dreams Come True	Dreams Come True - SM STATION	aespa	['k-pop']	2021-12-20	204933.0	54.0	False	True
moonchild	mono.	RM	['k-pop', 'k-rap']	2018-10-23	205833.0	56.0	False	True
DRIP	DRIP	BABYMONSTER	['k-pop']	2024-11-01	180845.0	78.0	False	True
Maroon	Midnights	Taylor Swift	[]	2022-10-21	218270.0	68.0	True	True
Bet On Me	Bet On Me	Walk off the Earth	[]	2022-03-18	172983.0	41.0	False	True
I Can Do It With a Broken Heart	THE TORTURED POETS DEPARTMENT	Taylor Swift	[]	2024-04-18	218004.0	78.0	True	True
Run BTS	Proof	BTS	['k-pop']	2022-06-10	204939.0	71.0	False	True
Make You Feel My Love	19	Adele	['soft pop']	2008-01-27	212040.0	72.0	False	True
Quên Dần Quên	Quên Dần Quên	CAPTAIN BOY	['v-pop', 'vietnamese hip hop']	2024-01-11	262655.0	48.0	False	True
Reality	Less Is More	Lost Frequencies	['tropical house']	2016-10-21	159480.0	74.0	False	True
Let Me Go (with Alesso, Florida Georgia Line & watt)	Let Me Go (with Alesso, Florida Georgia Line & watt)	Hailee Steinfeld	[]	2017-09-08	174800.0	68.0	False	True
Ổn Không, Brô (feat. 24k.Right & Yuno Bigboi)	Rap Việt Mùa 3 (2023) - Tập 8	RAP VIỆT	['vietnamese hip hop', 'v-pop']	2023-07-16	189629.0	25.0	False	True
Yun (with Erykah Badu)	Indigo	RM	['k-pop', 'k-rap']	2022-12-02	233688.0	53.0	True	True
changes	?	XXXTENTACION	['emo rap']	2018-03-16	121886.0	71.0	False	True
Dễ Đến Dễ Đi	Dễ Đến Dễ Đi	Quang Hùng MasterD	['v-pop', 'vietnamese lo-fi', 'vinahouse', 'vietnamese hip hop']	2020-11-01	270048.0	40.0	False	True
Perfect	Lặng	Shiki	['vietnamese hip hop', 'v-pop', 'vietnam indie']	2024-06-27	188000.0	52.0	False	True
Not Shy	Not Shy	ITZY	['k-pop']	2020-08-17	177728.0	59.0	False	True
Replay trên con Guây (feat. Đan Ni)	Replay trên con Guây (feat. Đan Ni)	Phuc Du	['vietnamese hip hop', 'v-pop', 'vietnamese lo-fi', 'vinahouse', 'vietnam indie']	2022-10-10	221607.0	26.0	False	True
Em Mới Là Người Yêu Anh (Acoustic Version)	Em Mới Là Người Yêu Anh (Acoustic Version)	MIN	['v-pop', 'vietnamese hip hop', 'vietnamese lo-fi', 'vietnam indie', 'vinahouse']	2021-06-08	236559.0	30.0	False	True
Adore You	Fine Line	Harry Styles	[]	2019-12-13	207133.0	76.0	False	True
No Time To Die	No Time To Die	Billie Eilish	[]	2020-02-13	242265.0	72.0	False	True
Thèn Chóa	THE WXRDIES	Wxrdie	['vietnamese hip hop', 'v-pop']	2024-11-12	244464.0	49.0	True	True
Người Âm Phủ	Người Âm Phủ	Osad	['v-pop', 'vietnamese hip hop']	2018-01-01	130558.0	43.0	False	True
Hectic (with Colde)	Indigo	RM	['k-pop', 'k-rap']	2022-12-02	226189.0	53.0	False	True
Love Story (Taylor’s Version)	Love Story (Taylor’s Version)	Taylor Swift	[]	2021-02-12	235766.0	73.0	False	True
Intro: Serendipity	Love Yourself 承 'Her'	BTS	['k-pop']	2017-09-18	139971.0	51.0	False	True
M.A.Y (feat. RPT MCK, Duy Andy & Yuno Bigboi)	Rap Việt Tập 8	RAP VIỆT	['vietnamese hip hop', 'v-pop']	2020-10-22	172363.0	25.0	False	True
Nơi Ta Sống (feat. Long Nón Lá & Mikelodic)	Rap Việt Mùa 3 - Vòng 2	RAP VIỆT	['vietnamese hip hop', 'v-pop']	2023-08-09	179668.0	30.0	False	True
Loving You Sunny	Loving You Sunny	Kimmese	['vietnamese hip hop', 'v-pop', 'vietnam indie']	2020-10-27	294857.0	42.0	False	True
Lý Do... Anh Bỏ Em Vào Balo (Lofi Ver.)	Lý Do... Anh Bỏ Em Vào Balo (Lofi Ver.)	Tân Trần	['vietnamese lo-fi', 'vinahouse', 'v-pop', 'vietnam indie', 'lo-fi']	2021-07-25	204521.0	4.0	False	True
All Day (with Tablo)	Indigo	RM	['k-pop', 'k-rap']	2022-12-02	186186.0	53.0	True	True
Wow.	Hollywood's Bleeding	Post Malone	[]	2019-09-06	149546.0	73.0	True	True
no song without you	no song without you	HONNE	[]	2020-07-03	160346.0	54.0	False	True
134340	Love Yourself 轉 'Tear'	BTS	['k-pop']	2018-05-18	230063.0	58.0	False	True
Change pt.2	Indigo	RM	['k-pop', 'k-rap']	2022-12-02	114026.0	56.0	True	True
Nhớ Người Hay Nhớ	Nhớ Người Hay Nhớ...	Châu Đăng Khoa	['v-pop', 'vietnamese hip hop', 'vinahouse', 'vietnamese lo-fi']	2020-02-25	254034.0	22.0	False	True
Queendom	Queendom - The 6th Mini Album	Red Velvet	['k-pop']	2021-08-16	181760.0	56.0	False	True
Last Christmas	Christmas Kisses	Ariana Grande	['pop']	2013-01-01	203653.0	62.0	False	True
traitor	SOUR	Olivia Rodrigo	[]	2021-05-21	229226.0	81.0	False	True
Outro		Hoàng Thùy Linh						
Bet On Us (feat. HURRYKNG, IndieK & Mây Bae)	Rap Việt Mùa 3 (2023) - Tập 10	RAP VIỆT	['vietnamese hip hop', 'v-pop']	2023-07-30	198817.0	23.0	False	True
You're On Your Own, Kid	Midnights	Taylor Swift	[]	2022-10-21	194206.0	73.0	False	True
Đường Tôi Chở Em Về (Cukak Remix)	Đường Tôi Chở Em Về (Cukak Remix)	buitruonglinh	['v-pop', 'vietnamese lo-fi', 'vietnam indie', 'vinahouse']	2021-07-07	248769.0	34.0	False	True
đôi mình	đôi mình	Chuột Sấm Sét	['vietnam indie', 'v-pop']	2023-04-19	177000.0	38.0	False	True
wo ai ni - orei Remix		Trash Dee						
Forg_tful (with Kim Sawol)	Indigo	RM	['k-pop', 'k-rap']	2022-12-02	162295.0	52.0	False	True
Thằng Điên	Thằng Điên	JustaTee	['v-pop', 'vietnamese hip hop', 'vietnam indie', 'vietnamese lo-fi', 'vinahouse']	2022-07-11	234000.0	56.0	False	True
No.2 (with parkjiyoon)	Indigo	RM	['k-pop', 'k-rap']	2022-12-02	193963.0	53.0	False	True
What Love Is… (feat. RPT Gonzo, Thành Draw & Binz)	Rap Việt Tập 16	RAP VIỆT	['vietnamese hip hop', 'v-pop']	2020-11-16	242666.0	22.0	False	True
Snooze (feat. Ryuichi Sakamoto, WOOSUNG of The Rose)	D-DAY	Agust D	['k-pop', 'k-rap']	2023-04-21	264760.0	62.0	True	True
Call Out My Name	My Dear Melancholy,	The Weeknd	[]	2018-03-30	228373.0	80.0	False	True
03 Hay Là	Suýt 1	Ngọt	['vietnam indie', 'v-pop', 'vietnamese hip hop']	2024-02-23	202445.0	41.0	False	True
năm ngoái giờ này (after all)	CITOPIA	Phùng Khánh Linh	['v-pop', 'vietnam indie', 'city pop']	2022-11-11	206325.0	30.0	False	True
Bubble Gum	How Sweet	NewJeans	['k-pop']	2024-05-24	200266.0	69.0	False	True
PLAYING WITH FIRE - KR Ver.		BLACKPINK						
= (Equal Sign)	Jack In The Box	j-hope	['k-pop', 'k-rap']	2022-07-15	114477.0	61.0	False	True
Yours	Yours	Raiden	[]	2020-05-12	235413.0	58.0	False	True
Lúc Thấy Lúc Không	LINK	Hoàng Thùy Linh	['v-pop', 'vietnamese hip hop', 'vinahouse', 'vietnam indie']	2022-08-11	173000.0	28.0	False	True
Teach Me How To Love	Wonder	Shawn Mendes	['pop']	2020-12-04	202356.0	52.0	False	True
Em Ơi	Em Ơi	Vũ Cát Tường	['v-pop', 'vietnam indie']	2017	201168.0	45.0	False	True
Panini	7	Lil Nas X	[]	2019-06-21	114893.0	60.0	False	True
Airplane pt.2	Love Yourself 轉 'Tear'	BTS	['k-pop']	2018-05-18	218614.0	64.0	False	True
God is a woman	Sweetener	Ariana Grande	['pop']	2018-08-17	197546.0	72.0	True	True
Chàng Trai Sơ Mi Hồng	Chàng Trai Sơ Mi Hồng	Hoàng Duyên	['v-pop', 'vietnamese lo-fi', 'vietnam indie']	2021-03-12	292098.0	30.0	False	True
Đầu Đường Xó Chợ	Đánh Đổi	Obito	['v-pop', 'vietnamese hip hop', 'vietnam indie']	2023-10-10	184615.0	54.0	True	True
Chuyện Buồn	Tâm 9	Mỹ Tâm	['v-pop', 'vietnamese bolero', 'vietnam indie']	2017-12-06	230533.0	21.0	False	True
Cưới Đi (feat. ChangC)	Cưới Đi (feat. ChangC)	2T	['v-pop', 'vietnamese hip hop', 'vietnamese lo-fi', 'vietnam indie']	2020-08-28	232699.0	40.0	False	True
Leave Before You Love Me (with Jonas Brothers)	Leave Before You Love Me	Marshmello	['edm']	2021-05-21	154983.0	75.0	False	True
Moonlight	Moonlight	Kali Uchis	[]	2023-02-24	187557.0	71.0	False	True
Clme	Clme	Andree Right Hand	['vietnamese hip hop', 'v-pop', 'vinahouse']	2019-07-15	240000.0	39.0	True	True
Supernova Love	Supernova Love	IVE	['k-pop']	2024-11-08	199504.0	67.0	False	True
Nhật Ký Vào Đời	Nhật Ký Vào Đời	Karik	['v-pop', 'vietnamese hip hop', 'vietnam indie', 'vietnamese lo-fi', 'vinahouse']	2024-06-20	242433.0	32.0	False	True
Cool for the Summer	Confident	Demi Lovato	[]	2015-01-01	214739.0	73.0	True	True
Chúng Ta Không Thuộc Về Nhau	m-tp M-TP	Sơn Tùng M-TP	['v-pop', 'vinahouse', 'vietnamese hip hop']	2017-04-01	233009.0	53.0	False	True
Tomboy	Tomboy	Destiny Rogers	[]	2019-02-28	203445.0	61.0	False	True
don't wanna break up again	eternal sunshine	Ariana Grande	['pop']	2024-03-08	174006.0	68.0	True	True
SAD!	?	XXXTENTACION	['emo rap']	2018-03-16	166605.0	76.0	True	True
Night Changes	FOUR (Deluxe)	One Direction	[]	2014-11-17	226600.0	84.0	False	True
Không Thầy Đố Mày Làm Nên		RAP VIỆT						
Mong Cho Anh	Tâm 9	Mỹ Tâm	['v-pop', 'vietnamese bolero', 'vietnam indie']	2017-12-06	244040.0	23.0	False	True
Roses	Roses	Finn Askew	[]	2020-07-31	201700.0	46.0	True	True
Em Là Châu Báu	Em Là Châu Báu	tlinh	['v-pop', 'vietnamese hip hop', 'vietnam indie', 'vietnamese lo-fi', 'vinahouse']	2020-11-22	171968.0	43.0	False	True
Music Box : Reflection	Jack In The Box	j-hope	['k-pop', 'k-rap']	2022-07-15	70546.0	52.0	False	True
Cho Toi Lang Thang		TLDK						
Sau Tat Ca - Original		ERIK						
Closer (with Paul Blanco, Mahalia)	Indigo	RM	['k-pop', 'k-rap']	2022-12-02	196507.0	58.0	False	True
xuân, hạ, thu, đông rồi lại xuân	dreaAMEE	AMEE	['v-pop', 'vietnamese hip hop', 'vietnam indie', 'vietnamese lo-fi']	2020-06-20	290609.0	36.0	False	True
With you - Instrumental	Our Blues, Pt. 4 (Original Television Soundtrack)	Jimin	['k-pop']	2022-04-24	201487.0	37.0	False	True
Blueberry Eyes (feat. SUGA of BTS)	Colour Vision	MAX	[]	2020-09-18	172244.0	52.0	False	True
Look At Her Now	Rare	Selena Gomez	['pop']	2020-01-10	162595.0	56.0	False	True
Bài này không để đi diễn	Bài này không để đi diễn	Anh Tú Atus	['v-pop', 'vietnamese hip hop']	2022-10-17	178520.0	38.0	False	True
Not Today	You Never Walk Alone	BTS	['k-pop']	2017-02-13	231859.0	62.0	False	True
một ngày tôi quên hết (feat. Cẩm Vân, CeCe Trương)	COLOURS	Hứa Kim Tuyền	['v-pop', 'vietnamese lo-fi', 'vietnam indie']	2022-05-31	261000.0	26.0	False	True
XO (Only If You Say Yes)	ROMANCE : UNTOLD	ENHYPEN	['k-pop']	2024-07-12	188332.0	72.0	False	True
Dancing in My Room	Dancing in My Room	347aidan	[]	2020-10-26	180138.0	61.0	True	True
ex's hate me, Pt.2	dreaAMEE	AMEE	['v-pop', 'vietnamese hip hop', 'vietnam indie', 'vietnamese lo-fi']	2020-06-20	216500.0	55.0	False	True
UP - KARINA Solo	SYNK : PARALLEL LINE - Special Digital Single	aespa	['k-pop']	2024-10-09	166640.0	75.0	False	True
Dynamite (Instrumental)	Dynamite (DayTime Version)	BTS	['k-pop']	2020-08-28	198770.0	34.0	False	True
Pandora's Box	Jack In The Box	j-hope	['k-pop', 'k-rap']	2022-07-15	156291.0	54.0	False	True
Love Story (Taylor’s Version)	Love Story (Taylor’s Version)	Taylor Swift	[]	2021-02-12	235766.0	73.0	False	True
Ikigai	Khu Vườn Tình	Tăng Duy Tân	['v-pop', 'vinahouse', 'vietnamese lo-fi']	2024-10-29	180000.0	44.0	False	True
Strawberries & Cigarettes	Strawberries & Cigarettes	Troye Sivan	[]	2018-03-16	201538.0	72.0	False	True
Tonight	Tonight	Jin	['k-pop']	2019-06-05	178806.0	59.0	False	True
365	365	Zedd	['edm']	2019-02-14	181899.0	58.0	False	True
Hình Trái Tim	Hình Trái Tim	Thắng	['vietnam indie', 'v-pop', 'vietnamese hip hop']	2022-11-18	236689.0	48.0	False	True
CILU	CILU	Da LAB	['v-pop', 'vietnamese hip hop', 'vietnam indie', 'vietnamese lo-fi', 'vinahouse']	2020-11-30	194181.0	23.0	False	True
Câu Trả Lời	Câu Trả Lời	Tiên Tiên	['v-pop', 'vietnam indie', 'vinahouse', 'vietnamese lo-fi']	2019-07-13	167293.0	26.0	False	True
Bắt Vía (feat. Wren Evans & Mew Amazing)	LINK	Hoàng Thùy Linh	['v-pop', 'vietnamese hip hop', 'vinahouse', 'vietnam indie']	2022-08-11	204000.0	29.0	False	True
Bao Nhiêu	Qua Khung Cửa Sổ	Chillies	['v-pop', 'vietnam indie', 'vietnamese lo-fi', 'vietnamese hip hop']	2021-05-05	229666.0	24.0	False	True
HIGHEST IN THE ROOM	HIGHEST IN THE ROOM	Travis Scott	['rap']	2019-10-04	175720.0	81.0	True	True
Abyss	Abyss	Jin	['k-pop']	2020-12-03	155108.0	62.0	False	True
Em Trang Trí	Gieo	Ngọt	['vietnam indie', 'v-pop', 'vietnamese hip hop']	2022-11-25	165868.0	44.0	False	True
AI BIET	AI BIET	WEAN	['v-pop', 'vietnamese hip hop', 'vietnam indie', 'vietnamese lo-fi']	2019-08-30	177626.0	39.0	False	True
Here With Me	Here With Me	Marshmello	['edm']	2019-03-08	156313.0	64.0	False	True
người đẹp ngủ	ái	tlinh	['v-pop', 'vietnamese hip hop', 'vietnam indie', 'vietnamese lo-fi', 'vinahouse']	2023-08-16	215720.0	40.0	False	True
Trưởng Nữ Chạy Trốn	LINK	Hoàng Thùy Linh	['v-pop', 'vietnamese hip hop', 'vinahouse', 'vietnam indie']	2022-08-11	195008.0	29.0	False	True
SDL	D-DAY	Agust D	['k-pop', 'k-rap']	2023-04-21	171442.0	59.0	False	True
See You Again (feat. Charlie Puth)	See You Again (feat. Charlie Puth)	Wiz Khalifa	['rap']	2015	229525.0	78.0	False	True
Polar Night	D-DAY	Agust D	['k-pop', 'k-rap']	2023-04-21	165319.0	58.0	False	True
Miên Man		Huỳnh Thanh Kiệt						
I Don’t Think That I Like Her	CHARLIE	Charlie Puth	['soft pop', 'pop']	2022-10-06	188507.0	55.0	False	True
Hong Kong 1 (RnB Version)		Nguyễn Trọng Tài						
Nụ Cười	Nụ Cười	Rhymastic	['v-pop', 'vietnamese hip hop', 'vietnam indie', 'vinahouse', 'vietnamese lo-fi']	2020-04-07	237714.0	28.0	False	True
I Don't Wanna Miss You	I Don't Wanna Miss You	TRANG	['vietnam indie', 'v-pop']	2020-07-24	192720.0	21.0	False	True
Cuộc Gọi Cuối	Cuộc Gọi Cuối	T.R.I	['v-pop', 'vietnamese lo-fi', 'vietnam indie', 'vietnamese hip hop']	2022-06-02	266181.0	24.0	False	True
Girls	Girls - The 2nd Mini Album	aespa	['k-pop']	2022-07-08	240440.0	60.0	False	True
Chạy Ngay Đi - Sky Tour 2019	Sky Tour (Original Motion Picture Soundtrack)	Sơn Tùng M-TP	['v-pop', 'vinahouse', 'vietnamese hip hop']	2020-06-12	309504.0	25.0	False	True
First Class	Come Home The Kids Miss You	Jack Harlow	[]	2022-05-06	173947.0	72.0	True	True
The Tortured Poets Department	THE TORTURED POETS DEPARTMENT: THE ANTHOLOGY	Taylor Swift	[]	2024-04-19	293048.0	68.0	True	True
Just Say Hello	Just Say Hello	Melo-D	[]	2022-05-11	288333.0	44.0	False	True
Lights Up	Fine Line	Harry Styles	[]	2019-12-13	172213.0	65.0	False	True
tonight	goodnight	demxntia	['emo rap']	2018-06-02	84875.0	54.0	False	True
Oh My God	30	Adele	['soft pop']	2021-11-19	225148.0	69.0	False	True
Saturday Nights	Suncity	Khalid	[]	2018-10-18	210666.0	62.0	False	True
Get Up	NewJeans 2nd EP 'Get Up'	NewJeans	['k-pop']	2023-07-21	36226.0	64.0	False	True
Như Ngày Hôm Qua	m-tp M-TP	Sơn Tùng M-TP	['v-pop', 'vinahouse', 'vietnamese hip hop']	2017-04-01	222981.0	48.0	False	True
Rise	Blue	Jonas Blue	['tropical house']	2018-11-09	194407.0	67.0	False	True
Bài Hát Của Em	Người Tình	TRANG	['vietnam indie', 'v-pop']	2017-09-19	220363.0	30.0	False	True
To Die For	To Die For	Sam Smith	['soft pop']	2020-02-14	193795.0	57.0	False	True
Biên Giới Long Bình	Đánh Đổi	Obito	['v-pop', 'vietnamese hip hop', 'vietnam indie']	2023-10-10	179072.0	48.0	True	True
my future	Happier Than Ever	Billie Eilish	[]	2021-07-30	210005.0	67.0	False	True
Tháng 4 Là Lời Nói Dối Của Em - Live Version		Hà Anh Tuấn						
Chờ Anh Nhé	Tình Ca Hoàng Dũng	Hoàng Dũng	['v-pop', 'vietnam indie', 'vietnamese lo-fi', 'vietnamese hip hop']	2019-03-06	322508.0	47.0	False	True
3 1 0 7 7 - W/N ft. ( titie, Duongg )	3 1 0 7 7 - W/N ft. ( titie, Duongg )	W/N	['v-pop', 'vietnamese hip hop', 'vietnamese lo-fi', 'vietnam indie']	2021-10-31	211846.0	46.0	False	True
Alcohol-Free	Taste of Love	TWICE	['k-pop']	2021-06-11	210573.0	60.0	False	True
Deja Vu	minisode 3: TOMORROW	TOMORROW X TOGETHER	['k-pop']	2024-04-01	171427.0	70.0	False	True
Alone, Pt. II	World Of Walker	Alan Walker	[]	2021-11-26	179052.0	67.0	False	True
Đừng Gọi Anh Dậy	Trạm Cảm Xúc	Phuc Du	['vietnamese hip hop', 'v-pop', 'vietnamese lo-fi', 'vinahouse', 'vietnam indie']	2021-07-05	194366.0	27.0	False	True
FOREVER YOUNG - KR Ver.		BLACKPINK						
Reckless	Silence Between Songs	Madison Beer	[]	2023-09-15	203384.0	69.0	False	True
Nơi Tình Yêu Kết Thúc	Xin Em, Vol. 01	Bùi Anh Tuấn	['v-pop', 'vietnamese lo-fi']	2016-09-15	317773.0	50.0	False	True
STOP	Jack In The Box	j-hope	['k-pop', 'k-rap']	2022-07-15	122211.0	54.0	False	True
Lover (Remix) [feat. Shawn Mendes]	Lover (Remix) [feat. Shawn Mendes]	Taylor Swift	[]	2019-11-13	221306.0	62.0	False	True
Matchanah (feat. Bâu)	Matchanah (feat. Bâu)	Híu	['v-pop', 'vietnamese lo-fi', 'vietnamese hip hop']	2021-03-13	227586.0	36.0	False	True
Interlude : Dawn	D-DAY	Agust D	['k-pop', 'k-rap']	2023-04-21	105139.0	58.0	False	True
Diamond Heart	Different World	Alan Walker	[]	2018-12-14	240333.0	56.0	False	True
Tâm Sự Của Ta	Tâm Sự Của Ta	Vũ.	['v-pop', 'vietnam indie', 'vietnamese lo-fi']	2018-12-19	247500.0	28.0	False	True
Done for Me (feat. Kehlani)	Voicenotes	Charlie Puth	['soft pop', 'pop']	2018-05-11	180493.0	63.0	False	True
FRIENDSHIP	FRIENDSHIP	Đen	['v-pop', 'vietnamese hip hop', 'vietnam indie', 'vietnamese lo-fi']	2024-06-25	294997.0	37.0	False	True
Trước Khi Em Tồn Tại		Việt Anh						
Miền Đất Hứa	Miền Đất Hứa	Hoàng Thùy Linh	['v-pop', 'vietnamese hip hop', 'vinahouse', 'vietnam indie']	2023-11-27	239519.0	30.0	False	True
I will come to you	Happy	Jin	['k-pop']	2024-11-15	156964.0	64.0	False	True
In My Feelings	Scorpion	Drake	['rap', 'hip hop']	2018-06-29	217925.0	69.0	True	True
Wildest Dreams	1989	Taylor Swift	[]	2014-01-01	220440.0	70.0	False	True
Permission to Dance (Instrumental)	Permission to Dance	BTS	['k-pop']	2021-07-23	187585.0	30.0	False	True
The Nights	The Days / Nights	Avicii	['edm']	2014-01-01	176658.0	81.0	False	True
Ruin My Life	Ruin My Life	Zara Larsson	[]	2018-10-18	190931.0	57.0	True	True
Wrap Me In Plastic - Marcus Layton Radio Edit	Wrap Me In Plastic (Marcus Layton Radio Edit)	CHROMANCE	[]	2019-11-15	193320.0	54.0	False	True
My Boy Only Breaks His Favorite Toys	THE TORTURED POETS DEPARTMENT: THE ANTHOLOGY	Taylor Swift	[]	2024-04-19	203801.0	70.0	False	True
Intro	Jack In The Box	j-hope	['k-pop', 'k-rap']	2022-07-15	58871.0	53.0	False	True
Phonecert		Minh Nhựt						
Có Chàng Trai Viết Lên Cây		Unknown Artist						
LILAC	IU 5th Album 'LILAC'	IU	['k-pop', 'k-ballad']	2021-03-25	214253.0	61.0	False	True
Đôi Mi Em Đang U Sầu	Đôi Mi Em Đang U Sầu	Đông Nhi	['v-pop', 'vinahouse']	2022-04-23	267272.0	19.0	False	True
SOS (feat. Aloe Blacc)	TIM	Avicii	['edm']	2019-06-06	157202.0	70.0	False	True
Anpanman	Love Yourself 轉 'Tear'	BTS	['k-pop']	2018-05-18	232966.0	61.0	False	True
The Archer	Lover	Taylor Swift	[]	2019-08-23	211240.0	71.0	False	True
How Long	Voicenotes	Charlie Puth	['soft pop', 'pop']	2018-05-11	200853.0	71.0	False	True
Tam Giác	Tam Giác	Anh Phan	['vietnamese hip hop', 'v-pop']	2022-02-28	122390.0	37.0	True	True
LION	I trust	(G)I-DLE	['k-pop']	2020-04-06	210973.0	57.0	False	True
Matsuri	LOVE ALL SERVE ALL	Fujii Kaze	['j-pop']	2022-03-23	225920.0	63.0	False	True
What You Know Bout Love	Shoot For The Stars Aim For The Moon	Pop Smoke	['brooklyn drill', 'drill', 'new york drill']	2020-07-03	160000.0	74.0	True	True
Agust D		Agust D						
WA DA DA	FIRST IMPACT	Kep1er	['k-pop']	2022-01-03	183693.0	53.0	False	True
Scared to Be Lonely	Scared to Be Lonely	Martin Garrix	['edm', 'electronica', 'progressive house']	2017-01-27	220883.0	74.0	False	True
Interlude : Showtime	MUSE	Jimin	['k-pop']	2024-07-19	78492.0	66.0	False	True
Good Thing (with Kehlani)	Good Thing (with Kehlani)	Zedd	['edm']	2019-09-27	210901.0	59.0	True	True
Question...?	Midnights	Taylor Swift	[]	2022-10-21	210556.0	61.0	True	True
Million Dollar Boy		16 Typh						
Big Plans	Big Plans	Why Don't We	[]	2019-01-17	179929.0	57.0	False	True
Future	Jack In The Box	j-hope	['k-pop', 'k-rap']	2022-07-15	139308.0	55.0	False	True
Never Be the Same	Camila	Camila Cabello	['pop']	2018-01-12	226973.0	72.0	False	True
Safety Zone	Jack In The Box	j-hope	['k-pop', 'k-rap']	2022-07-15	165340.0	54.0	False	True
Natural	Origins (Deluxe)	Imagine Dragons	[]	2018-11-09	189466.0	76.0	False	True
Illusion	Girls - The 2nd Mini Album	aespa	['k-pop']	2022-07-08	195053.0	57.0	False	True
what if… (dance mix)	HOPE ON THE STREET VOL.1	j-hope	['k-pop', 'k-rap']	2024-03-29	196485.0	58.0	False	True
MOONLIGHT SUNRISE	READY TO BE	TWICE	['k-pop']	2023-03-10	180320.0	56.0	False	True
So Long, London	THE TORTURED POETS DEPARTMENT: THE ANTHOLOGY	Taylor Swift	[]	2024-04-19	262974.0	69.0	False	True
đừng làm nó phức tạp	đừng làm nó phức tạp	tlinh	['v-pop', 'vietnamese hip hop', 'vietnam indie', 'vietnamese lo-fi', 'vinahouse']	2024-01-26	289321.0	36.0	False	True
Xuất Phát Điểm	Đánh Đổi	Obito	['v-pop', 'vietnamese hip hop', 'vietnam indie']	2023-10-10	189111.0	45.0	False	True
Người Ấy	Ca Sĩ Giấu Mặt	Trịnh Thăng Bình	['v-pop', 'vinahouse', 'vietnamese lo-fi']	2017-04-04	260674.0	42.0	False	True
Ghệ Mới	Ghệ Mới	B Ray	['vietnamese hip hop', 'v-pop', 'vinahouse', 'vietnam indie']	2025-02-14	226238.0	51.0	False	True
Kick It	Kill This Love	BLACKPINK	['k-pop']	2019-04-05	191225.0	53.0	False	True
若月亮没来（若是月亮还没来）	若月亮没来（若是月亮还没来）	王宇宙Leto	['mandopop', 'c-pop']	2024-01-22	173822.0	58.0	False	True
Good Boy Gone Bad	minisode 2: Thursday's Child	TOMORROW X TOGETHER	['k-pop']	2022-05-09	191038.0	62.0	False	True
Is It Over Now? (Taylor's Version) (From The Vault)	1989 (Taylor's Version)	Taylor Swift	[]	2023-10-26	229477.0	71.0	False	True
Dạ Vũ	Dạ Vũ	Tăng Duy Tân	['v-pop', 'vinahouse', 'vietnamese lo-fi']	2021-08-15	202167.0	42.0	False	True
Đời Là Giấc Mơ (Nhạc Phim Chị Trợ Lý Của Anh)	Đời Là Giấc Mơ (Nhạc Phim Chị Trợ Lý Của Anh)	Mỹ Tâm	['v-pop', 'vietnamese bolero', 'vietnam indie']	2019-01-25	181875.0	17.0	False	True
Burning Up (Fire)	The Most Beautiful Moment in Life: Young Forever	BTS	['k-pop']	2016-05-02	203351.0	64.0	False	True
Zimzalabim	‘The ReVe Festival’ Finale	Red Velvet	['k-pop']	2019-12-23	190859.0	47.0	False	True
Vigilante Shit	Midnights	Taylor Swift	[]	2022-10-21	164801.0	67.0	True	True
Do Ai?	Vũ Trụ Song Song	Vũ.	['v-pop', 'vietnam indie', 'vietnamese lo-fi']	2019-11-06	216003.0	25.0	False	True
Luật rừng	Luật rừng	Binz	['vietnamese hip hop', 'v-pop', 'vinahouse', 'vietnam indie']	2022-08-04	193600.0	22.0	False	True
What Lovers Do (feat. SZA)	Red Pill Blues (Deluxe)	Maroon 5	['pop']	2018-06-15	199849.0	70.0	False	True
Tìm (Lost)	Tìm	MIN	['v-pop', 'vietnamese hip hop', 'vietnamese lo-fi', 'vietnam indie', 'vinahouse']	2021-11-24	270000.0	36.0	False	True
Young Dumb & Broke	American Teen	Khalid	[]	2017-04-27	202546.0	76.0	False	True
all the good girls go to hell	WHEN WE ALL FALL ASLEEP, WHERE DO WE GO?	Billie Eilish	[]	2019-03-29	168839.0	70.0	False	True
Sacrifice	Dawn FM	The Weeknd	[]	2022-01-06	188918.0	66.0	True	True
Let Her Go	All the Little Lights (Deluxe)	Passenger	['folk pop']	2013-11-29	252733.0	73.0	False	True
해야 (HEYA)	IVE SWITCH	IVE	['k-pop']	2024-04-29	189680.0	64.0	False	True
Phải Lòng (feat. Phong Max)	Phải Lòng	Tăng Duy Tân	['v-pop', 'vinahouse', 'vietnamese lo-fi']	2022-09-01	218256.0	27.0	False	True
Lift Me Up - From Black Panther: Wakanda Forever - Music From and Inspired By	Lift Me Up (From Black Panther: Wakanda Forever - Music From and Inspired By)	Rihanna	[]	2022-10-28	196519.0	66.0	False	True
Send My Love / Sit Still, Look Pretty (Acoustic Mashup)	Send My Love / Sit Still, Look Pretty (Acoustic Mashup)	Landon Austin	['acoustic pop']	2016-06-29	202142.0	44.0	False	True
Love Lies (with Normani)	Love Lies (with Normani)	Khalid	[]	2018-02-14	201707.0	72.0	False	True
Cháu Xin Lỗi Chú (feat. Gia Nghi)	Cháu Xin Lỗi Chú (feat. Gia Nghi)	Linh Thộn	['v-pop', 'vietnamese hip hop', 'vietnam indie']	2021-02-22	249473.0	32.0	False	True
Vì Yêu Cứ Đâm Đầu	Vì Yêu Cứ Đâm Đầu	MIN	['v-pop', 'vietnamese hip hop', 'vietnamese lo-fi', 'vietnam indie', 'vinahouse']	2020-07-29	231000.0	47.0	False	True
MORE	MORE	K/DA	['k-pop']	2020-10-28	217088.0	61.0	False	True
Best Part of Me (feat. YEBBA)	No.6 Collaborations Project	Ed Sheeran	['soft pop']	2019-07-12	243266.0	55.0	False	True
Your Love	AMORTAGE	JISOO	['k-pop']	2025-02-14	173232.0	72.0	False	True
Christmas EveL	Christmas EveL	Stray Kids	['k-pop']	2021-11-29	178529.0	60.0	False	True
LOCO	CRAZY IN LOVE	ITZY	['k-pop']	2021-09-24	191462.0	62.0	False	True
Lalala	Lalala	Y2K	[]	2019-06-28	160626.0	68.0	True	True
TRUE	YOARI X MY DEMON	YOARI	[]	2023-12-23	192240.0	59.0	False	True
Thuyền Không Bến Đợi (feat. Czee)	Thuyền Không Bến Đợi (feat. Czee)	Trungg I.U	['v-pop', 'vietnamese lo-fi', 'vietnam indie']	2024-01-10	335022.0	39.0	False	True
Young And Beautiful	Young And Beautiful	Lana Del Rey	[]	2013-01-01	236053.0	81.0	False	True
Cream Soda	EXIST – The 7th Album	EXO	['k-pop']	2023-07-10	185320.0	55.0	False	True
Meant to Be (feat. Florida Georgia Line)	All Your Fault: Pt. 2	Bebe Rexha	[]	2017-08-11	163870.0	67.0	False	True
OMG What's Happening	Heaven & Hell	Ava Max	[]	2020-09-18	179831.0	51.0	False	True
tình em là đại dương	Hương Mùa Hè EP.02	Hoàng Dũng	['v-pop', 'vietnam indie', 'vietnamese lo-fi', 'vietnamese hip hop']	2022-07-10	226000.0	38.0	False	True
Cố Thức Đến Mùa Cây Thay Lá	Cố Thức Đến Mùa Cây Thay Lá	Thái Đinh	['vietnam indie', 'v-pop']	2020-10-13	257683.0	26.0	False	True
Funny	Funny	Zedd	['edm']	2020-07-16	221465.0	53.0	False	True
Đây Là Rap Việt (feat. Binz, JustaTee, Rhymastic, Wowy, Karik & Suboi)	Rap Việt, Vòng 1	RAP VIỆT	['vietnamese hip hop', 'v-pop']	1900-01-01	180600.0	30.0	False	True
Bao Giờ Lấy Vợ (feat. Right & Anh Tú)	Rap Việt Mùa 3 (2023) - Tập 2	RAP VIỆT	['vietnamese hip hop', 'v-pop']	2023-06-04	192000.0	31.0	False	True
you should see me in a crown	WHEN WE ALL FALL ASLEEP, WHERE DO WE GO?	Billie Eilish	[]	2019-03-29	180952.0	73.0	False	True
CHUYỂN KÊNH (sản phẩm này không phải là thuốc)	3 (tuyển tập nhạc Ngọt mới trẻ sôi động 2019)	Ngọt	['vietnam indie', 'v-pop', 'vietnamese hip hop']	2019-06-10	273806.0	41.0	False	True
everything sucks	everything sucks	vaultboy	[]	2021-05-21	115401.0	61.0	True	True
Một Chiều Mưa Bất Ngờ	Một Chiều Mưa Bất Ngờ	K-ICM	['v-pop', 'vinahouse', 'vietnam indie', 'vietnamese lo-fi', 'vietnamese hip hop']	2020-10-21	250735.0	3.0	False	True
Như Hoa Mùa Xuân	Gala Nhạc Việt: GreaTET - Thập Kỷ Nhạc Xuân	Phùng Khánh Linh	['v-pop', 'vietnam indie', 'city pop']	2023-01-01	295634.0	42.0	False	True
Ngày Này, Người Con Gái Này	Ngày Này, Người Con Gái Này	Vũ Cát Tường	['v-pop', 'vietnam indie']	2025-02-14	255105.0	50.0	False	True
Khi ông mặt trời khóc	Khi ông mặt trời khóc	Tiên Tiên	['v-pop', 'vietnam indie', 'vinahouse', 'vietnamese lo-fi']	2022-09-23	233000.0	23.0	False	True
Dynamite (Acoustic Remix)	Dynamite (DayTime Version)	BTS	['k-pop']	2020-08-28	197993.0	41.0	False	True
KILLING ME	NEW KIDS REPACKAGE : THE NEW KIDS	iKON	['k-pop']	2019-01-07	193733.0	53.0	False	True
Ignite	Ignite	Alan Walker	[]	2018-05-11	210288.0	65.0	False	True
dimple	Love Yourself 承 'Her'	BTS	['k-pop']	2017-09-18	196776.0	64.0	False	True
Bejeweled	Midnights	Taylor Swift	[]	2022-10-21	194165.0	70.0	False	True
Đợi đến tháng 13	Đợi đến tháng 13	Vũ Thịnh	['v-pop', 'vietnamese hip hop', 'vinahouse']	2024-03-16	208258.0	45.0	False	True
Thói Quen	Baby With You - EP	Wren Evans	['v-pop', 'vietnam indie', 'vietnamese hip hop', 'vietnamese lo-fi', 'vinahouse']	2022-10-14	213167.0	30.0	False	True
Chị Ngả Em Nâng	Dramatic	Bích Phương	['v-pop', 'vietnamese hip hop', 'vietnamese lo-fi', 'vinahouse', 'vietnam indie']	2018-11-21	225600.0	20.0	False	True
Em Có Nhớ Anh Không ?	Em Có Nhớ Anh Không ?	Hiya	['v-pop']	2023-11-05	272538.0	47.0	False	True
SÀI GÒN CÓ EM (feat. Blacka)	Rap Việt Season 2 - Tập 2	RAP VIỆT	['vietnamese hip hop', 'v-pop']	2021-10-25	145428.0	25.0	False	True
Cứu Lấy Âm Nhạc	Cứu Lấy Âm Nhạc	Wren Evans	['v-pop', 'vietnam indie', 'vietnamese hip hop', 'vietnamese lo-fi', 'vinahouse']	2025-01-16	183479.0	48.0	False	True
Dành Cho Em	Hoàng Tôn: The Hits Collection	Hoàng Tôn	['v-pop', 'vietnamese hip hop', 'vinahouse']	2015-01-01	238773.0	50.0	False	True
Nhường Lại Em (feat. Phúc Du)	Một Vạn Năm	Vũ.	['v-pop', 'vietnam indie', 'vietnamese lo-fi']	2022-09-09	214333.0	33.0	False	True
Love Me	Love Me	RealestK	[]	2022-02-18	207546.0	58.0	False	True
Hugs & Kisses	AMORTAGE	JISOO	['k-pop']	2025-02-14	189826.0	70.0	False	True
La La La	Hotel Cabana (Deluxe Version)	Naughty Boy	[]	2013-01-01	222200.0	78.0	False	True
Patient	Voicenotes	Charlie Puth	['soft pop', 'pop']	2018-05-11	190533.0	50.0	False	True
SLOW DANCING IN THE DARK	BALLADS 1	Joji	[]	2018-10-26	209273.0	76.0	True	True
FOREVER 1	FOREVER 1 - The 7th Album	Girls' Generation	['k-pop']	2022-08-05	202533.0	55.0	False	True
Chúng Ta Không Thuộc Về Nhau - Sky Tour 2019	Sky Tour (Original Motion Picture Soundtrack)	Sơn Tùng M-TP	['v-pop', 'vinahouse', 'vietnamese hip hop']	2020-06-12	247594.0	25.0	False	True
All Night (BTS World Original Soundtrack) (Pt. 3)	All Night (BTS World Original Soundtrack) (Pt. 3)	BTS	['k-pop']	2019-06-21	216873.0	56.0	False	True
I Was Never There	My Dear Melancholy,	The Weeknd	[]	2018-03-30	241066.0	79.0	False	True
Nhà Văn Vở (feat. SMO & Hoàng Tôn)	Rap Việt Mùa 3 (2023) - Tập 14	RAP VIỆT	['vietnamese hip hop', 'v-pop']	2023-08-27	228572.0	23.0	False	True
Like I Do	Like I Do	David Guetta	['edm', 'dance']	2018-02-22	202500.0	57.0	False	True
Mercy	Illuminate (Deluxe)	Shawn Mendes	['pop']	2017-04-20	208733.0	76.0	False	True
Miễn Chê (feat. BigDaddy & Tez)	Rap Việt Mùa 3 (2023) - Tập 16	RAP VIỆT	['vietnamese hip hop', 'v-pop']	2023-09-10	214465.0	27.0	False	True
Easier	CALM	5 Seconds of Summer	[]	2020-03-27	158098.0	63.0	False	True
One Thing Right	One Thing Right	Marshmello	['edm']	2019-06-21	181823.0	70.0	False	True
Thanh	Thanh	Thịnh Suy	['v-pop', 'vietnam indie', 'vietnamese lo-fi']	2021-04-28	162000.0	28.0	False	True
Karma	Midnights	Taylor Swift	[]	2022-10-21	204852.0	72.0	True	True
i wonder... (with Jung Kook of BTS)	HOPE ON THE STREET VOL.1	j-hope	['k-pop', 'k-rap']	2024-03-29	163598.0	67.0	False	True
POP/STARS	POP/STARS	K/DA	['k-pop']	2018-11-03	191100.0	64.0	False	True
Skit: Soulmate	Skool Luv Affair	BTS	['k-pop']	2014-02-12	92791.0	44.0	False	True
quý cô say xỉn (secret sunday)	CITOPIA	Phùng Khánh Linh	['v-pop', 'vietnam indie', 'city pop']	2022-11-11	202241.0	28.0	False	True
Akuma no Ko	Akuma no Ko	Ai Higuchi	['anime', 'j-pop']	2022-01-10	227679.0	60.0	False	True
God's Plan	Scorpion	Drake	['rap', 'hip hop']	2018-06-29	198973.0	79.0	True	True
All of Me	Love In The Future (Expanded Edition)	John Legend	['soft pop', 'neo soul']	2013-08-30	269560.0	82.0	False	True
tình wá akk	tình wá akk	2pillz	['v-pop', 'vietnamese hip hop', 'vietnam indie', 'vinahouse']	2023-08-10	180394.0	24.0	False	True
Lost Cause	Happier Than Ever	Billie Eilish	[]	2021-07-30	212496.0	67.0	True	True
Leyla	Leyla	Mesto	['future house', 'edm']	2019-02-22	181810.0	36.0	False	True
Đừng Chờ Anh Nữa	Đừng Chờ Anh Nữa	Tăng Phúc	['v-pop', 'vietnamese lo-fi', 'vinahouse', 'vietnam indie']	2020-01-01	225132.0	36.0	False	True
Easy	Easy	Camila Cabello	['pop']	2019-10-11	194686.0	48.0	False	True
Say Bye! (feat. Pháp Kiều & Dương Hoàng Yến)	Rap Việt Mùa 3 (2023) - Tập 14	RAP VIỆT	['vietnamese hip hop', 'v-pop']	2023-08-27	203085.0	26.0	False	True
Better Days (NEIKED x Mae Muller x Polo G)	Better Days (NEIKED x Mae Muller x Polo G)	NEIKED	[]	2021-09-24	160656.0	66.0	False	True
Nobody's Love	JORDI (Deluxe)	Maroon 5	['pop']	2021-06-11	211253.0	58.0	False	True
Có Nhiều Cái Khó Nói (feat. Liu Grace)	Rap Việt Mùa 3 (2023) - Tập 15	RAP VIỆT	['vietnamese hip hop', 'v-pop']	2023-09-03	218555.0	26.0	False	True
Muộn Màng Là Từ Lúc	Tâm 9	Mỹ Tâm	['v-pop', 'vietnamese bolero', 'vietnam indie']	2017-12-06	235093.0	44.0	False	True
Ooh Just You	Ooh Just You	Lê Thiện Hiếu	['v-pop', 'vietnam indie', 'vietnamese lo-fi', 'vinahouse']	2020-11-24	195200.0	33.0	False	True
Bam Bam (feat. Ed Sheeran)	Familia	Camila Cabello	['pop']	2022-04-07	206070.0	65.0	False	True
Sinh Nhật Của Xinh Nhất	Nội Dung Nhạy Cảm - Part 1	24k.Right	['vietnamese hip hop', 'v-pop']	2023-11-08	180000.0	38.0	True	True
Black Mamba	Girls - The 2nd Mini Album	aespa	['k-pop']	2022-07-08	174933.0	62.0	False	True
Việt Nam Muôn Đời (feat. Thai VG, Liu Grace & Mikelodic)	Rap Việt Mùa 3 (2023) - Tập 16	RAP VIỆT	['vietnamese hip hop', 'v-pop']	2023-09-10	243902.0	31.0	False	True
Khum Hề Giả Trân (feat. gung0cay)	Rap Việt Mùa 3 (2023) - Tập 13	RAP VIỆT	['vietnamese hip hop', 'v-pop']	2023-08-20	210000.0	27.0	False	True
These Days (feat. Jess Glynne, Macklemore & Dan Caplen)	Toast to Our Differences (Deluxe Edition)	Rudimental	[]	2019-01-25	211760.0	66.0	False	True
But Daddy I Love Him	THE TORTURED POETS DEPARTMENT: THE ANTHOLOGY	Taylor Swift	[]	2024-04-19	340428.0	69.0	True	True
I Can’t Get Enough (benny blanco, Selena Gomez, J Balvin, Tainy)	I Can’t Get Enough (benny blanco, Selena Gomez, J Balvin, Tainy)	benny blanco	[]	2019-02-28	158027.0	57.0	False	True
Cơn Mưa Rào	Minh Tinh	Văn Mai Hương	['v-pop', 'vinahouse', 'vietnamese hip hop', 'vietnam indie']	2023-10-24	225000.0	34.0	False	True
Tiếp Đất	Tiếp Đất	Low G	['vietnamese hip hop', 'v-pop', 'vietnam indie']	2023-07-20	195860.0	34.0	False	True
Mặc Sự Đời! (feat. Tlinh)	Rap Việt Tập 13	RAP VIỆT	['vietnamese hip hop', 'v-pop']	2020-10-25	196333.0	21.0	False	True
I'm Not The Only One	In The Lonely Hour	Sam Smith	['soft pop']	2014-05-26	239316.0	80.0	False	True
XOXO	XOXO	JEON SOMI	['k-pop']	2021-10-29	207650.0	52.0	False	True
Thở	Thở	Da LAB	['v-pop', 'vietnamese hip hop', 'vietnam indie', 'vietnamese lo-fi', 'vinahouse']	2021-04-08	228050.0	33.0	False	True
Follow You	Mercury - Acts 1 & 2	Imagine Dragons	[]	2022-07-01	175643.0	66.0	False	True
Mặt Trời Khóc	Mặt Trời Khóc	Emcee L (Da LAB)	['v-pop', 'vietnamese lo-fi', 'vietnam indie', 'vietnamese hip hop']	2022-07-15	226682.0	19.0	False	True
Nép Vào Anh Và Nghe Anh Hát	Nép Vào Anh Và Nghe Anh Hát	Hoàng Dũng	['v-pop', 'vietnam indie', 'vietnamese lo-fi', 'vietnamese hip hop']	2018-12-12	263533.0	31.0	False	True
As I Am (feat. Khalid)	Justice	Justin Bieber	[]	2021-03-19	174406.0	57.0	False	True
Lạc Trôi - Sky Tour 2019	Sky Tour (Original Motion Picture Soundtrack)	Sơn Tùng M-TP	['v-pop', 'vinahouse', 'vietnamese hip hop']	2020-06-12	293890.0	23.0	False	True
Adios	HUSH	EVERGLOW	['k-pop']	2019-08-19	189146.0	53.0	False	True
Vẫn	Vẫn	24k.Right	['vietnamese hip hop', 'v-pop']	2023-09-09	238344.0	37.0	True	True
Rewrite The Stars (with James Arthur & Anne-Marie)	Rewrite The Stars (with James Arthur & Anne-Marie)	James Arthur	['soft pop']	2018-10-25	218293.0	75.0	False	True
breathin	Sweetener	Ariana Grande	['pop']	2018-08-17	198160.0	66.0	True	True
Walk On Da Street	Walk On The Street	16 Typh	['vietnamese hip hop', 'v-pop', 'vinahouse']	2021-04-06	179777.0	23.0	False	True
Soju Love	Soju Love	Obito	['v-pop', 'vietnamese hip hop', 'vietnam indie']	2022-03-08	191000.0	36.0	False	True
Ngày Mai Người Ta Lấy Chồng	Ngày Mai Người Ta Lấy Chồng	Thành Đạt	['v-pop', 'vinahouse', 'vietnamese lo-fi']	2023-05-12	361818.0	41.0	False	True
Sugar Rush Ride	The Name Chapter: TEMPTATION	TOMORROW X TOGETHER	['k-pop']	2023-01-27	186570.0	65.0	False	True
Cơn Mơ Băng Giá	Cơn Mơ Băng Giá	Bằng Kiều	['vietnamese bolero', 'v-pop', 'bolero']	2020-06-29	280016.0	38.0	False	True
Nếu Ngày Mai Không Đến	Nếu Ngày Mai Không Đến	Chillies	['v-pop', 'vietnam indie', 'vietnamese lo-fi', 'vietnamese hip hop']	2019-03-22	330967.0	34.0	False	True
Lemonade (feat. NAV)	B4 The Storm	Internet Money	[]	2020-08-28	195428.0	73.0	True	True
Ai Cũng Có Thể Là Quán Quân (feat. Dick & Bùi Công Nam)	Rap Việt Mùa 3 (2023) - Tập 15	RAP VIỆT	['vietnamese hip hop', 'v-pop']	2023-09-03	239057.0	27.0	False	True
Em Của Ngày Hôm Qua - Sky Tour 2019	Sky Tour (Original Motion Picture Soundtrack)	Sơn Tùng M-TP	['v-pop', 'vinahouse', 'vietnamese hip hop']	2020-06-12	246241.0	23.0	False	True
Please Me	Please Me	Cardi B	[]	2019-02-15	200889.0	74.0	True	True
Khóc Ở Trong Club	Khóc Ở Trong Club	Hiền Hồ	['v-pop', 'vinahouse', 'vietnam indie', 'vietnamese lo-fi']	2023-08-14	197073.0	31.0	False	True
Sweet Nothing	Midnights	Taylor Swift	[]	2022-10-21	188496.0	64.0	False	True
Take My Breath	Dawn FM	The Weeknd	[]	2022-01-06	339023.0	66.0	False	True
Try Again	Try Again - SM STATION	JAEHYUN	[]	2017-11-24	178233.0	66.0	False	True
vaicaunoicokhiennguoithaydoi - Acoustic	Hương Mùa Hè EP.01	GREY D	['v-pop', 'vietnam indie', 'vietnamese lo-fi', 'vietnamese hip hop']	2022-07-03	222068.0	43.0	False	True
Beautiful Monster	KOSMIK	SOOBIN	['v-pop', 'vietnamese hip hop', 'vietnamese lo-fi', 'vietnam indie', 'vinahouse']	2022-10-31	235354.0	31.0	False	True
Thành Thật (feat. Thành Draw)	Rap Việt Tập 15	RAP VIỆT	['vietnamese hip hop', 'v-pop']	2020-11-08	187200.0	23.0	False	True
Florida!!! (feat. Florence + The Machine)	THE TORTURED POETS DEPARTMENT: THE ANTHOLOGY	Taylor Swift	[]	2024-04-19	215463.0	68.0	True	True
HOT	SEVENTEEN 4th Album 'Face the Sun'	SEVENTEEN	['k-pop']	2022-05-27	197586.0	66.0	False	True
Bỏ Em Vào Balo (Lofi Ver.)	Bỏ Em Vào Balo (Lofi Ver.)	Tân Trần	['vietnamese lo-fi', 'vinahouse', 'v-pop', 'vietnam indie', 'lo-fi']	2021-07-11	186885.0	35.0	False	True
JIKJIN	THE SECOND STEP : CHAPTER ONE	TREASURE	['k-pop']	2022-02-15	184117.0	58.0	False	True
Labyrinth	Midnights	Taylor Swift	[]	2022-10-21	247962.0	67.0	False	True
Daisies	Daisies	Katy Perry	['pop']	2020-05-15	173123.0	51.0	False	True
Diamonds	Love Goes	Sam Smith	['soft pop']	2020-10-30	213869.0	62.0	False	True
Mẹ Biết Mẹ Buồn (feat. Ogenus)	Rap Việt Mùa 3 (2023) - Tập 13	RAP VIỆT	['vietnamese hip hop', 'v-pop']	2023-08-20	240000.0	23.0	False	True
Small Talk	Small Talk	Katy Perry	['pop']	2019-08-09	161962.0	46.0	False	True
Everything I Need - Film Version	Aquaman (Original Motion Picture Soundtrack) [Deluxe Edition]	Skylar Grey	[]	2019-07-19	196234.0	44.0	False	True
Buồn Không Thể Buông	Buồn Không Thể Buông	Trung Quân	['v-pop', 'vietnam indie', 'vietnamese lo-fi']	2022-09-30	255146.0	29.0	False	True
You’re Losing Me (From The Vault)	You're Losing Me (From The Vault)	Taylor Swift	[]	2023-11-29	277831.0	72.0	False	True
Kéo Em Về Làm Vợ (feat. Double2T)	Rap Việt Mùa 3 (2023) - Tập 15	RAP VIỆT	['vietnamese hip hop', 'v-pop']	2023-09-03	200888.0	24.0	False	True
Không Cần Phải Nói Nhiều	Không Cần Phải Nói Nhiều	tlinh	['v-pop', 'vietnamese hip hop', 'vietnam indie', 'vietnamese lo-fi', 'vinahouse']	2022-05-10	246271.0	33.0	False	True
Oh my god	I trust	(G)I-DLE	['k-pop']	2020-04-06	195866.0	60.0	False	True
nằm ngủ emru	nằm ngủ emru	Bích Phương	['v-pop', 'vietnamese hip hop', 'vietnamese lo-fi', 'vinahouse', 'vietnam indie']	2021-10-21	254705.0	17.0	False	True
Before You Go	Divinely Uninspired To A Hellish Extent (Extended Edition)	Lewis Capaldi	['soft pop']	2019-11-22	215106.0	78.0	False	True
Giấc Mơ		YanBi						
Không Thích	Không Thích	Low G	['vietnamese hip hop', 'v-pop', 'vietnam indie']	2022-03-30	216373.0	41.0	False	True
Not Like Us	Not Like Us	Kendrick Lamar	['hip hop', 'west coast hip hop']	2024-05-04	274192.0	92.0	True	True
Lost Control	Different World	Alan Walker	[]	2018-12-14	222320.0	58.0	False	True
Outro: Tear	Love Yourself 轉 'Tear'	BTS	['k-pop']	2018-05-18	284980.0	55.0	False	True
06 Quen Lắm	Suýt 2	Ngọt	['vietnam indie', 'v-pop', 'vietnamese hip hop']	2024-08-30	247784.0	39.0	False	True
04 Thắp Hương 05 Hoá Vàng	Suýt 1	Ngọt	['vietnam indie', 'v-pop', 'vietnamese hip hop']	2024-02-23	228705.0	37.0	False	True
Trao	Chiều Hôm Ấy Anh Thấy Màu Đỏ	Wren Evans	['v-pop', 'vietnam indie', 'vietnamese hip hop', 'vietnamese lo-fi', 'vinahouse']	2022-12-08	191937.0	33.0	False	True
Last Hurrah	Last Hurrah	Bebe Rexha	[]	2019-02-15	150333.0	52.0	False	True
TEARS	AMORTAGE	JISOO	['k-pop']	2025-02-14	182221.0	70.0	False	True
Don't Leave Me Alone (feat. Anne-Marie)	Don't Leave Me Alone (feat. Anne-Marie)	David Guetta	['edm', 'dance']	2018-07-26	183750.0	49.0	False	True
Merry Christmas	Merry Christmas	Ed Sheeran	['soft pop']	2021-12-03	208546.0	64.0	False	True
Nothing	To Let A Good Thing Die	Bruno Major	[]	2020-06-05	162797.0	70.0	False	True
Chương Hai Của Tương Lai	Chương 2 Của Tương Lai	WEAN	['v-pop', 'vietnamese hip hop', 'vietnam indie', 'vietnamese lo-fi']	2021-01-08	243000.0	26.0	False	True
High On Life (feat. Bonn)	High On Life (feat. Bonn)	Martin Garrix	['edm', 'electronica', 'progressive house']	2018-07-29	230761.0	65.0	False	True
Bất Chấp	Bất Chấp	WHEE!	['vietnam indie', 'v-pop', 'vietnamese lo-fi']	2023-07-28	184297.0	36.0	False	True
1/2	A Fence	Lee À	['v-pop', 'vietnamese hip hop', 'vietnam indie']	2023-10-08	240000.0	52.0	False	True
NDA	Happier Than Ever	Billie Eilish	[]	2021-07-30	195776.0	73.0	True	True
Earth	Earth	Lil Dicky	[]	2019-04-18	281500.0	54.0	True	True
CRY FOR ME	CRY FOR ME	TWICE	['k-pop']	2020-12-18	204167.0	61.0	False	True
Harleys In Hawaii	Smile	Katy Perry	['pop']	2020-08-28	185480.0	68.0	False	True
Danger	Dark & Wild	BTS	['k-pop']	2014-08-20	245140.0	61.0	False	True
Nhạc Cho Mẹ (feat. Mikelodic)	Rap Việt Mùa 3 (2023) - Tập 15	RAP VIỆT	['vietnamese hip hop', 'v-pop']	2023-09-03	199385.0	26.0	False	True
What do you think?	D-2	Agust D	['k-pop', 'k-rap']	2020-05-22	182171.0	54.0	True	True
Bad Boy	The Perfect Red Velvet - The 2nd Album Repackage	Red Velvet	['k-pop']	2018-01-29	210817.0	63.0	False	True
24h	24h	Lyly	['v-pop', 'vietnamese hip hop', 'vietnamese lo-fi', 'vietnam indie']	2020-10-28	257000.0	50.0	False	True
Bloody Mary	Born This Way (International Special Edition Version)	Lady Gaga	['art pop', 'pop']	2011-05-23	244760.0	71.0	False	True
Nắng Thủy Tinh	Nắng Thủy Tinh	Avin Lu	['v-pop', 'vietnam indie']	2022-02-28	147368.0	28.0	False	True
Tìm Lại Bầu Trời	Tìm Lại Bầu Trời, Vol. 10	Tuấn Hưng	['v-pop', 'vietnamese bolero', 'vinahouse']	2012-05-12	328773.0	41.0	False	True
Vị Nhà	Vị Nhà	Đen	['v-pop', 'vietnamese hip hop', 'vietnam indie', 'vietnamese lo-fi']	2025-01-15	298728.0	50.0	False	True
Love Maze	Love Yourself 轉 'Tear'	BTS	['k-pop']	2018-05-18	221529.0	62.0	False	True
Nếu Có Một Ngày - Original Soundtrack	Gai Gia Lam Chieu 2 - The Cougar Queen (Original Motion Picture Soundtrack)	Uyên Linh	['v-pop', 'vietnamese lo-fi', 'vietnam indie']	2018-12-10	256180.0	22.0	False	True
Em Chào Tết	Em Chào Tết	Bích Phương	['v-pop', 'vietnamese hip hop', 'vietnamese lo-fi', 'vinahouse', 'vietnam indie']	2020-01-01	188588.0	43.0	False	True
enough for you	SOUR	Olivia Rodrigo	[]	2021-05-21	202826.0	72.0	False	True
NGHE - NÓI (feat. Pjpo & Obito)	Rap Việt Season 2 - Tập 10	RAP VIỆT	['vietnamese hip hop', 'v-pop']	2021-12-22	210862.0	30.0	False	True
Close to You	When the Stars Gossip OST Part.3	Jin	['k-pop']	2025-01-26	228146.0	78.0	False	True
"We Don't Talk About Bruno - From ""Encanto""/Soundtrack Version"	Disney Summer Songs , Vol. 2	Carolina Gaitán - La Gaita	[]	2023-09-25	216120.0	29.0	False	True
Intro		Hoàng Thùy Linh						
WHISTLE - KR Ver.		BLACKPINK						
Guilty as Sin?	THE TORTURED POETS DEPARTMENT: THE ANTHOLOGY	Taylor Swift	[]	2024-04-19	254365.0	72.0	False	True
La Vie en Rose	COLOR*IZ	IZ*ONE	['k-pop']	2018-10-29	218993.0	60.0	False	True
People Pt.2 (feat. IU)	D-DAY	Agust D	['k-pop', 'k-rap']	2023-04-21	213995.0	62.0	False	True
This Time	Travelling Ways: The HTD Anthology	Caravan	['progressive rock', 'symphonic rock', 'art rock', 'psychedelic rock', 'krautrock']	2001-01-01	317920.0	0.0	False	True
the 1	folklore	Taylor Swift	[]	2020-07-24	210251.0	70.0	True	True
HWAA	I burn	(G)I-DLE	['k-pop']	2021-01-11	197320.0	56.0	False	True
Fast Forward	GAME PLAN	JEON SOMI	['k-pop']	2023-08-07	160578.0	52.0	False	True
Can't Control Myself	INVU - The 3rd Album	TAEYEON	['k-pop', 'k-ballad']	2022-02-14	181600.0	45.0	False	True
I Like It	Invasion of Privacy	Cardi B	[]	2018-04-06	253390.0	72.0	True	True
Mấy Khi	Gieo	Ngọt	['vietnam indie', 'v-pop', 'vietnamese hip hop']	2022-11-25	177050.0	41.0	False	True
Butter (Hotter Remix)	Butter (Hotter, Sweeter, Cooler)	BTS	['k-pop']	2021-06-04	166962.0	40.0	False	True
Life Is Good (feat. Drake)	Life Is Good (feat. Drake)	Future	['rap']	2020-01-10	237735.0	68.0	True	True
Lac Nhau Co Phai Muon Doi (Music From “Cho Em Den Ngay Mai”)	Lac Nhau Co Phai Muon Doi (Music From “Cho Em Den Ngay Mai”)	ERIK	['v-pop', 'vietnamese lo-fi', 'vinahouse', 'vietnam indie']	2017-01-16	316866.0	51.0	False	True
Butter (Hotter Remix)	Butter (Hotter, Sweeter, Cooler)	BTS	['k-pop']	2021-06-04	166962.0	40.0	False	True
Wake Me Up	True	Avicii	['edm']	2013-01-01	247426.0	82.0	False	True
Enjoy Cái Moment Này (feat. Tez, Anh Tú & Vũ Thảo My)	Rap Việt Mùa 3 (2023) - Tập 12	RAP VIỆT	['vietnamese hip hop', 'v-pop']	2023-08-13	240000.0	27.0	False	True
Tình Yêu Buông Tha Cho Chúng Ta	Tình Yêu Buông Tha Cho Chúng Ta	Trungg I.U	['v-pop', 'vietnamese lo-fi', 'vietnam indie']	2025-01-02	261492.0	48.0	False	True
"""Slut!"" (Taylor's Version) (From The Vault)"	1989 (Taylor's Version)	Taylor Swift	[]	2023-10-26	180381.0	71.0	False	True
Mastermind	Midnights	Taylor Swift	[]	2022-10-21	191039.0	66.0	False	True
Phố Đã Lên Đèn - Cukak Remix		Huyền Tâm Môn						
Psycho (feat. Ty Dolla $ign)	beerbongs & bentleys	Post Malone	[]	2018-04-27	221440.0	70.0	True	True
KHÔNG PHẢI TẠI NÓ (feat. Mai Ngô)	Rap Việt Season 2 - Tập 1	RAP VIỆT	['vietnamese hip hop', 'v-pop']	2021-10-18	164210.0	27.0	False	True
Chưa Quên Người Yêu Cũ - Live Version	Chưa Quên Người Yêu Cũ (Live Version)	Hà Nhi	['v-pop', 'vinahouse', 'vietnamese lo-fi', 'vietnam indie']	2022-06-02	336000.0	27.0	False	True
Life Goes On	BE	BTS	['k-pop']	2020-11-20	207481.0	71.0	False	True
Overpass Graffiti	=	Ed Sheeran	['soft pop']	2021-10-25	236906.0	62.0	False	True
Rescue Me	Human (Deluxe)	OneRepublic	['soft pop']	2021-08-27	159650.0	65.0	False	True
Lo Xa	Lo Xa	Tiên Tiên	['v-pop', 'vietnam indie', 'vinahouse', 'vietnamese lo-fi']	2020-12-18	167148.0	26.0	False	True
Four Seasons	Four Seasons	TAEYEON	['k-pop', 'k-ballad']	2019-03-24	188237.0	47.0	False	True
Bận Lòng	Bận Lòng	Pay	['v-pop', 'vietnam indie']	2022-10-03	202500.0	45.0	False	True
Đánh Đố (feat. Thanh Lam & Tùng Dương)	LINK	Hoàng Thùy Linh	['v-pop', 'vietnamese hip hop', 'vinahouse', 'vietnam indie']	2022-08-11	268235.0	22.0	False	True
The River	The River	Axel Johansson	[]	2017-11-17	212210.0	45.0	False	True
Slide Away	SHE IS COMING	Miley Cyrus	[]	2019-05-31	233654.0	62.0	False	True
Who’s Afraid of Little Old Me?	THE TORTURED POETS DEPARTMENT: THE ANTHOLOGY	Taylor Swift	[]	2024-04-19	334084.0	70.0	False	True
Heading Home	Heading Home	Alan Walker	[]	2020-04-01	184889.0	47.0	False	True
Cypher Nhà Làm	Cypher Nhà Làm	Low G	['vietnamese hip hop', 'v-pop', 'vietnam indie']	2021-05-04	238152.0	38.0	True	True
Happy New Year	Super Trouper	ABBA	[]	1980	263693.0	54.0	False	True
Dung co mo	Dung co mo	ERIK	['v-pop', 'vietnamese lo-fi', 'vinahouse', 'vietnam indie']	2018-12-14	216303.0	13.0	False	True
Cậu Ấm, Cô Chén (feat. Quang Anh Rhyder & dubbie)	Rap Việt Mùa 3 (2023) - Tập 7	RAP VIỆT	['vietnamese hip hop', 'v-pop']	2023-07-09	201600.0	32.0	False	True
Born To Be Yours	Born To Be Yours	Kygo	['tropical house']	2018-06-15	193320.0	64.0	False	True
906090	906090	Tóc Tiên	['v-pop', 'vietnamese lo-fi', 'vietnam indie', 'vietnamese bolero']	2022-10-19	208767.0	21.0	False	True
Thị Mầu	Thị Mầu	Hoà Minzy	['v-pop', 'vinahouse']	2023-03-05	205397.0	33.0	False	True
Get Money	THE WXRDIES	Wxrdie	['vietnamese hip hop', 'v-pop']	2024-11-12	162000.0	48.0	True	True
Chỉ Cần Có Nhau	Chỉ Cần Có Nhau	Vũ Cát Tường	['v-pop', 'vietnam indie']	2024-09-19	214387.0	49.0	False	True
Mượn Rượu Tỏ Tình	King Of Rap Tập 10	King Of Rap	['vietnamese hip hop', 'v-pop', 'vinahouse', 'thai pop']	2020-10-18	254629.0	40.0	False	True
Pied Piper	Love Yourself 承 'Her'	BTS	['k-pop']	2017-09-18	245620.0	66.0	False	True
Paradise	Love Yourself 轉 'Tear'	BTS	['k-pop']	2018-05-18	211223.0	58.0	False	True
Know me	Know me	GEMINI	['k-rap']	2021-02-06	214613.0	51.0	False	True
FIESTA	BLOOM*IZ	IZ*ONE	['k-pop']	2020-02-17	217760.0	57.0	False	True
Cô Gái M52	Cô Gái M52	HuyR	['v-pop', 'vietnam indie', 'vietnamese lo-fi', 'vietnamese hip hop', 'vinahouse']	2018-06-01	211147.0	40.0	False	True
DICE	ENTWURF	NMIXX	['k-pop']	2022-09-19	165746.0	62.0	False	True
Permission to Dance (R&B Remix)	Permission to Dance	BTS	['k-pop']	2021-07-23	216156.0	42.0	False	True
Hãy Trao Cho Anh - Sky Tour 2019	Sky Tour (Original Motion Picture Soundtrack)	Sơn Tùng M-TP	['v-pop', 'vinahouse', 'vietnamese hip hop']	2020-06-12	253033.0	25.0	False	True
Lạc	Lạc	Rhymastic	['v-pop', 'vietnamese hip hop', 'vietnam indie', 'vinahouse', 'vietnamese lo-fi']	2021-10-22	237531.0	30.0	False	True
Gửi Người Yêu Cũ	Gửi Người Yêu Cũ	Hồ Ngọc Hà	['v-pop', 'vinahouse']	2017-01-18	282541.0	22.0	False	True
my tears ricochet	folklore	Taylor Swift	[]	2020-07-24	255893.0	76.0	False	True
Rockstar - Extended	Rockstar	LISA	['k-pop']	2024-06-27	164782.0	60.0	True	True
champagne problems	evermore	Taylor Swift	[]	2020-12-11	244000.0	71.0	True	True
loml	THE TORTURED POETS DEPARTMENT: THE ANTHOLOGY	Taylor Swift	[]	2024-04-19	277156.0	70.0	True	True
Fresh Out The Slammer	THE TORTURED POETS DEPARTMENT: THE ANTHOLOGY	Taylor Swift	[]	2024-04-19	210789.0	67.0	False	True
Saint-Tropez	Hollywood's Bleeding	Post Malone	[]	2019-09-06	150866.0	61.0	True	True
Kỳ Vọng Sai Lầm	Kỳ Vọng Sai Lầm	Tăng Phúc	['v-pop', 'vietnamese lo-fi', 'vinahouse', 'vietnam indie']	2022-09-26	221558.0	33.0	False	True
Without You (feat. Sandro Cavazza)	AVĪCI (01)	Avicii	['edm']	2017-08-10	181672.0	78.0	True	True
ICY	IT'z ICY	ITZY	['k-pop']	2019-07-29	191142.0	54.0	False	True
Blueming	Love poem	IU	['k-pop', 'k-ballad']	2019-11-18	217053.0	59.0	False	True
Cry For Me	Hurry Up Tomorrow	The Weeknd	[]	2025-01-31	224136.0	87.0	True	True
EVERYDAY	EVERYD4Y	WINNER	['k-pop']	2018-04-04	206350.0	45.0	False	True
Ms. May (feat. Magazine)	Qua Khung Cửa Sổ	Chillies	['v-pop', 'vietnam indie', 'vietnamese lo-fi', 'vietnamese hip hop']	2021-05-05	203593.0	26.0	False	True
Gia Vo Say	Ten On Ten	Đông Nhi	['v-pop', 'vinahouse']	2018-12-13	272542.0	11.0	False	True
Godzilla (feat. Juice WRLD)	Music To Be Murdered By	Eminem	['rap', 'hip hop']	2020-01-17	210800.0	79.0	True	True
Best Friend (feat. Doja Cat)	Best Friend (feat. Doja Cat) [Remix EP] [Extended Edition]	Saweetie	[]	2021-04-23	155883.0	67.0	True	True
Only The Young - Featured in Miss Americana	Only The Young (Featured in Miss Americana)	Taylor Swift	[]	2020-01-31	157507.0	57.0	False	True
28 Reasons	28 Reasons - The 1st Mini Album	SEULGI	['k-pop']	2022-10-04	189413.0	59.0	False	True
Let Me In	Let Me In	EXO	['k-pop']	2023-06-12	197533.0	46.0	False	True
supernatural	eternal sunshine	Ariana Grande	['pop']	2024-03-08	163381.0	70.0	False	True
Right People, Wrong Place	Right Place, Wrong Person	RM	['k-pop', 'k-rap']	2024-05-24	117000.0	56.0	True	True
Anh Không Thể	22	MONO	['v-pop', 'vietnamese hip hop', 'vinahouse']	2022-08-18	219936.0	32.0	False	True
All The Stars (with SZA)	Black Panther The Album Music From And Inspired By	Kendrick Lamar	['hip hop', 'west coast hip hop']	2018-02-09	232186.0	90.0	True	True
Abracadabra	Abracadabra	Lady Gaga	['art pop', 'pop']	2025-02-03	223398.0	90.0	False	True
Dưới Tán Cây Khô Hoa Nở	Dưới Tán Cây Khô Hoa Nở	Jack - J97	['v-pop', 'vietnamese lo-fi', 'vinahouse']	2024-12-10	282352.0	45.0	False	True
Hope Not	Kill This Love	BLACKPINK	['k-pop']	2019-04-05	191030.0	51.0	False	True
Hồn Lỡ Sa Vào	Keep Cầm Ca	Binz	['vietnamese hip hop', 'v-pop', 'vinahouse', 'vietnam indie']	2024-11-27	198545.0	44.0	False	True
Heartless	After Hours	The Weeknd	[]	2020-03-20	198266.0	74.0	True	True
Senorita	I made	(G)I-DLE	['k-pop']	2019-02-26	197616.0	52.0	False	True
Calling (Spider-Man: Across the Spider-Verse) (Metro Boomin & Swae Lee, NAV, feat. A Boogie Wit da Hoodie)	METRO BOOMIN PRESENTS SPIDER-MAN: ACROSS THE SPIDER-VERSE (SOUNDTRACK FROM AND INSPIRED BY THE MOTION PICTURE)	Metro Boomin	[]	2023-06-02	219453.0	67.0	False	True
on the street (solo version)	HOPE ON THE STREET VOL.1	j-hope	['k-pop', 'k-rap']	2024-03-29	191602.0	63.0	False	True
anh nhà ở đâu thế	dreaAMEE	AMEE	['v-pop', 'vietnamese hip hop', 'vietnam indie', 'vietnamese lo-fi']	2020-06-20	216000.0	46.0	False	True
Thương Nhiều Hơn Nói (feat. Đạt G, B-Ray)	Thương Nhiều Hơn Nói (feat. Đạt G, B-Ray)	Masew	['v-pop', 'vietnamese hip hop', 'vinahouse', 'vietnamese lo-fi', 'vietnam indie']	2020-01-01	178353.0	23.0	False	True
Thư Cho Anh	Người Tình	TRANG	['vietnam indie', 'v-pop']	2017-09-19	241621.0	31.0	False	True
Phoenix	Phoenix	League of Legends	[]	2019-10-08	197633.0	62.0	False	True
Đau Thế Mà	Tâm 9	Mỹ Tâm	['v-pop', 'vietnamese bolero', 'vietnam indie']	2017-12-06	194266.0	18.0	False	True
Stupid Love	Chromatica	Lady Gaga	['art pop', 'pop']	2020-05-29	193533.0	63.0	False	True
Ca Khúc Cuối	THE WXRDIES	Wxrdie	['vietnamese hip hop', 'v-pop']	2024-11-12	185514.0	47.0	True	True
GIANTS	GIANTS	True Damage	[]	2019-11-10	191720.0	58.0	False	True
Những Con Đường Song Song	Những Con Đường Song Song	Chillies	['v-pop', 'vietnam indie', 'vietnamese lo-fi', 'vietnamese hip hop']	2019-05-22	297662.0	31.0	False	True
Tình Là Gì Đây Em Ơi Remix	Tình Là Gì Đây Em Ơi	ICM	['v-pop', 'vietnam indie', 'vietnamese lo-fi', 'vinahouse', 'vietnamese hip hop']	2021-01-15	224351.0	10.0	False	True
Halo	I AM...SASHA FIERCE - Platinum Edition	Beyoncé	[]	2008	261160.0	70.0	False	True
Midnight Sky	Plastic Hearts	Miley Cyrus	[]	2020-11-27	223280.0	67.0	False	True
Mother's Daughter	SHE IS COMING	Miley Cyrus	[]	2019-05-31	219080.0	60.0	True	True
Blue Side	Blue Side	j-hope	['k-pop', 'k-rap']	2021-03-02	198600.0	57.0	False	True
Hướng Dương	Hướng Dương	Thắng	['vietnam indie', 'v-pop', 'vietnamese hip hop']	2024-06-01	208805.0	41.0	False	True
Honest (feat. Don Toliver)	Honest	Justin Bieber	[]	2022-04-29	193322.0	59.0	True	True
Between us - Vietnamese version		SOOBIN						
LATATA	I am	(G)I-DLE	['k-pop']	2018-05-02	202772.0	56.0	False	True
Không Yêu Xin Đừng Nói (Piano Version)	Không Yêu Xin Đừng Nói (Piano Version)	UMIE	['v-pop', 'vietnamese hip hop', 'vinahouse']	2023-10-03	244218.0	48.0	False	True
Em Gai Mua Cover - Huong Tram ft Anh Khang - Original	Em Gai Mua Cover - Huong Tram ft Anh Khang (Original)	Anh Khang	['v-pop', 'vietnam indie']	2018-03-07	196944.0	21.0	False	True
CROWN	The Dream Chapter: STAR	TOMORROW X TOGETHER	['k-pop']	2019-03-04	230706.0	57.0	False	True
Snapping	Flourishing	CHUNG HA	['k-pop']	2019-06-24	213164.0	52.0	False	True
Anh Chồng Quốc Dân Của Em (feat. Lăng LD & Rhymastic)	Rap Việt Tập 16	RAP VIỆT	['vietnamese hip hop', 'v-pop']	2020-11-16	186666.0	16.0	False	True
Dáng Xinh	Dáng Xinh	Low G	['vietnamese hip hop', 'v-pop', 'vietnam indie']	2021-12-16	205244.0	46.0	False	True
Gashina	SUNMI SPECIAL EDITION [Gashina]	SUNMI	['k-pop']	2017-08-22	180000.0	57.0	False	True
Anh Thuong Em Nhat Do - Acoustic Version		Am Mi						
Candy	Candy - Winter Special Mini Album	NCT DREAM	['k-pop']	2022-12-16	217066.0	60.0	False	True
CHIHIRO	HIT ME HARD AND SOFT	Billie Eilish	[]	2024-05-17	303440.0	86.0	False	True
Tình Xa Lúc Ban Chiều - Piano Version		K-ICM						
Cry About It Later	Smile	Katy Perry	['pop']	2020-08-28	189772.0	42.0	False	True
Cross Me (feat. Chance the Rapper & PnB Rock)	No.6 Collaborations Project	Ed Sheeran	['soft pop']	2019-07-12	206186.0	54.0	True	True
MIC Drop (Steve Aoki Remix) (Full Length Edition)	Love Yourself 結 'Answer'	BTS	['k-pop']	2018-08-24	307675.0	64.0	False	True
Nevermind	Nevermind	Dennis Lloyd	[]	2017-06-30	156600.0	72.0	False	True
Smokin Out The Window	An Evening With Silk Sonic	Bruno Mars	[]	2021-11-11	197442.0	68.0	False	True
Don't Call Me Up	Ivy To Roses (Mixtape)	Mabel	[]	2019-01-18	178480.0	68.0	False	True
SICKO MODE	ASTROWORLD	Travis Scott	['rap']	2018-08-03	312820.0	79.0	True	True
this is what falling in love feels like	this is what ____ feels like (Vol. 1-4)	JVKE	[]	2022-09-23	120308.0	71.0	False	True
Bad Habits	An-nyeong	SHAUN	['k-pop']	2019-01-01	212959.0	43.0	False	True
So What	Love Yourself 轉 'Tear'	BTS	['k-pop']	2018-05-18	281520.0	60.0	False	True
Anh Freestyle	THE WXRDIES	Wxrdie	['vietnamese hip hop', 'v-pop']	2024-11-12	171968.0	46.0	True	True
I'm Fine	Love Yourself 結 'Answer'	BTS	['k-pop']	2018-08-24	240339.0	60.0	False	True
imagine	thank u, next	Ariana Grande	['pop']	2019-02-08	212266.0	64.0	True	True
UNDERSTAND	GABRIEL	keshi	[]	2022-03-25	150519.0	72.0	False	True
HY VỌNG (feat. Lower, Dablo & Vũ Phụng Tiên)	RAP VIỆT 2024, Tập 7	RAP VIỆT	['vietnamese hip hop', 'v-pop']	2024-11-04	196000.0	28.0	False	True
NẾU ANH LÀ CỦA EM		Chị Đẹp Đạp Gió Rẽ Sóng						
Xem Như Anh Chẳng May - Lofi	Tuyển Tập Nhạc Lofi Metub 1	CaoTri	['vietnamese lo-fi', 'vinahouse', 'v-pop']	2023-07-02	195851.0	0.0	False	True
Ai Mà Biết Được (feat. tlinh)	BẬT NÓ LÊN	SOOBIN	['v-pop', 'vietnamese hip hop', 'vietnamese lo-fi', 'vietnam indie', 'vinahouse']	2024-06-25	240000.0	50.0	False	True
My Universe - Instrumental	My Universe	Coldplay	[]	2021-09-24	228000.0	33.0	False	True
OK Not To Be OK	OK Not To Be OK	Marshmello	['edm']	2020-09-10	159862.0	57.0	False	True
Lạnh Lùng	Tâm 9	Mỹ Tâm	['v-pop', 'vietnamese bolero', 'vietnam indie']	2017-12-06	270160.0	21.0	False	True
Paradise	Soul Searching	Bazzi	[]	2019-08-09	169038.0	65.0	True	True
Drugs & The Internet	~how i'm feeling~	Lauv	[]	2020-03-06	178560.0	45.0	True	True
Teeth	CALM	5 Seconds of Summer	[]	2020-03-27	205502.0	76.0	False	True
Jopping	SuperM - The 1st Mini Album	SuperM	['k-pop']	2019-10-04	251293.0	55.0	False	True
What A Man Gotta Do	What A Man Gotta Do	Jonas Brothers	[]	2020-01-17	180644.0	65.0	False	True
Cherish (My Love)	Cherish (My Love) (Remixes)	ILLIT	['k-pop']	2024-10-28	176854.0	71.0	False	True
I Can See You (Taylor’s Version) (From The Vault)	Speak Now (Taylor's Version)	Taylor Swift	[]	2023-07-07	273186.0	68.0	False	True
Trốn Chạy	Đánh Đổi	Obito	['v-pop', 'vietnamese hip hop', 'vietnam indie']	2023-10-10	170078.0	44.0	False	True
I Can Fix Him (No Really I Can)	THE TORTURED POETS DEPARTMENT: THE ANTHOLOGY	Taylor Swift	[]	2024-04-19	156297.0	65.0	False	True
true story	eternal sunshine	Ariana Grande	['pop']	2024-03-08	163278.0	65.0	False	True
Can't Help Falling In Love	Crazy Rich Asians (Original Motion Picture Soundtrack)	Kina Grannis	['acoustic pop']	2018-08-10	201933.0	63.0	False	True
Dancing In The Flames	Dancing In The Flames	The Weeknd	[]	2024-09-13	220036.0	78.0	False	True
Lemon Tree	Dish of the Day	Fools Garden	[]	1995-01-01	191026.0	72.0	False	True
Lie To Me	Youngblood (Deluxe)	5 Seconds of Summer	[]	2018-06-15	150467.0	58.0	False	True
YES or YES	YES or YES	TWICE	['k-pop']	2018-11-05	237680.0	62.0	False	True
Red (Taylor's Version)	Red (Taylor's Version)	Taylor Swift	[]	2021-11-12	223093.0	69.0	False	True
I'm Good (Blue)	I'm Good (Blue)	David Guetta	['edm', 'dance']	2022-08-26	175238.0	81.0	True	True
It's the Most Wonderful Time of the Year	The Andy Williams Christmas Album	Andy Williams	['christmas']	1963-11-24	151933.0	71.0	False	True
Từng Ngày Yêu Em	Từng Ngày Như Mãi Mãi	buitruonglinh	['v-pop', 'vietnamese lo-fi', 'vietnam indie', 'vinahouse']	2024-12-12	225882.0	61.0	False	True
Let Me	Icarus Falls	ZAYN	[]	2018-12-14	185373.0	61.0	False	True
Dynamite (EDM Remix)	Dynamite (DayTime Version)	BTS	['k-pop']	2020-08-28	198939.0	40.0	False	True
Ngày Xuân Long Phụng Sum Vầy	Bao Giờ Lấy Chồng	Bích Phương	['v-pop', 'vietnamese hip hop', 'vietnamese lo-fi', 'vinahouse', 'vietnam indie']	2017-01-16	230263.0	38.0	False	True
Tiễn Khách	Dramatic	Bích Phương	['v-pop', 'vietnamese hip hop', 'vietnamese lo-fi', 'vinahouse', 'vietnam indie']	2018-11-21	230689.0	15.0	False	True
BBIBBI	BBIBBI	IU	['k-pop', 'k-ballad']	2018-10-10	194426.0	58.0	False	True
No Brainer	No Brainer	DJ Khaled	[]	2018-07-27	260000.0	57.0	True	True
Know Me Too Well (with Danna Paola)	New Hope Club	New Hope Club	[]	2020-02-14	200600.0	51.0	False	True
SCIENTIST	Formula of Love: O+T=<3	TWICE	['k-pop']	2021-11-12	194600.0	56.0	False	True
Jesus in LA	These Two Windows	Alec Benjamin	[]	2020-05-29	171539.0	57.0	False	True
Somebody	Sick Boy	The Chainsmokers	[]	2018-12-14	221986.0	55.0	False	True
POWER	POWER	G-DRAGON	['k-pop', 'k-rap']	2024-10-31	143242.0	71.0	False	True
LOVE SOMEBODY (feat. Coolkid & Puppy)	RAP VIỆT 2024, Tập 9	RAP VIỆT	['vietnamese hip hop', 'v-pop']	2024-11-18	189281.0	47.0	False	True
Style (Taylor's Version)	1989 (Taylor's Version)	Taylor Swift	[]	2023-10-26	231000.0	73.0	False	True
Em Ơi Sau Này	Em Ơi Sau Này	Đặng Trí	['v-pop', 'vietnam indie']	2019-03-15	303203.0	32.0	False	True
Small girl (feat. D.O.)	16 Fantasy	Lee Young Ji	['k-rap', 'k-pop']	2024-06-21	189706.0	67.0	False	True
Trivia 起 : Just Dance	Love Yourself 結 'Answer'	BTS	['k-pop']	2018-08-24	225220.0	57.0	False	True
The Alchemy	THE TORTURED POETS DEPARTMENT: THE ANTHOLOGY	Taylor Swift	[]	2024-04-19	196900.0	68.0	False	True
Chắc Ai Đó Sẽ Về - Sky Tour 2019	Sky Tour (Original Motion Picture Soundtrack)	Sơn Tùng M-TP	['v-pop', 'vinahouse', 'vietnamese hip hop']	2020-06-12	283500.0	23.0	False	True
The Other Side Of Paradise	How To Be A Human Being	Glass Animals	[]	2016-08-26	320654.0	64.0	True	True
Feel Me	Rare (Deluxe)	Selena Gomez	['pop']	2020-04-09	226002.0	54.0	False	True
Chúng Ta Làm Bạn Được Không?	after YOU	Thiều Bảo Trâm	['v-pop', 'vietnamese lo-fi']	2022-06-07	299830.0	22.0	False	True
What is Love?	Summer Nights	TWICE	['k-pop']	2018-07-09	208240.0	69.0	False	True
Cả 2	THE WXRDIES	Wxrdie	['vietnamese hip hop', 'v-pop']	2024-11-12	212129.0	45.0	True	True
Rollin'	Rollin'	Brave Girls	['k-pop']	2017-03-07	197746.0	56.0	False	True
I Forgot That You Existed	Lover	Taylor Swift	[]	2019-08-23	170640.0	66.0	False	True
NHẠT		Unknown Artist						
Flames	Flames	David Guetta	['edm', 'dance']	2018-03-22	195000.0	59.0	False	True
Never Not	I met you when I was 18. (the playlist)	Lauv	[]	2018-05-31	208000.0	64.0	False	True
no body, no crime (feat. HAIM)	evermore	Taylor Swift	[]	2020-12-11	215626.0	60.0	False	True
Burn Out (feat. Dewain Whitmore)	Burn Out (feat. Dewain Whitmore)	Martin Garrix	['edm', 'electronica', 'progressive house']	2018-09-14	200322.0	51.0	False	True
That's What I Like	24K Magic	Bruno Mars	[]	2016-11-17	206693.0	85.0	False	True
Love, Maybe	Love, Maybe (A Business Proposal OST Special Track)	MeloMance	['k-ballad', 'k-pop', 'soundtrack']	2022-02-18	185000.0	59.0	False	True
One Last Time	My Everything (Deluxe)	Ariana Grande	['pop']	2014-08-22	197266.0	80.0	False	True
Underneath the Tree	Wrapped In Red	Kelly Clarkson	['christmas']	2013-10-25	229640.0	70.0	False	True
More Than You Know	More Than You Know	Axwell /\ Ingrosso	[]	2017-07-28	203000.0	75.0	False	True
Mê Ly	Mê Ly	BigDaddy	['v-pop', 'vietnamese hip hop', 'vinahouse', 'vietnam indie']	2020-10-18	196363.0	13.0	False	True
FAKE LOVE (Rocking Vibe Mix)	Love Yourself 結 'Answer'	BTS	['k-pop']	2018-08-24	238494.0	49.0	False	True
Vì Một Câu Nói	25	Hoàng Dũng	['v-pop', 'vietnam indie', 'vietnamese lo-fi', 'vietnamese hip hop']	2020-12-16	293495.0	26.0	False	True
Wait a Minute!	ARDIPITHECUS	WILLOW	[]	2015-01-11	196520.0	74.0	False	True
Nuts	Right Place, Wrong Person	RM	['k-pop', 'k-rap']	2024-05-24	194666.0	60.0	True	True
the last great american dynasty	folklore	Taylor Swift	[]	2020-07-24	230999.0	64.0	True	True
New Light	Sob Rock	John Mayer	['singer-songwriter']	2021-07-16	217426.0	71.0	False	True
Đừng Yêu Người Nổi Tiếng	Đừng Yêu Người Nổi Tiếng	7UPPERCUTS	['vietnam indie', 'v-pop', 'vietnamese hip hop']	2023-04-25	254302.0	36.0	False	True
Vạn Sự Tuỳ Duyên	Vạn Sự Tuỳ Duyên	Thanh Hưng	['v-pop', 'vietnamese lo-fi', 'vinahouse']	2023-07-10	298124.0	49.0	False	True
Boyfriend	Rare (Deluxe)	Selena Gomez	['pop']	2020-04-09	161188.0	47.0	False	True
I’m Ready (with Demi Lovato)	I’m Ready (with Demi Lovato)	Sam Smith	['soft pop']	2020-04-16	200838.0	50.0	False	True
Tempo	DON’T MESS UP MY TEMPO – The 5th Album	EXO	['k-pop']	2018-11-02	224482.0	59.0	False	True
Ransom	We Love You Tecca	Lil Tecca	['melodic rap', 'rap']	2019-08-30	131240.0	82.0	True	True
NẮNG (feat. CoolKid)	RAP VIỆT 2024, Tập 5	RAP VIỆT	['vietnamese hip hop', 'v-pop']	2024-10-24	158260.0	41.0	False	True
out of love	Right Place, Wrong Person	RM	['k-pop', 'k-rap']	2024-05-24	127200.0	55.0	True	True
The Smallest Man Who Ever Lived	THE TORTURED POETS DEPARTMENT: THE ANTHOLOGY	Taylor Swift	[]	2024-04-19	245541.0	70.0	True	True
Jackie Chan	Jackie Chan	Tiësto	['edm', 'trance', 'big room', 'house', 'dance']	2018-05-18	215759.0	64.0	True	True
Cung Anh - Ngoc Dolil, Hagi, STee - Original		Ngọc Dolil						
Remember Me - Sky Tour 2019	Sky Tour (Original Motion Picture Soundtrack)	Sơn Tùng M-TP	['v-pop', 'vinahouse', 'vietnamese hip hop']	2020-06-12	203433.0	23.0	False	True
Nhìn Những Mùa Thu Đi	Nhìn Những Mùa Thu Đi	My Anh	['v-pop', 'vietnam indie']	2022-06-04	172872.0	30.0	False	True
Candy	Delight - The 2nd Mini Album	BAEKHYUN	['k-pop', 'k-ballad']	2020-05-25	227173.0	54.0	False	True
Life's Too Short (English Version)	Life's Too Short	aespa	['k-pop']	2022-06-24	178133.0	51.0	False	True
Say Don't Go (Taylor's Version) (From The Vault)	1989 (Taylor's Version)	Taylor Swift	[]	2023-10-26	279833.0	68.0	False	True
Người Chơi Hệ Đẹp - Cukak Remix	Người Chơi Hệ Đẹp	16 Typh	['vietnamese hip hop', 'v-pop', 'vinahouse']	2021-08-06	123183.0	28.0	False	True
Heaven	TIM	Avicii	['edm']	2019-06-06	277261.0	64.0	False	True
hai triệu năm - Madihu mix	hai triệu năm (Madihu mix)	Đen	['v-pop', 'vietnamese hip hop', 'vietnam indie', 'vietnamese lo-fi']	2019-09-11	209735.0	35.0	False	True
Intro: Boy Meets Evil	Wings	BTS	['k-pop']	2016-10-10	121770.0	54.0	False	True
i wish i hated you	eternal sunshine	Ariana Grande	['pop']	2024-03-08	153633.0	66.0	False	True
i don't know (with HUH YUNJIN of LE SSERAFIM)	HOPE ON THE STREET VOL.1	j-hope	['k-pop', 'k-rap']	2024-03-29	183149.0	62.0	False	True
Y.E.U (L.O.V.E) [Edm Version]		MIN						
Little Love (But No Limit)	Little Love (But No Limit)	Phương Ly	['v-pop', 'vietnamese hip hop', 'vietnam indie', 'vinahouse', 'vietnamese lo-fi']	2023-11-02	238928.0	25.0	False	True
Opening Sequence	minisode 2: Thursday's Child	TOMORROW X TOGETHER	['k-pop']	2022-05-09	177976.0	59.0	False	True
After Hours	After Hours	The Weeknd	[]	2020-03-20	361026.0	77.0	False	True
ghệ iu dấu của em ơi (ft. Khoi Vu)	ghệ remixes của em ơi	tlinh	['v-pop', 'vietnamese hip hop', 'vietnam indie', 'vietnamese lo-fi', 'vinahouse']	2023-06-06	205000.0	23.0	False	True
Vậy Cũng Vui	Vậy Cũng Vui	Mỹ Tâm	['v-pop', 'vietnamese bolero', 'vietnam indie']	2020-02-23	205588.0	29.0	False	True
Nothing Breaks Like a Heart (feat. Miley Cyrus)	Late Night Feelings	Mark Ronson	[]	2019-06-21	217099.0	74.0	False	True
Đổi Tư Thế	Đổi Tư Thế	Bình Gold	['vietnamese hip hop', 'v-pop', 'vinahouse']	2024-10-02	227555.0	52.0	True	True
09 Chuyện Thường	Suýt 2	Ngọt	['vietnam indie', 'v-pop', 'vietnamese hip hop']	2024-08-30	196620.0	40.0	False	True
Outro: Her	Love Yourself 承 'Her'	BTS	['k-pop']	2017-09-18	228612.0	48.0	False	True
FLASH	QUANTUM LEAP	X1	['k-pop']	2019-08-27	211320.0	46.0	False	True
Summer of Love (Shawn Mendes & Tainy)	Summer Of Love	Shawn Mendes	['pop']	2021-08-20	184104.0	64.0	False	True
lock / unlock (with benny blanco & Nile Rodgers)	HOPE ON THE STREET VOL.1	j-hope	['k-pop', 'k-rap']	2024-03-29	181970.0	61.0	False	True
Mine	COSMIC	Bazzi	[]	2018-04-12	131064.0	68.0	True	True
Da Biet Se Co Ngay Hom Qua		Nhiều người hát						
16	Đánh Đổi	Obito	['v-pop', 'vietnamese hip hop', 'vietnam indie']	2023-10-10	175182.0	41.0	False	True
"Ashes - from ""Deadpool 2"" Motion Picture Soundtrack"	"Ashes (from ""Deadpool 2"" Motion Picture Soundtrack)"	Céline Dion	['variété française']	2018-05-03	199506.0	56.0	False	True
Vô Điều Kiện	Đánh Đổi	Obito	['v-pop', 'vietnamese hip hop', 'vietnam indie']	2023-10-10	151579.0	42.0	False	True
Biết Đâu Sẽ Mất	Biết Đâu Sẽ Mất	Kejo	['v-pop', 'vietnamese hip hop']	2024-01-31	184624.0	31.0	True	True
Everyday	Everyday	SPACESPEAKERS	['vietnamese hip hop', 'v-pop', 'vietnam indie', 'vinahouse']	2018-05-08	259200.0	21.0	False	True
Waiting For Love	Stories	Avicii	['edm']	2015-10-02	230613.0	78.0	False	True
THE SCOTTS		THE SCOTTS						
IT'S YOU (feat. keshi)	LOVE IN STEREO	MAX	[]	2024-02-16	173426.0	63.0	False	True
34+35 Remix (feat. Doja Cat, Megan Thee Stallion) - Remix	Positions (Deluxe)	Ariana Grande	['pop']	2021-02-19	182437.0	60.0	True	True
Anh đánh rơi người yêu		Trần Quang Ngọc						
Yêu một người có lẽ		Trần Quang Ngọc						
BAAM	Fun to The World	MOMOLAND	['k-pop']	2018-06-26	208474.0	53.0	False	True
Say Yes (Vietnamese Version)	Say Yes (Vietnamese Version)	OgeNus	['v-pop', 'vietnamese hip hop']	2024-08-16	223200.0	52.0	False	True
I Love You	I Love You	EXID	['k-pop']	2018-11-21	194699.0	48.0	False	True
My Bad	Free Spirit	Khalid	[]	2019-04-05	163973.0	48.0	False	True
Moonlight	D-2	Agust D	['k-pop', 'k-rap']	2020-05-22	163015.0	57.0	True	True
Live Fast - PUBGM	Live Fast (PUBGM)	Alan Walker	[]	2019-07-25	225096.0	38.0	False	True
Lucid Dreams	Goodbye & Good Riddance	Juice WRLD	['melodic rap', 'emo rap']	2018-12-10	239835.0	81.0	True	True
"Ngày Chưa Giông Bão (Theme Song From ""Người Bất Tử"")"	"Ngày Chưa Giông Bão (Theme Song From ""Người Bất Tử"")"	Bùi Lan Hương	['v-pop', 'vietnam indie']	2018-10-18	212000.0	42.0	False	True
I Miss You (feat. Julia Michaels)	What Is Love? (Deluxe Edition)	Clean Bandit	[]	2018-11-30	205986.0	61.0	False	True
Chúng Ta Rồi Sẽ Hạnh Phúc (Hướng Dương Ngược Nắng)	Chúng Ta Rồi Sẽ Hạnh Phúc (Hướng Dương Ngược Nắng)	Jack - J97	['v-pop', 'vietnamese lo-fi', 'vinahouse']	2023-12-12	232131.0	39.0	False	True
Phù Hộ Cho Con	Phù Hộ Cho Con	24k.Right	['vietnamese hip hop', 'v-pop']	2024-08-09	260120.0	42.0	True	True
Domodachi (feat. Little Simz)	Right Place, Wrong Person	RM	['k-pop', 'k-rap']	2024-05-24	184973.0	55.0	True	True
Chk Chk Boom	ATE	Stray Kids	['k-pop']	2024-07-19	148051.0	76.0	False	True
Cure For Me	Cure For Me	AURORA	['norwegian pop', 'art pop']	2021-07-07	201640.0	56.0	False	True
This Love (Taylor’s Version)	1989 (Taylor's Version)	Taylor Swift	[]	2023-10-26	250100.0	63.0	False	True
Hồ Điệp Hoa Niên		K-ICM						
MAESTRO	SEVENTEEN BEST ALBUM '17 IS RIGHT HERE'	SEVENTEEN	['k-pop']	2024-04-29	198906.0	66.0	False	True
CẦN GÌ NÓI IU	CẦN GÌ NÓI IU	Wxrdie	['vietnamese hip hop', 'v-pop']	2022-12-23	160080.0	50.0	False	True
test drive	Positions (Deluxe)	Ariana Grande	['pop']	2021-02-19	122174.0	57.0	False	True
imperfect for you	eternal sunshine	Ariana Grande	['pop']	2024-03-08	182566.0	66.0	True	True
No More Dream	2 Cool 4 Skool	BTS	['k-pop']	2013-06-12	222066.0	61.0	False	True
Gotta Go	Gotta Go	CHUNG HA	['k-pop']	2019-01-02	221813.0	55.0	False	True
Hoa Bấy Bì	Hoa Bấy Bì	T.R.I	['v-pop', 'vietnamese lo-fi', 'vietnam indie', 'vietnamese hip hop']	2022-07-27	296907.0	14.0	False	True
Freaky Deaky	Freaky Deaky	Tyga	[]	2022-02-25	215281.0	58.0	True	True
Đáp Án Cuối Cùng	Đáp Án Cuối Cùng	Quân A.P	['v-pop', 'vietnamese lo-fi', 'vietnam indie']	2022-09-21	291242.0	41.0	False	True
Ride It	Ride It	Regard	[]	2019-07-26	157605.0	74.0	False	True
Way 2 Sexy (with Future & Young Thug)	Certified Lover Boy	Drake	['rap', 'hip hop']	2021-09-03	257604.0	69.0	True	True
Bye Bye Bye - From Deadpool and Wolverine Soundtrack	No Strings Attached	*NSYNC	[]	2000-03-21	200400.0	79.0	False	True
Con kể Ba nghe	Đánh Đổi	Obito	['v-pop', 'vietnamese hip hop', 'vietnam indie']	2023-10-10	184844.0	44.0	False	True
Con Nhà Người Ta (feat. Ricky Star)	Rap Việt Tập 14	RAP VIỆT	['vietnamese hip hop', 'v-pop']	2020-11-03	213961.0	19.0	False	True
Saturn Returns Interlude	eternal sunshine	Ariana Grande	['pop']	2024-03-08	42166.0	59.0	False	True
Lạ Lùng	Lạ Lùng	Vũ.	['v-pop', 'vietnam indie', 'vietnamese lo-fi']	2016-12-24	261616.0	55.0	False	True
NỖI ĐAU NGÂY DẠI (feat. HIEUTHUHAI, Đức Phúc & Công Dương)	"ANH TRAI ""SAY HI"", Tập 2"	"ANH TRAI ""SAY HI"""	['v-pop', 'vietnamese hip hop']	2024-06-24	258591.0	41.0	False	True
Blank Space (Taylor's Version)	1989 (Taylor's Version)	Taylor Swift	[]	2023-10-26	231833.0	73.0	False	True
Groin	Right Place, Wrong Person	RM	['k-pop', 'k-rap']	2024-05-24	190880.0	57.0	True	True
50/50	99%	RPT MCK	['vietnamese hip hop', 'v-pop', 'vietnam indie']	2023-03-02	60858.0	31.0	True	True
Serendipity (Full Length Edition)	Love Yourself 結 'Answer'	BTS	['k-pop']	2018-08-24	276707.0	62.0	False	True
mirrorball	folklore	Taylor Swift	[]	2020-07-24	208977.0	69.0	False	True
Into the Unknown	Frozen 2 (Original Motion Picture Soundtrack/Deluxe Edition)	Idina Menzel	['musicals']	2019-11-15	194848.0	70.0	False	True
We don't talk together (Prod. by SUGA)	We don’t talk together	Heize	['k-ballad', 'k-pop']	2019-07-07	199215.0	53.0	False	True
ĐOÁ HỒNG CHƠI VƠI (feat. Anh Tú)	"ANH TRAI ""SAY HI"", Chung Kết 1"	"ANH TRAI ""SAY HI"""	['v-pop', 'vietnamese hip hop']	2024-08-31	314285.0	39.0	False	True
Backstage Freestyle	Đánh Đổi	Obito	['v-pop', 'vietnamese hip hop', 'vietnam indie']	2023-10-10	198290.0	37.0	False	True
I'll Never Love Again - Film Version	A Star Is Born Soundtrack	Lady Gaga	['art pop', 'pop']	2018-10-05	281066.0	65.0	False	True
Used To Be Young	Endless Summer Vacation	Miley Cyrus	[]	2023-08-18	191185.0	67.0	False	True
Giac Mo Chi La Giac Mo	Muon Noi Voi Anh	Hồ Ngọc Hà	['v-pop', 'vinahouse']	2006-01-01	273640.0	20.0	False	True
Clara Bow	THE TORTURED POETS DEPARTMENT: THE ANTHOLOGY	Taylor Swift	[]	2024-04-19	216662.0	65.0	False	True
? (Interlude)	Right Place, Wrong Person	RM	['k-pop', 'k-rap']	2024-05-24	113160.0	54.0	False	True
Send It - feat. Rich Homie Quan	Send It (feat. Rich Homie Quan)	Austin Mahone	[]	2016-08-18	181003.0	46.0	False	True
Heaven	Right Place, Wrong Person	RM	['k-pop', 'k-rap']	2024-05-24	194613.0	56.0	False	True
seven	folklore	Taylor Swift	[]	2020-07-24	208906.0	65.0	False	True
1950	1950	King Princess	[]	2018-02-23	225133.0	61.0	True	True
Cooped Up (with Roddy Ricch)	Twelve Carat Toothache	Post Malone	[]	2022-06-03	185857.0	60.0	True	True
Dumhdurum	LOOK	Apink	['k-pop']	2020-04-13	208053.0	49.0	False	True
No Sleep (feat. Bonn)	No Sleep (feat. Bonn)	Martin Garrix	['edm', 'electronica', 'progressive house']	2019-02-21	207094.0	55.0	False	True
what if… (dance mix)	HOPE ON THE STREET VOL.1	j-hope	['k-pop', 'k-rap']	2024-03-29	196485.0	58.0	False	True
Outro: Wings	You Never Walk Alone	BTS	['k-pop']	2017-02-13	225446.0	57.0	False	True
8 Letters	8 Letters	Why Don't We	[]	2018-08-31	190026.0	70.0	False	True
Stay With Me	Guardian (Original Television Soundtrack), Pt. 1	CHANYEOL	['k-pop']	2016-12-03	192441.0	66.0	False	True
Dynamite (Tropical Remix)	Dynamite (DayTime Version)	BTS	['k-pop']	2020-08-28	197101.0	42.0	False	True
Tough	Tough	Quavo	[]	2024-07-03	188828.0	72.0	False	True
Boy in Luv	Skool Luv Affair	BTS	['k-pop']	2014-02-12	230778.0	63.0	False	True
Heaven (feat. Hoàng Duyên)	Heaven (feat. Hoàng Duyên)	Calum Scott	['soft pop']	2022-05-30	194141.0	18.0	False	True
Ngày Chưa Giông Bão	Ngày Chưa Giông Bão	Tùng Dương	['v-pop', 'vietnam indie']	2021-08-28	275553.0	37.0	False	True
Mê	Mê	Hoàng Duyên	['v-pop', 'vietnamese lo-fi', 'vietnam indie']	2022-02-09	218978.0	23.0	False	True
NICOT!NE	NICOT!NE	hooligan.	['vietnamese lo-fi', 'v-pop', 'vietnam indie']	2022-03-31	224516.0	17.0	False	True
seoul (prod. HONNE)	mono.	RM	['k-pop', 'k-rap']	2018-10-23	275954.0	58.0	False	True
DDU-DU DDU-DU (Remix)	Kill This Love	BLACKPINK	['k-pop']	2019-04-05	201225.0	46.0	False	True
"Carry On (from the Original Motion Picture ""POKÉMON Detective Pikachu"")"	"Carry On (from the Original Motion Picture ""POKÉMON Detective Pikachu"")"	Kygo	['tropical house']	2019-04-19	215315.0	55.0	False	True
CÁM ƠN	HIDDEN LUV	16 Typh	['vietnamese hip hop', 'v-pop', 'vinahouse']	2023-09-17	149774.0	26.0	False	True
Miss Americana & The Heartbreak Prince	Lover	Taylor Swift	[]	2019-08-23	234146.0	71.0	False	True
supїdo	supїdo	фрози	[]	2023-08-11	110125.0	62.0	False	True
Met Him Last Night (feat. Ariana Grande)	Dancing With The Devil…The Art of Starting Over	Demi Lovato	[]	2021-04-02	204631.0	47.0	True	True
Begin	Wings	BTS	['k-pop']	2016-10-10	229740.0	54.0	False	True
FLOWER ROAD	FLOWER ROAD	BIGBANG	['k-pop']	2018-03-13	228631.0	55.0	False	True
STAR WALKIN' (League of Legends Worlds Anthem)	STAR WALKIN' (League of Legends Worlds Anthem)	Lil Nas X	[]	2022-09-22	210575.0	66.0	True	True
needy	thank u, next	Ariana Grande	['pop']	2019-02-08	171573.0	67.0	True	True
Lose My Breath (Feat. Charlie Puth)	Lose My Breath (Feat. Charlie Puth)	Stray Kids	['k-pop']	2024-05-10	166913.0	64.0	False	True
Promises (with Sam Smith)	Promises (with Sam Smith)	Calvin Harris	['edm']	2018-08-17	213309.0	67.0	False	True
"What Was I Made For? [From The Motion Picture ""Barbie""]"	"What Was I Made For? [From The Motion Picture ""Barbie""]"	Billie Eilish	[]	2023-07-13	222369.0	82.0	False	True
Lonely (with Jonas Brothers)	Diplo Presents Thomas Wesley: Chapter 1 - Snake Oil	Diplo	['moombahton']	2020-05-27	139809.0	50.0	False	True
Chill Kill	Chill Kill - The 3rd Album	Red Velvet	['k-pop']	2023-11-13	214800.0	50.0	False	True
pov	Positions	Ariana Grande	['pop']	2020-10-30	201882.0	70.0	False	True
GIẢ VỜ	3 (tuyển tập nhạc Ngọt mới trẻ sôi động 2019)	Ngọt	['vietnam indie', 'v-pop', 'vietnamese hip hop']	2019-06-10	178446.0	37.0	False	True
Nếu Anh Thấy Lòng Mình Yếu Đuối (feat. CM1X)	Nếu Anh Thấy Lòng Mình Yếu Đuối (feat. CM1X)	Tùa	['v-pop', 'vietnamese lo-fi']	2020-08-23	254648.0	41.0	False	True
Người Tình Mùa Đông	Người Tình Mùa Đông	Đức Phúc	['v-pop', 'vinahouse', 'vietnam indie']	2022-12-01	222000.0	36.0	False	True
Như Lời Đồn	Như Lời Đồn	Bảo Anh	['v-pop', 'vietnamese lo-fi', 'vinahouse', 'vietnamese bolero', 'vietnam indie']	2018-10-10	219000.0	28.0	False	True
ghệ iu dấu của em ơi (ft. Hoāng)	ghệ remixes của em ơi	tlinh	['v-pop', 'vietnamese hip hop', 'vietnam indie', 'vietnamese lo-fi', 'vinahouse']	2023-06-06	205000.0	21.0	False	True
Ôm Trọn Nỗi Nhớ	Ôm Trọn Nỗi Nhớ	Rum	['v-pop', 'vinahouse', 'vietnamese lo-fi']	2020-01-01	250105.0	32.0	False	True
EM CÓ CHẮC KHÔNG (?) (bài ca rebound)	3 (tuyển tập nhạc Ngọt mới trẻ sôi động 2019)	Ngọt	['vietnam indie', 'v-pop', 'vietnamese hip hop']	2019-06-10	275713.0	38.0	False	True
Xuân Thì	Truyện Ngắn	Hà Anh Tuấn	['v-pop', 'vietnam indie']	2020-07-11	346153.0	35.0	False	True
Right Now	Supernatural	NewJeans	['k-pop']	2024-06-21	160413.0	66.0	False	True
A Veil of Mist	KOSMIK	SPACESPEAKERS	['vietnamese hip hop', 'v-pop', 'vietnam indie', 'vinahouse']	2022-10-31	302000.0	28.0	False	True
Visiting Hours	=	Ed Sheeran	['soft pop']	2021-10-25	215506.0	63.0	False	True
Around the world in a day (feat. Moses Sumney)	Right Place, Wrong Person	RM	['k-pop', 'k-rap']	2024-05-24	257453.0	55.0	True	True
all night	all night	lucidbeatz	[]	2023-09-01	182074.0	44.0	False	True
thành phố xa lạ	the early recordings	Phùng Khánh Linh	['v-pop', 'vietnam indie', 'city pop']	2019-10-08	258706.0	12.0	False	True
Hurricane	Donda	Kanye West	['rap']	2021-08-29	243187.0	62.0	False	True
ABCD	NA	NAYEON	['k-pop']	2024-06-14	162840.0	68.0	False	True
Double Fantasy (with Future)	Double Fantasy	The Weeknd	[]	2023-04-21	268235.0	66.0	True	True
Remind Me to Forget	Kids in Love	Kygo	['tropical house']	2017-11-03	217293.0	61.0	False	True
Savage Remix (feat. Beyoncé)	Savage Remix (feat. Beyoncé)	Megan Thee Stallion	[]	2020-04-29	242000.0	56.0	True	True
You All Over Me (feat. Maren Morris) (Taylor’s Version) (From The Vault)	Fearless (Taylor's Version)	Taylor Swift	[]	2021-04-09	220839.0	54.0	False	True
Arms Around You (feat. Maluma & Swae Lee)	Arms Around You (feat. Maluma & Swae Lee)	XXXTENTACION	['emo rap']	2018-10-25	198902.0	64.0	True	True
Hai Đứa Trẻ (feat. Suboi)	Vũ Trụ Cò Bay	Phương Mỹ Chi	['v-pop', 'vietnamese bolero']	2023-09-18	243401.0	30.0	False	True
Level of Concern	Level of Concern	Twenty One Pilots	[]	2020-04-09	220051.0	59.0	False	True
Strangers By Nature	30	Adele	['soft pop']	2021-11-19	182163.0	55.0	False	True
Love Rosie	Love Rosie	Thiều Bảo Trâm	['v-pop', 'vietnamese lo-fi']	2021-05-05	258665.0	21.0	False	True
Stay With Me	In The Lonely Hour	Sam Smith	['soft pop']	2014-05-26	172723.0	78.0	False	True
Đừng Yêu Nữa, Em Mệt Rồi	Đừng Yêu Nữa, Em Mệt Rồi	MIN	['v-pop', 'vietnamese hip hop', 'vietnamese lo-fi', 'vietnam indie', 'vinahouse']	2020-07-09	281454.0	46.0	False	True
Đố em biết anh đang nghĩ gì - Remix	Đố em biết anh đang nghĩ gì (Remix)	Đen	['v-pop', 'vietnamese hip hop', 'vietnam indie', 'vietnamese lo-fi']	2018-12-27	228037.0	29.0	False	True
I Drink Wine	30	Adele	['soft pop']	2021-11-19	376169.0	68.0	False	True
ALL KILL	Re:T-ARA	T-ARA	['k-pop']	2021-11-15	184866.0	25.0	False	True
River	Endless Summer Vacation	Miley Cyrus	[]	2023-08-18	162973.0	57.0	False	True
The Scientist	A Rush of Blood to the Head	Coldplay	[]	2002-08-27	309600.0	83.0	False	True
Cornelia Street	Lover	Taylor Swift	[]	2019-08-23	287266.0	69.0	False	True
Out Of The Woods (Taylor's Version)	1989 (Taylor's Version)	Taylor Swift	[]	2023-10-26	235800.0	67.0	False	True
Welcome To MY World (feat. nævis)	Welcome To MY World (feat. nævis)	aespa	['k-pop']	2023-05-02	206920.0	51.0	False	True
? (feat. Dế Choắt)	Rap Việt Tập 15	RAP VIỆT	['vietnamese hip hop', 'v-pop']	2020-11-08	243833.0	15.0	False	True
Anh Thôi Nhân Nhượng - Cover	Anh Thôi Nhân Nhượng (Cover)	Kiều Chi	['v-pop', 'vietnamese lo-fi']	2024-06-01	286017.0	40.0	False	True
021	021	Binz	['vietnamese hip hop', 'v-pop', 'vinahouse', 'vietnam indie']	2020-10-04	192088.0	18.0	False	True
Người Ta Đâu Thương Em	Người Ta Đâu Thương Em	Lyly	['v-pop', 'vietnamese hip hop', 'vietnamese lo-fi', 'vietnam indie']	2025-02-12	282447.0	20.0	False	True
Let It Snow! Let It Snow! Let It Snow!	A Winter Romance	Dean Martin	['christmas', 'adult standards', 'big band', 'swing music']	1959-01-01	117146.0	72.0	False	True
Đau Để Trưởng Thành	Đau Để Trưởng Thành	Only C	['v-pop', 'vietnamese hip hop', 'vinahouse', 'vietnamese lo-fi']	2019-05-25	283406.0	50.0	False	True
You	You	Regard	[]	2021-04-16	233386.0	66.0	True	True
Bed (feat. Ariana Grande)	Queen	Nicki Minaj	[]	2018-08-10	189533.0	57.0	True	True
Let You Love Me	Phoenix (Deluxe)	Rita Ora	[]	2018-11-23	190013.0	46.0	False	True
Một Cái Tên (feat. Orange)	Qua Khung Cửa Sổ	Chillies	['v-pop', 'vietnam indie', 'vietnamese lo-fi', 'vietnamese hip hop']	2021-05-05	241463.0	27.0	False	True
Anh Yêu Em Cực (feat. Minh Vũ)	Anh Yêu Em Cực (feat. Minh Vũ)	Linh Thộn	['v-pop', 'vietnamese hip hop', 'vietnam indie']	2022-09-28	146000.0	16.0	False	True
Da Key	Gentle Bad	GUrbane	['v-pop', 'vietnamese hip hop']	2024-05-25	178285.0	48.0	False	True
Better Things	Better Things	aespa	['k-pop']	2023-08-18	203216.0	57.0	False	True
Nhìn Những Mùa Thu Đi - Em Và Trịnh Original Soundtrack	Em Và Trịnh (Original Soundtrack/ Vol.1)	Bùi Lan Hương	['v-pop', 'vietnam indie']	2022-06-20	124445.0	31.0	False	True
I Don't Belong In This Club	I Don't Belong In This Club	Why Don't We	[]	2019-03-20	222620.0	47.0	True	True
FE!N (feat. Playboi Carti)	UTOPIA	Travis Scott	['rap']	2023-07-28	191700.0	83.0	True	True
Welcome To New York (Taylor's Version)	1989 (Taylor's Version)	Taylor Swift	[]	2023-10-26	212600.0	64.0	False	True
Chợt Nhìn Nhau	Một Vạn Năm	Vũ.	['v-pop', 'vietnam indie', 'vietnamese lo-fi']	2022-09-09	180500.0	34.0	False	True
"Swan Song - From the Motion Picture ""Alita: Battle Angel"""	"Swan Song (From the Motion Picture ""Alita: Battle Angel"")"	Dua Lipa	['pop']	2019-01-24	182074.0	52.0	False	True
Chúng Ta Đều Là Người Chiến Thắng (feat. R.I.C, Đạt Dope, Yuno Bigboi, Lor, Tony D. & Tez)	Rap Việt Tập 16	RAP VIỆT	['vietnamese hip hop', 'v-pop']	2020-11-16	492000.0	13.0	False	True
Calling My Phone	Destined 2 Win	Lil Tjay	['brooklyn drill', 'melodic rap']	2021-04-02	205458.0	71.0	True	True
Know Your Worth	Know Your Worth	Khalid	[]	2020-02-04	181436.0	59.0	False	True
Now That We Don't Talk (Taylor's Version) (From The Vault)	1989 (Taylor's Version)	Taylor Swift	[]	2023-10-26	146436.0	71.0	False	True
London Boy	Lover	Taylor Swift	[]	2019-08-23	190240.0	68.0	False	True
Hai Thằng Bịp	Hai Thang Bip	Mason Nguyen	['vietnamese hip hop', 'v-pop']	2024-06-28	177454.0	48.0	True	True
Dick (feat. Doja Cat)	Dick (feat. Doja Cat)	StarBoi3	[]	2021-04-23	175238.0	62.0	True	True
Red Eye (feat. TroyBoi)	Justice (The Complete Edition)	Justin Bieber	[]	2021-10-08	187452.0	56.0	False	True
In My Mind	In My Mind	Dynoro	[]	2018-06-08	184560.0	75.0	False	True
Rewrite The Stars	Rewrite The Stars	Zac Efron	['musicals']	2017-11-17	217440.0	71.0	False	True
Đường Tôi Chở Em Về (Cukak Remix)	Đường Tôi Chở Em Về (Cukak Remix)	buitruonglinh	['v-pop', 'vietnamese lo-fi', 'vietnam indie', 'vinahouse']	2021-07-07	248769.0	34.0	False	True
DYNAMIC DUO	DYNAMIC DUO	HIEUTHUHAI	['v-pop', 'vietnamese hip hop', 'vietnamese lo-fi', 'vietnam indie', 'vinahouse']	2022-03-14	184615.0	43.0	False	True
Don't Go Yet	Don't Go Yet	Camila Cabello	['pop']	2021-07-23	164842.0	62.0	False	True
Siren	WARNING	SUNMI	['k-pop']	2018-09-12	199133.0	47.0	False	True
Champion	Đánh Đổi	Obito	['v-pop', 'vietnamese hip hop', 'vietnam indie']	2023-10-10	349319.0	42.0	False	True
Audio (feat. Sia, Diplo, and Labrinth)	LABRINTH, SIA & DIPLO PRESENT... LSD	Sia	[]	2019-04-12	204093.0	57.0	False	True
Vroom Vroom	Into The TEMPEST	TEMPEST	['k-pop']	2023-09-20	179440.0	30.0	False	True
Gặp Lại Năm Ta 60	Tập 13: The Masked Singer Vietnam mùa 2	The Masked Singer	['v-pop']	2023-11-05	338265.0	39.0	False	True
Counting Stars	Native	OneRepublic	['soft pop']	2013-01-01	257265.0	82.0	False	True
Càng Trưởng Thành, Càng Cô Đơn	Love Songs Collection 4: Càng Trưởng Thành, Càng Cô Đơn	Hồ Ngọc Hà	['v-pop', 'vinahouse']	2020-08-21	305938.0	20.0	False	True
Cupid Twin Version	Cupid Twin Version	Velvet Horizon	['nightcore']	2023-02-25	146468.0	18.0	False	True
Used To Love (with Dean Lewis)	Used To Love (with Dean Lewis)	Martin Garrix	['edm', 'electronica', 'progressive house']	2019-10-31	236764.0	54.0	False	True
Make Me Feel	Đan Xinh In Love	Binz	['vietnamese hip hop', 'v-pop', 'vinahouse', 'vietnam indie']	2023-11-02	216000.0	30.0	False	True
00	99%	RPT MCK	['vietnamese hip hop', 'v-pop', 'vietnam indie']	2023-03-02	33874.0	31.0	True	True
On A Roll	On A Roll	Ashley O	[]	2019-06-14	154447.0	47.0	False	True
Đốt	Đốt	Ngọt	['vietnam indie', 'v-pop', 'vietnamese hip hop']	2021-02-06	235602.0	42.0	False	True
Capital Letters	Fifty Shades Freed (Original Motion Picture Soundtrack)	Hailee Steinfeld	[]	2018-02-09	219373.0	67.0	False	True
Like I'm Gonna Lose You (feat. John Legend)	Title (Deluxe)	Meghan Trainor	[]	2015-01-09	225053.0	75.0	False	True
Let Somebody Go	Music Of The Spheres	Coldplay	[]	2021-10-15	241595.0	65.0	False	True
Bao Giờ Lấy Chồng	Bao Giờ Lấy Chồng	Bích Phương	['v-pop', 'vietnamese hip hop', 'vietnamese lo-fi', 'vinahouse', 'vietnam indie']	2017-01-16	225191.0	36.0	False	True
i love you	WHEN WE ALL FALL ASLEEP, WHERE DO WE GO?	Billie Eilish	[]	2019-03-29	291796.0	79.0	False	True
Những Câu Hỏi Khi Say	Những Câu Hỏi Khi Say	Bảo Uyên	['v-pop', 'vinahouse', 'vietnamese lo-fi']	2023-10-24	247535.0	38.0	False	True
kết thúc = mở đầu	ái	tlinh	['v-pop', 'vietnamese hip hop', 'vietnam indie', 'vietnamese lo-fi', 'vinahouse']	2023-08-16	56571.0	33.0	False	True
Enchanted (Taylor's Version)	Speak Now (Taylor's Version)	Taylor Swift	[]	2023-07-07	353253.0	73.0	False	True
Here's Your Perfect	Here's Your Perfect	Jamie Miller	[]	2021-04-30	158594.0	69.0	False	True
REALLY REALLY - KR ver.		WINNER						
Cô gái bàn bên	Kobukovu	Đen	['v-pop', 'vietnamese hip hop', 'vietnam indie', 'vietnamese lo-fi']	2016-08-28	198119.0	44.0	False	True
Dope	The Most Beautiful Moment in Life Pt.1	BTS	['k-pop']	2015-04-29	240020.0	63.0	False	True
Answer : Love Myself	Love Yourself 結 'Answer'	BTS	['k-pop']	2018-08-24	251279.0	60.0	False	True
Modern Loneliness	~how i'm feeling~	Lauv	[]	2020-03-06	252337.0	51.0	True	True
Can I Get It	30	Adele	['soft pop']	2021-11-19	210384.0	62.0	False	True
Mr. Perfectly Fine (Taylor’s Version) (From The Vault)	Fearless (Taylor's Version)	Taylor Swift	[]	2021-04-09	277591.0	65.0	False	True
Late Night Talking	Harry's House	Harry Styles	[]	2022-05-20	177954.0	73.0	False	True
Only Human	Happiness Begins	Jonas Brothers	[]	2019-06-07	183000.0	66.0	False	True
Lối Đi Riêng (feat. Pháp Kiều)	Rap Việt Mùa 3 (2023) - Tập 15	RAP VIỆT	['vietnamese hip hop', 'v-pop']	2023-09-03	202105.0	30.0	False	True
Look Here	Dark & Wild	BTS	['k-pop']	2014-08-20	218887.0	53.0	False	True
Changes	~how i'm feeling~	Lauv	[]	2020-03-06	160186.0	49.0	False	True
Take A Bow - Main		Rihanna						
Yêu Là Phải Nói (feat. Lor)	Rap Việt Tập 12	RAP VIỆT	['vietnamese hip hop', 'v-pop']	2020-10-19	206009.0	16.0	False	True
Don’t Matter To Me (with Michael Jackson)	Scorpion	Drake	['rap', 'hip hop']	2018-06-29	245786.0	65.0	False	True
Taste (feat. Offset)	Legendary	Tyga	[]	2019-06-07	229210.0	70.0	True	True
SNEAKERS	CHECKMATE	ITZY	['k-pop']	2022-07-15	179453.0	53.0	False	True
Một Ngày Buồn	Một Ngày Buồn	Kiều Chi	['v-pop', 'vietnamese lo-fi']	2023-10-11	192000.0	35.0	False	True
Love Shot	LOVE SHOT– The 5th Album Repackage	EXO	['k-pop']	2018-12-13	200306.0	65.0	False	True
When You're Gone	When You're Gone	Shawn Mendes	['pop']	2022-03-31	172266.0	65.0	False	True
BTS Cypher Pt.3: Killer	Dark & Wild	BTS	['k-pop']	2014-08-20	267782.0	56.0	False	True
S-Class	5-STAR	Stray Kids	['k-pop']	2023-06-02	195688.0	68.0	False	True
016 Tan Du	016 Tan Du	Solsilva	['v-pop', 'vietnamese hip hop']	2022-07-31	135534.0	29.0	False	True
Don’t Go (with Justin Bieber & Don Toliver)	Don’t Go (with Justin Bieber & Don Toliver)	Skrillex	['dubstep', 'edm', 'electro', 'electronic']	2021-08-20	168253.0	53.0	False	True
Epiphany	Love Yourself 結 'Answer'	BTS	['k-pop']	2018-08-24	240361.0	63.0	False	True
Skyler	Skyler	Sơn Tùng M-TP	['v-pop', 'vinahouse', 'vietnamese hip hop']	2021-01-28	134400.0	30.0	False	True
Mình Yêu Đến Đây Thôi	Yêu Rồi Yêu Rồi Yêu	Tóc Tiên	['v-pop', 'vietnamese lo-fi', 'vietnam indie', 'vietnamese bolero']	2021-12-16	285885.0	23.0	False	True
If the World Was Ending (feat. Julia Michaels)	If the World Was Ending (feat. Julia Michaels)	JP Saxe	[]	2019-10-17	208687.0	70.0	False	True
Gia Ngay Dau Dung Noi Thuong Nhau	Gia Ngay Dau Dung Noi Thuong Nhau	Isaac	['v-pop', 'vietnamese hip hop']	2018-09-09	270000.0	30.0	False	True
Enemies	I met you when I was 18. (the playlist)	Lauv	[]	2018-05-31	194754.0	50.0	False	True
Solar Power	Solar Power	Lorde	[]	2021-08-20	192621.0	57.0	False	True
Lộn Xộn 2	Lộn Xộn 2	Đen	['v-pop', 'vietnamese hip hop', 'vietnam indie', 'vietnamese lo-fi']	2018-03-01	217256.0	37.0	False	True
Đắm (feat. Ricky Star)	Đắm (feat. Ricky Star)	Xesi	['v-pop', 'vietnamese hip hop', 'vinahouse', 'vietnamese lo-fi', 'vietnam indie']	2021-07-08	185509.0	25.0	False	True
Motley Crew	Motley Crew	Post Malone	[]	2021-07-09	184213.0	64.0	True	True
Phân Thân	Phân Thân	Low G	['vietnamese hip hop', 'v-pop', 'vietnam indie']	2022-05-25	172673.0	33.0	False	True
bellyache	Bellyache	Billie Eilish	[]	2017-02-24	179172.0	74.0	False	True
What If I Told You That I Love You	The Idea Of Her	Ali Gatie	[]	2021-03-26	193667.0	60.0	False	True
Love Somebody	Without You	Lauv	[]	2020-07-10	142773.0	55.0	False	True
Anh Không Xứng (feat. Quang Anh Rhyder)	Rap Việt Mùa 3 (2023) - Tập 15	RAP VIỆT	['vietnamese hip hop', 'v-pop']	2023-09-03	230400.0	33.0	False	True
Từ Khung Cửa Sổ Này	Từ Khung Cửa Sổ Này	SUNI	['v-pop', 'vietnam indie', 'vietnamese lo-fi', 'vinahouse']	2023-07-20	221886.0	14.0	False	True
Cô Gái Vàng (feat. Tùng Viu)	Cô Gái Vàng	HuyR	['v-pop', 'vietnam indie', 'vietnamese lo-fi', 'vietnamese hip hop', 'vinahouse']	2020-09-15	227692.0	34.0	False	True
Freaky Friday (feat. Chris Brown)	Freaky Friday (feat. Chris Brown)	Lil Dicky	[]	2018-03-16	216631.0	67.0	True	True
Người Rất Tốt Không Gặp Sẽ Tốt Hơn	Người Rất Tốt Không Gặp Sẽ Tốt Hơn	Hiền Hồ	['v-pop', 'vinahouse', 'vietnam indie', 'vietnamese lo-fi']	2023-02-23	227060.0	29.0	False	True
Good as Hell	Cuz I Love You (Super Deluxe)	Lizzo	[]	2019-04-17	159735.0	64.0	False	True
Em Là Nhất - Cukak Remix		Cukak						
Thầy Bói Xem Voi (feat. DT & KymLeez)	Rap Việt Mùa 3 (2023) - Tập 11	RAP VIỆT	['vietnamese hip hop', 'v-pop']	2023-08-06	214588.0	25.0	False	True
Friendzone (Yêu Bạn Được Không)	Friendzone (Yêu Bạn Được Không)	JUUN D	['v-pop', 'vietnamese lo-fi', 'vietnam indie', 'vietnamese hip hop']	2018-05-14	209338.0	17.0	False	True
Trust Fund Baby	minisode 2: Thursday's Child	TOMORROW X TOGETHER	['k-pop']	2022-05-09	156364.0	50.0	False	True
Yêu Lại Từ Đầu	Yêu Lại Từ Đầu	Khắc Việt	['vinahouse', 'v-pop', 'vietnamese bolero']	2011-02-23	207072.0	37.0	False	True
Người Hát Tình Ca	Giấc Mơ Tôi, Vol. 1	Uyên Linh	['v-pop', 'vietnamese lo-fi', 'vietnam indie']	2017-10-26	304509.0	13.0	False	True
Anh Thương Em Nhất Mà? (feat. Log & TiB)	Anh Thương Em Nhất Mà? (feat. Log & TiB)	Thùy Trang	['v-pop', 'vietnamese lo-fi', 'vietnam indie', 'vietnamese hip hop', 'vietnamese bolero']	2019-05-20	193123.0	34.0	False	True
Chemical	Chemical	Post Malone	[]	2023-04-14	184013.0	72.0	True	True
Cupid Twin Version (Sped Up) - Remix		Music Factory						
Running Out Of Roses	Walker Racing League	Alan Walker	[]	2021-09-10	136563.0	54.0	False	True
Lonely Boy (The tattoo on my ring finger)	minisode 2: Thursday's Child	TOMORROW X TOGETHER	['k-pop']	2022-05-09	168751.0	54.0	False	True
bloodline	thank u, next	Ariana Grande	['pop']	2019-02-08	216893.0	72.0	True	True
Let Me Love You	Encore	DJ Snake	[]	2016-08-05	205946.0	81.0	False	True
99	99%	RPT MCK	['vietnamese hip hop', 'v-pop', 'vietnam indie']	2023-03-02	171673.0	30.0	False	True
RAPSTAR	Hall of Fame	Polo G	[]	2021-06-11	165925.0	75.0	True	True
Thursday's Child Has Far To Go	minisode 2: Thursday's Child	TOMORROW X TOGETHER	['k-pop']	2022-05-09	211399.0	58.0	False	True
Favorite (Vampire)	Favorite - The 3rd Album Repackage	NCT 127	['k-pop']	2021-10-25	215586.0	49.0	False	True
Woman Like Me (feat. Nicki Minaj)	LM5 (Deluxe)	Little Mix	[]	2018-11-16	229720.0	61.0	True	True
DIVE	Into The TEMPEST	TEMPEST	['k-pop']	2023-09-20	178306.0	29.0	False	True
TV	Guitar Songs	Billie Eilish	[]	2022-07-21	281380.0	81.0	False	True
MAGO	回:Walpurgis Night	GFRIEND	['k-pop']	2020-11-09	199133.0	63.0	False	True
Hold	Remember	WINNER	['k-pop']	2020-04-09	176351.0	35.0	False	True
Mưa Hồng	Mưa Hồng	Hoàng Duyên	['v-pop', 'vietnamese lo-fi', 'vietnam indie']	2022-06-14	224847.0	30.0	False	True
Body	Body	Loud Luxury	[]	2017-10-27	163216.0	73.0	False	True
Secret Story of the Swan	Oneiric Diary	IZ*ONE	['k-pop']	2020-06-15	192333.0	59.0	False	True
Crystal Snow	FACE YOURSELF	BTS	['k-pop']	2018-04-04	323360.0	56.0	False	True
Shameless	Romance	Camila Cabello	['pop']	2019-12-06	219742.0	78.0	False	True
Lying to myself	Lying to myself	Dab	['v-pop', 'vietnamese hip hop', 'vietnam indie']	2022-01-02	176935.0	44.0	False	True
Happy Now	Happy Now	Kygo	['tropical house']	2018-10-26	211362.0	62.0	False	True
Cô Thắm Không Về	Cô Thắm Không Về	Phát Hồ	['v-pop', 'vinahouse', 'vietnamese lo-fi', 'vietnamese hip hop']	2019-09-16	254713.0	37.0	False	True
Bluetooth	Into The TEMPEST	TEMPEST	['k-pop']	2023-09-20	201853.0	23.0	False	True
Điểm Đến Cuối Cùng	Gieo	Ngọt	['vietnam indie', 'v-pop', 'vietnamese hip hop']	2022-11-25	213667.0	39.0	False	True
Spark	Purpose - The 2nd Album	TAEYEON	['k-pop', 'k-ballad']	2019-10-28	217926.0	46.0	False	True
Trước Khi Em Tồn Tại		Trần Quốc Cường						
Antisocial (with Travis Scott)	No.6 Collaborations Project	Ed Sheeran	['soft pop']	2019-07-12	161746.0	56.0	False	True
Retrograde	Retrograde	NAOMI	['vietnamese hip hop', 'vietnam indie', 'v-pop']	2018-12-24	229026.0	37.0	False	True
Cưới Thôi	Cưới Thôi	Masew	['v-pop', 'vietnamese hip hop', 'vinahouse', 'vietnamese lo-fi', 'vietnam indie']	2021-10-08	182843.0	27.0	False	True
Skit: Billboard Music Awards Speech	Love Yourself 承 'Her'	BTS	['k-pop']	2017-09-18	107062.0	42.0	False	True
Đừng Xin Lỗi Nữa	Đừng Xin Lỗi Nữa	ERIK	['v-pop', 'vietnamese lo-fi', 'vinahouse', 'vietnam indie']	2018	231397.0	49.0	False	True
invisible string	folklore	Taylor Swift	[]	2020-07-24	252880.0	69.0	False	True
Play	Play	K-391	[]	2019-08-30	167976.0	64.0	False	True
Hổng Có Ưa (feat. Pháp Kiều & Snoop Dee)	Rap Việt Mùa 3 (2023) - Tập 10	RAP VIỆT	['vietnamese hip hop', 'v-pop']	2023-07-30	230322.0	21.0	False	True
Tương 3+1	Tương 3+1	W/N	['v-pop', 'vietnamese hip hop', 'vietnamese lo-fi', 'vietnam indie']	2021-11-30	244000.0	39.0	False	True
this is me trying	folklore	Taylor Swift	[]	2020-07-24	195097.0	70.0	False	True
Sad Forever	~how i'm feeling~	Lauv	[]	2020-03-06	203520.0	49.0	False	True
Huhu Haha (feat. SMO & Lil'Wuyn)	Rap Việt Mùa 3 (2023) - Tập 15	RAP VIỆT	['vietnamese hip hop', 'v-pop']	2023-09-03	245371.0	21.0	False	True
Buồn Làm Chi Em Ơi	Buồn Làm Chi Em Ơi	Hoài Lâm	['v-pop', 'vietnamese bolero', 'bolero', 'vietnamese lo-fi']	2020-06-26	272727.0	20.0	False	True
Ko Ko Bop	THE WAR - The 4th Album	EXO	['k-pop']	2017-07-18	190422.0	58.0	False	True
Lời tạm biệt chưa nói		Trần Quang Ngọc						
rockstar (feat. 21 Savage)	beerbongs & bentleys	Post Malone	[]	2018-04-27	218146.0	78.0	True	True
Red Rum	Red Rum	Táo	['vietnamese hip hop', 'v-pop', 'vietnam indie', 'vietnamese lo-fi']	2022-05-27	219600.0	26.0	False	True
MANIAC	ODDINARY	Stray Kids	['k-pop']	2022-03-18	182757.0	68.0	False	True
I Think He Knows	Lover	Taylor Swift	[]	2019-08-23	173386.0	66.0	False	True
Smile (with The Weeknd)	Legends Never Die	Juice WRLD	['melodic rap', 'emo rap']	2020-07-10	196180.0	65.0	True	True
I Do	Illuminate... (The Hits and More)	911	['v-pop']	2013-09-08	207542.0	41.0	False	True
Diệu Kỳ Việt Nam	Diệu Kỳ Việt Nam	Bích Phương	['v-pop', 'vietnamese hip hop', 'vietnamese lo-fi', 'vinahouse', 'vietnam indie']	2021-01-17	285473.0	23.0	False	True
Paper Rings	Lover	Taylor Swift	[]	2019-08-23	222400.0	72.0	False	True
Alone	Different World	Alan Walker	[]	2018-12-14	160426.0	71.0	False	True
Moth To A Flame (with The Weeknd)	Paradise Again	Swedish House Mafia	['edm']	2022-04-15	234000.0	77.0	False	True
Ngày Đôi Ta Là Của Nhau	Ngày Đôi Ta Là Của Nhau	Đông Nhi	['v-pop', 'vinahouse']	2019-11-05	272913.0	22.0	False	True
Intro : DT sugA (Feat. DJ Friz)	Agust D	Agust D	['k-pop', 'k-rap']	2016-08-16	64182.0	62.0	False	True
những ngày mưa cô đơn	những ngày mưa cô đơn	Trung Quân	['v-pop', 'vietnam indie', 'vietnamese lo-fi']	2021-08-20	311546.0	21.0	False	True
xanny	WHEN WE ALL FALL ASLEEP, WHERE DO WE GO?	Billie Eilish	[]	2019-03-29	243725.0	67.0	False	True
Ði Trong Mùa Hè	Ði Trong Mùa Hè	Đen	['v-pop', 'vietnamese hip hop', 'vietnam indie', 'vietnamese lo-fi']	2022-05-09	271073.0	28.0	False	True
Like Crazy (Deep House Remix)	Like Crazy (Remixes)	Jimin	['k-pop']	2023-03-26	180719.0	47.0	False	True
Sixteen	Brightest Blue	Ellie Goulding	[]	2020-07-16	201226.0	46.0	False	True
HANN (Alone)	HANN (Alone)	(G)I-DLE	['k-pop']	2018-08-14	205820.0	54.0	False	True
Love poem	Love poem	IU	['k-pop', 'k-ballad']	2019-11-18	258226.0	47.0	False	True
illicit affairs	folklore	Taylor Swift	[]	2020-07-24	190898.0	71.0	False	True
Start Again (feat. Logic)	13 Reasons Why (Season 2)	OneRepublic	['soft pop']	2018-05-18	165626.0	53.0	False	True
Hear Me Out	Hear Me Out	EXO	['k-pop']	2023-06-30	204093.0	42.0	False	True
Entertainer	Icarus Falls	ZAYN	[]	2018-12-14	202600.0	57.0	True	True
Bạn thỏ tivi nhỏ	Gieo	Ngọt	['vietnam indie', 'v-pop', 'vietnamese hip hop']	2022-11-25	268845.0	37.0	False	True
Wrecked	Mercury - Acts 1 & 2	Imagine Dragons	[]	2022-07-01	244004.0	65.0	False	True
DO IT FOR FLY TEAM (feat. Binz & Kellie)	Rap Việt Season 2 - Tập 16	RAP VIỆT	['vietnamese hip hop', 'v-pop']	2022-01-26	175410.0	22.0	False	True
NOT BY THE MOON	DYE	GOT7	['k-pop']	2020-04-20	204701.0	53.0	False	True
một triệu like	một triệu like	Đen	['v-pop', 'vietnamese hip hop', 'vietnam indie', 'vietnamese lo-fi']	2020-12-29	264000.0	47.0	False	True
Change (feat. James Taylor)	Voicenotes	Charlie Puth	['soft pop', 'pop']	2018-05-11	217560.0	44.0	False	True
Giant (with Rag'n'Bone Man)	Giant (with Rag'n'Bone Man)	Calvin Harris	['edm']	2019-01-11	229184.0	62.0	False	True
Savage	Suga	Megan Thee Stallion	[]	2020-03-06	155497.0	62.0	True	True
Back To December (Taylor's Version)	Speak Now (Taylor's Version)	Taylor Swift	[]	2023-07-07	294189.0	68.0	False	True
The Spectre	The Spectre	Alan Walker	[]	2017-09-15	193787.0	68.0	False	True
Playinwitme (feat. Kehlani)	Light of Mine	KYLE	[]	2018-05-18	191680.0	53.0	False	True
bad idea right?	GUTS	Olivia Rodrigo	[]	2023-09-08	184783.0	74.0	True	True
'yêu yêu yêu' mashup	Hương Mùa Hè EP.02	GREY D	['v-pop', 'vietnam indie', 'vietnamese lo-fi', 'vietnamese hip hop']	2022-07-10	227628.0	27.0	False	True
Nightmare	If I Can’t Have Love, I Want Power (Extended)	Halsey	[]	2021-08-27	231998.0	61.0	True	True
Afterglow	Lover	Taylor Swift	[]	2019-08-23	223293.0	70.0	False	True
You (Prod. SUGA of BTS)	ANSWER... SHINE	ØMI	[]	2021-10-15	187364.0	34.0	False	True
Anh Ơi Ở Lại	Anh Ơi Ở Lại	Chi Pu	['v-pop', 'vinahouse', 'vietnam indie']	2019	292379.0	48.0	False	True
Gật Đầu	Gật Đầu	Jun Phạm	['v-pop']	2018-12-23	247200.0	13.0	False	True
Vì Em Vẫn	Vì Em Vẫn	Hari Won	['v-pop']	2019-01-28	218400.0	11.0	False	True
Anh Chua Thuong Em Den Vay Dau		Inkle						
Hông Về Tình Iu (Not About Love)	Hông Về Tình Iu (Not About Love)	Khoi Vu	['v-pop', 'vietnamese hip hop', 'vietnamese lo-fi', 'vietnam indie']	2022-04-08	202072.0	40.0	False	True
OTW	OTW	Khalid	[]	2018-04-20	263013.0	65.0	True	True
Dynamite (Holiday Remix)	Dynamite (Holiday Remix)	BTS	['k-pop']	2020-12-11	213314.0	41.0	False	True
Who	Who	Chillies	['v-pop', 'vietnam indie', 'vietnamese lo-fi', 'vietnamese hip hop']	2018-10-06	243409.0	25.0	False	True
Don't Leave Me	FACE YOURSELF	BTS	['k-pop']	2018-04-04	227413.0	54.0	False	True
Castle In The Sky		Logan Harris						
H In My Arms	H In My Arms	Kha	['v-pop', 'vietnamese lo-fi', 'vietnam indie', 'vietnamese hip hop', 'vinahouse']	2021-01-22	192857.0	38.0	False	True
Daylight	Lover	Taylor Swift	[]	2019-08-23	293453.0	74.0	False	True
Fake	Fake	Lauv	[]	2020-10-13	146375.0	53.0	True	True
evermore (feat. Bon Iver)	evermore	Taylor Swift	[]	2020-12-11	304106.0	58.0	False	True
Post Malone (feat. RANI)	Magnets EP	Sam Feldt	['tropical house']	2019-05-24	174444.0	58.0	False	True
No New Friends (feat. Sia, Diplo, and Labrinth)	LABRINTH, SIA & DIPLO PRESENT... LSD	Sia	[]	2019-04-12	175826.0	51.0	False	True
betty	folklore	Taylor Swift	[]	2020-07-24	294521.0	65.0	True	True
Về Nghe Mẹ Ru	Về Nghe Mẹ Ru	NSND Bach Tuyet	['v-pop', 'vietnamese bolero']	2022-04-09	224347.0	22.0	False	True
Sick Boy	Sick Boy	The Chainsmokers	[]	2018-12-14	193200.0	60.0	False	True
5AM	Hiệu Ứng Trốn Chạy	Cá Hồi Hoang	['vietnam indie', 'v-pop', 'vietnamese hip hop']	2019-07-31	262331.0	37.0	False	True
Weekend	INVU - The 3rd Album	TAEYEON	['k-pop', 'k-ballad']	2022-02-14	233413.0	49.0	False	True
The Way I Am	Voicenotes	Charlie Puth	['soft pop', 'pop']	2018-05-11	186080.0	56.0	False	True
Head Above Water	Head Above Water	Avril Lavigne	[]	2019-02-15	220850.0	56.0	False	True
Style	1989 (Deluxe)	Taylor Swift	[]	2014-01-01	231000.0	74.0	False	True
Thu Cuối	Tuyển Tập Yanbi Vol 2	YanBi	['v-pop', 'vietnamese hip hop', 'vinahouse']	2016-10-10	294948.0	43.0	False	True
Left and Right (Feat. Jung Kook of BTS)	CHARLIE	Charlie Puth	['soft pop', 'pop']	2022-10-06	154486.0	69.0	False	True
Du Hành Vào Tâm Trí	Du Hành Vào Tâm Trí	GiGi Hương Giang	['v-pop', 'vietnam indie']	2022-04-26	209732.0	12.0	False	True
Rồi Tới Luôn	Rồi Tới Luôn	Nal	['vinahouse', 'vietnamese lo-fi', 'v-pop', 'vietnamese bolero']	2021-08-07	246664.0	37.0	False	True
Có Lẽ Anh Chưa Từng	Có Lẽ Anh Chưa Từng	Only C	['v-pop', 'vietnamese hip hop', 'vinahouse', 'vietnamese lo-fi']	2021-04-01	294534.0	40.0	False	True
NO LOVE (feat. Kellie)	Rap Việt Season 2 - Tập 13	RAP VIỆT	['vietnamese hip hop', 'v-pop']	2022-01-10	192022.0	18.0	False	True
NẾU KHÔNG ĐIỀU GÌ THAY ĐỔI (feat. RamC & Vlary)	RAP VIỆT 2024, Tập 9	RAP VIỆT	['vietnamese hip hop', 'v-pop']	2024-11-18	233424.0	32.0	False	True
tokyo	mono.	RM	['k-pop', 'k-rap']	2018-10-23	208936.0	54.0	False	True
Alien	Alien	Sabrina Carpenter	[]	2018-03-16	174840.0	53.0	False	True
Zero	Zero	NewJeans	['k-pop']	2023-04-03	154194.0	58.0	False	True
In the Night		Le Mousche						
Enhanced Depth		Trance Demon						
Vài Lần Đón Đưa	ACOUS'84	Hà Anh Tuấn	['v-pop', 'vietnam indie']	2021-10-01	235000.0	30.0	False	True
Devil by the Window	The Name Chapter: TEMPTATION	TOMORROW X TOGETHER	['k-pop']	2023-01-27	186471.0	61.0	False	True
Just Say Hello - Acoustic Version	Just Say Hello (Acoustic Version)	甘草片r	[]	2022-07-22	235833.0	40.0	False	True
CÒN THỞ CÒN GỠ (feat. Lil Wuyn )	Rap Việt Season 2 - Tập 5	RAP VIỆT	['vietnamese hip hop', 'v-pop']	2021-11-15	203713.0	27.0	False	True
Sơn Tinh Thuỷ Tinh (feat. R.Tee & Ricky Star)	Rap Việt Tập 10	RAP VIỆT	['vietnamese hip hop', 'v-pop']	2020-10-07	220137.0	13.0	False	True
Like Crazy (UK Garage Remix)	Like Crazy (Remixes)	Jimin	['k-pop']	2023-03-26	210395.0	47.0	False	True
Càng Lớn Càng Cô Đơn	Càng Lớn Càng Cô Đơn	JayKii	['v-pop', 'vietnamese lo-fi', 'vietnam indie']	2021-05-23	261818.0	30.0	False	True
Electricity	Electricity	Silk City	[]	2018-09-06	238173.0	63.0	False	True
HẾT THỜI	3 (tuyển tập nhạc Ngọt mới trẻ sôi động 2019)	Ngọt	['vietnam indie', 'v-pop', 'vietnamese hip hop']	2019-06-10	278779.0	40.0	False	True
mad woman	folklore	Taylor Swift	[]	2020-07-24	237258.0	61.0	True	True
motive (with Doja Cat)	Positions	Ariana Grande	['pop']	2020-10-30	167989.0	68.0	True	True
Truth Hurts	Cuz I Love You (Super Deluxe)	Lizzo	[]	2019-04-19	173325.0	66.0	True	True
Instruction	Tell Me You Love Me (Deluxe)	Jax Jones	[]	2017-09-29	166426.0	41.0	True	True
Skate	An Evening With Silk Sonic	Bruno Mars	[]	2021-11-11	203122.0	64.0	False	True
Side Effects	Sick Boy	The Chainsmokers	[]	2018-12-14	172746.0	50.0	False	True
Mình Là Gì Của Nhau	Mình Là Gì Của Nhau	Lou Hoàng	['v-pop', 'vinahouse', 'vietnamese lo-fi']	2016-09-21	295352.0	45.0	False	True
Em Có Còn Dùng Số Này Không	Em Có Còn Dùng Số Này Không	Thái Đinh	['vietnam indie', 'v-pop']	2019-04-12	315631.0	35.0	False	True
CÁNH CỬA VÀ NGƯỜI ĐÀN ÔNG (feat. Seachains)	Rap Việt Season 2 - Tập 14	RAP VIỆT	['vietnamese hip hop', 'v-pop']	2022-01-17	190059.0	28.0	False	True
GANADARA (Feat. IU)	GANADARA	Jay Park	['k-rap', 'k-pop']	2022-03-11	203727.0	50.0	False	True
"Heaven - From ""Fifty Shades Freed"" Soundtrack"	Amethyst	Julia Michaels	[]	2023-08-15	191813.0	63.0	False	True
進撃の防弾(SONPUB REMIX)		BTS						
Baby, I'm Jealous (feat. Doja Cat)	Better Mistakes	Bebe Rexha	[]	2021-05-07	175873.0	55.0	False	True
Bon Bon Chocolat	ARRIVAL OF EVERGLOW	EVERGLOW	['k-pop']	2019-03-18	228682.0	55.0	False	True
可不可以 - 抖音热歌	可不可以 (抖音热歌)	张紫豪	['chinese r&b', 'mandopop', 'c-pop']	2018-05-03	240889.0	52.0	False	True
Crush	Bad Ideas	Tessa Violet	[]	2019-10-25	216266.0	55.0	False	True
We On	O!RUL8,2?	BTS	['k-pop']	2013-09-11	230885.0	51.0	False	True
Bite Me	DARK BLOOD	ENHYPEN	['k-pop']	2023-05-22	157531.0	73.0	False	True
Someday, The Boy		Kim Feel						
Stitches	Handwritten	Shawn Mendes	['pop']	2015-04-14	206880.0	79.0	False	True
SUN GOES DOWN	SUN GOES DOWN	Lil Nas X	[]	2021-05-21	168275.0	50.0	False	True
Family	World War Joy	The Chainsmokers	[]	2019-12-06	194826.0	52.0	False	True
NỨT (đôi chân đôi tay đôi mắt trái tim)	3 (tuyển tập nhạc Ngọt mới trẻ sôi động 2019)	Ngọt	['vietnam indie', 'v-pop', 'vietnamese hip hop']	2019-06-10	392673.0	38.0	False	True
SOMEBODY	GABRIEL	keshi	[]	2022-03-25	164662.0	60.0	True	True
hate u love u	hate u love u	Olivia O'Brien	[]	2016-12-09	175466.0	62.0	False	True
N95	Mr. Morale & The Big Steppers	Kendrick Lamar	['hip hop', 'west coast hip hop']	2022-05-13	195950.0	73.0	True	True
VÉ ĐI THIÊN ĐƯỜNG (một chiều)	3 (tuyển tập nhạc Ngọt mới trẻ sôi động 2019)	Ngọt	['vietnam indie', 'v-pop', 'vietnamese hip hop']	2019-06-10	165313.0	31.0	False	True
Rumors (feat. Cardi B)	Rumors (feat. Cardi B)	Lizzo	[]	2021-08-13	172832.0	56.0	True	True
Eyes Closed	- (Deluxe)	Ed Sheeran	['soft pop']	2023-05-05	194848.0	69.0	False	True
High Hopes	Pray for the Wicked	Panic! At The Disco	['emo']	2018-06-22	190946.0	75.0	False	True
Hello	25	Adele	['soft pop']	2015-11-20	295502.0	71.0	False	True
Em Trong Đầu	Gieo	Ngọt	['vietnam indie', 'v-pop', 'vietnamese hip hop']	2022-11-25	198222.0	35.0	False	True
Về Với Em	Về Với Em	Võ Hạ Trâm	['v-pop']	2023-04-12	269333.0	21.0	False	True
Chọn Bạn Mà Chơi	Chọn Bạn Mà Chơi	Rtee	['v-pop', 'vietnamese hip hop', 'vietnam indie', 'vietnamese lo-fi']	2021-12-21	218482.0	16.0	False	True
Hạnh Phúc Thoáng Qua	Đổi Thay	Noo Phước Thịnh	['v-pop', 'vinahouse', 'vietnamese lo-fi']	2015-07-10	214778.0	24.0	False	True
There for You	There for You	Martin Garrix	['edm', 'electronica', 'progressive house']	2017-05-26	221904.0	60.0	False	True
Memories	Superache	Conan Gray	[]	2022-06-24	248818.0	75.0	False	True
Cánh Hoa Tổn Thương	Cánh Hoa Tổn Thương	Hoàng Yến Chibi	['v-pop', 'vietnamese hip hop', 'vietnamese lo-fi', 'vietnam indie']	2020-01-06	370666.0	20.0	False	True
Dĩ Vãng Nhạt Nhòa - Remake	Dĩ Vãng Nhạt Nhòa	Hà Nhi	['v-pop', 'vinahouse', 'vietnamese lo-fi', 'vietnam indie']	2020-01-01	219335.0	42.0	False	True
Everybody Hates Me	Sick Boy	The Chainsmokers	[]	2018-12-14	223466.0	50.0	False	True
Dance The Night Away	Summer Nights	TWICE	['k-pop']	2018-07-09	180800.0	60.0	False	True
Đa Đoan	Đa Đoan	Phan Mạnh Quỳnh	['v-pop', 'vietnam indie']	2022-09-28	200730.0	19.0	False	True
Badadu	Badadu	MONSTAR	['v-pop', 'vietnam indie']	2020-12-15	201969.0	22.0	False	True
Mind Is A Prison	These Two Windows	Alec Benjamin	[]	2020-05-29	161697.0	57.0	False	True
Happy	Happy	TAEYEON	['k-pop', 'k-ballad']	2020-05-04	221000.0	37.0	False	True
Strange (feat. RM)	D-2	Agust D	['k-pop', 'k-rap']	2020-05-22	196529.0	54.0	False	True
Nice For What	Scorpion	Drake	['rap', 'hip hop']	2018-06-29	210746.0	72.0	True	True
Scars To Your Beautiful	Know-It-All	Alessia Cara	[]	2015-11-13	230240.0	75.0	False	True
Make A Wish (Birthday Song)	NCT RESONANCE Pt. 1 - The 2nd Album	NCT U	['k-pop']	2020-10-12	229400.0	55.0	False	True
Chắc Anh Đang	Chắc Anh Đang	Tiên Tiên	['v-pop', 'vietnam indie', 'vinahouse', 'vietnamese lo-fi']	2018-02-03	191074.0	38.0	False	True
Tinnitus (Wanna be a rock)	The Name Chapter: TEMPTATION	TOMORROW X TOGETHER	['k-pop']	2023-01-27	157261.0	64.0	False	True
The Great War	Midnights (3am Edition)	Taylor Swift	[]	2022-10-22	240355.0	63.0	False	True
Tinh Nhan Oi		Châu Đăng Khoa						
My Universe - SUGA's Remix	My Universe (SUGA's Remix)	Coldplay	[]	2021-09-26	188234.0	47.0	False	True
Trivia 承 : Love	Love Yourself 結 'Answer'	BTS	['k-pop']	2018-08-24	225697.0	54.0	False	True
epiphany	folklore	Taylor Swift	[]	2020-07-24	289749.0	59.0	False	True
Superhero	Superhero	Lauv	[]	2018-08-30	179997.0	50.0	False	True
Stay	Stay	Zedd	['edm']	2017-02-23	210090.0	71.0	False	True
Downtown Baby	Downtown Baby	Rtee	['v-pop', 'vietnamese hip hop', 'vietnam indie', 'vietnamese lo-fi']	2021-03-20	197035.0	21.0	False	True
Going Bad (feat. Drake)	Championships	Meek Mill	['rap']	2018-11-30	180522.0	72.0	True	True
Nights Like This (feat. Ty Dolla $ign)	While We Wait	Kehlani	[]	2019-02-22	201787.0	68.0	True	True
Nhìn Vậy Mà Không Phải Vậy		Orange						
Glitch Mode	Glitch Mode - The 2nd Album	NCT DREAM	['k-pop']	2022-03-28	207053.0	50.0	False	True
MẾU MÁO (T.T)	3 (tuyển tập nhạc Ngọt mới trẻ sôi động 2019)	Ngọt	['vietnam indie', 'v-pop', 'vietnamese hip hop']	2019-06-10	217113.0	32.0	False	True
24h	24h	Lyly	['v-pop', 'vietnamese hip hop', 'vietnamese lo-fi', 'vietnam indie']	2020-10-28	257000.0	50.0	False	True
Lil’ Touch	Lil' Touch - The 1st Single	Girls' Generation-Oh!GG	['k-pop']	2018-09-05	189846.0	49.0	False	True
Salt	Heaven & Hell	Ava Max	[]	2020-09-18	180283.0	64.0	False	True
Power Up	Summer Magic - Summer Mini Album	Red Velvet	['k-pop']	2018-08-06	202040.0	50.0	False	True
Đìu Anh Luôn Giữ Kín Trong Tym	Đìu Anh Luôn Giữ Kín Trong Tym	RPT MCK	['vietnamese hip hop', 'v-pop', 'vietnam indie']	2021-07-16	176000.0	43.0	False	True
28 (feat. NiiHWA)	D-2	Agust D	['k-pop', 'k-rap']	2020-05-22	133673.0	57.0	True	True
Bigger Than The Whole Sky	Midnights (3am Edition)	Taylor Swift	[]	2022-10-22	218502.0	61.0	False	True
I Don't Do Drugs (feat. Ariana Grande)	Planet Her	Doja Cat	[]	2021-06-25	188893.0	60.0	True	True
Mặt Trăng	Nữ Thần Mặt Trăng (Mônangel)	Bùi Lan Hương	['v-pop', 'vietnam indie']	2023-10-21	268846.0	28.0	False	True
Blue Side (Outro)	Hope World	j-hope	['k-pop', 'k-rap']	2018-03-02	90539.0	57.0	False	True
Tết Real Khum?	Tết Real Khum?	Wowy	['vietnamese hip hop', 'v-pop']	2022-01-05	218216.0	33.0	False	True
Outta My Head (with John Mayer)	Free Spirit	Khalid	[]	2019-04-05	177066.0	56.0	False	True
Tattoos Together	~how i'm feeling~	Lauv	[]	2020-03-06	186613.0	55.0	True	True
No Guidance (feat. Drake)	Indigo	Chris Brown	['r&b']	2019-06-28	260640.0	72.0	True	True
LALALAY	LALALAY	SUNMI	['k-pop']	2019-08-27	174880.0	43.0	False	True
Pray For Me	The Highlights	The Weeknd	[]	2021-02-05	211420.0	74.0	True	True
MÀU (đen trắng)	3 (tuyển tập nhạc Ngọt mới trẻ sôi động 2019)	Ngọt	['vietnam indie', 'v-pop', 'vietnamese hip hop']	2019-06-10	216899.0	33.0	False	True
Hết Nhạc Con Về	Hết Nhạc Con Về	Duy B	['vinahouse', 'vietnamese hip hop', 'v-pop']	2021-04-22	193548.0	27.0	False	True
Just One Day	Skool Luv Affair	BTS	['k-pop']	2014-02-12	239469.0	64.0	False	True
Cho Không	No Nê	Suboi	['vietnamese hip hop', 'v-pop', 'vietnam indie']	2021-07-15	201047.0	17.0	False	True
hoax	folklore	Taylor Swift	[]	2020-07-24	220042.0	60.0	False	True
0X1=LOVESONG (I Know I Love You) feat. Seori	The Chaos Chapter: FREEZE	TOMORROW X TOGETHER	['k-pop']	2021-05-31	202203.0	65.0	False	True
Ngủ Đi Để Thấy Nhau Còn Hồn Nhiên	25	Hoàng Dũng	['v-pop', 'vietnam indie', 'vietnamese lo-fi', 'vietnamese hip hop']	2020-12-16	350978.0	18.0	False	True
Mộng Du	Qua Khung Cửa Sổ	Chillies	['v-pop', 'vietnam indie', 'vietnamese lo-fi', 'vietnamese hip hop']	2021-05-05	240000.0	30.0	False	True
Dancin - Krono Remix	Ibiza 2019	Aaron Smith	[]	2019-11-11	256000.0	70.0	False	True
Farewell, Neverland	The Name Chapter: TEMPTATION	TOMORROW X TOGETHER	['k-pop']	2023-01-27	180676.0	58.0	False	True
Boys Will Be Boys	Future Nostalgia	Dua Lipa	['pop']	2020-03-27	166266.0	51.0	False	True
Độ Ta Không Độ Nàng	Khánh Phương Super Collection	Khánh Phương	['v-pop', 'vinahouse', 'vietnamese bolero', 'vietnamese lo-fi']	2022-02-01	246136.0	19.0	False	True
Leader	Stardom	Vũ Cát Tường	['v-pop', 'vietnam indie']	2018-10-18	189952.0	8.0	False	True
Lullaby	The Wave	R3HAB	['slap house', 'edm']	2018-08-24	160183.0	55.0	False	True
No Internet	No Internet	7UPPERCUTS	['vietnam indie', 'v-pop', 'vietnamese hip hop']	2020-12-23	185161.0	34.0	False	True
Naked	YOU	James Arthur	['soft pop']	2019-10-18	233400.0	65.0	False	True
My Little Love	30	Adele	['soft pop']	2021-11-19	389107.0	60.0	False	True
Cheap Thrills	This Is Acting	Sia	[]	2016-01-29	211666.0	75.0	False	True
Drama Queen	Drama Queen	Bích Phương	['v-pop', 'vietnamese hip hop', 'vietnamese lo-fi', 'vinahouse', 'vietnam indie']	2018-10-22	275478.0	13.0	False	True
Hongkong1 - Official Version - Original		Nguyễn Trọng Tài						
Silence	Silence	Marshmello	['edm']	2017-08-11	180822.0	74.0	False	True
Dear my friend (feat. Kim Jong Wan of NELL)	D-2	Agust D	['k-pop', 'k-rap']	2020-05-22	292078.0	56.0	True	True
Finesse - Remix; feat. Cardi B	Finesse (Remix) [feat. Cardi B]	Bruno Mars	[]	2017-12-20	217288.0	73.0	False	True
Tune Of Joy		MaziteLo						
Nói Dối (feat. HIEUTHUHAI)	Nói Dối (feat. HIEUTHUHAI)	Pháo	['v-pop', 'vinahouse', 'vietnamese hip hop']	2021-12-23	199114.0	34.0	False	True
Like Water	Like Water - The 1st Mini Album	WENDY	['k-ballad', 'k-pop']	2021-04-05	261013.0	47.0	False	True
Sleep In My Time		MaziteLo						
Stay Tonight	Querencia	CHUNG HA	['k-pop']	2021-02-15	217238.0	48.0	False	True
Finding Your Strength		MaziteLo						
Tiến Hoá (feat. Ricky Star)	Rap Việt Tập 15	RAP VIỆT	['vietnamese hip hop', 'v-pop']	2020-11-08	171428.0	12.0	False	True
Easy Moves		MaziteLo						
Dive - KR Ver.		iKON						
ai buồn giơ tay	Over The Moon	MONSTAR	['v-pop', 'vietnam indie']	2021-08-01	192773.0	17.0	False	True
Beautiful Chances		MaziteLo						
Darl+ing	SEVENTEEN 4th Album 'Face the Sun'	SEVENTEEN	['k-pop']	2022-05-27	176560.0	60.0	False	True
Girls Want Girls (with Lil Baby)	Certified Lover Boy	Drake	['rap', 'hip hop']	2021-09-03	221979.0	72.0	True	True
Còn Thương Thì Không Để Em Khóc	Còn Thương Thì Không Để Em Khóc	Miu Lê	['v-pop', 'vietnamese hip hop', 'vinahouse', 'vietnamese lo-fi']	2019-12-26	292500.0	37.0	False	True
Người Em Từng Yêu	Người Em Từng Yêu	Ngân Ngân	['vinahouse', 'v-pop', 'vietnamese lo-fi', 'vietnamese bolero']	2022-09-15	232847.0	26.0	False	True
Uh-Oh	Uh-Oh	(G)I-DLE	['k-pop']	2019-06-26	207600.0	53.0	False	True
Anh Đếch Cần Gì Nhiều Ngoài Em - dongvui harmony	dongvui harmony	Đen	['v-pop', 'vietnamese hip hop', 'vietnam indie', 'vietnamese lo-fi']	2022-11-09	341205.0	28.0	False	True
Lucky You (feat. Joyner Lucas)	Kamikaze	Eminem	['rap', 'hip hop']	2018-08-31	244679.0	67.0	True	True
Kick It	NCT #127 Neo Zone - The 2nd Album	NCT 127	['k-pop']	2020-03-06	233013.0	56.0	False	True
Đừng Tin Her	Đừng Tin Her	B Ray	['vietnamese hip hop', 'v-pop', 'vinahouse', 'vietnam indie']	2020-12-04	213350.0	33.0	True	True
peace	folklore	Taylor Swift	[]	2020-07-24	234000.0	61.0	True	True
Death By A Thousand Cuts	Lover	Taylor Swift	[]	2019-08-23	198533.0	67.0	False	True
Happy Fools (feat. Coi Leray)	The Name Chapter: TEMPTATION	TOMORROW X TOGETHER	['k-pop']	2023-01-27	155753.0	49.0	False	True
Mưa Cứ Rơi	Mưa Cứ Rơi	Mr.A	['vietnamese hip hop', 'v-pop', 'vinahouse', 'vietnam indie']	2022-12-10	177333.0	48.0	False	True
Our Song	Therapy	Anne-Marie	[]	2021-07-23	163733.0	57.0	False	True
Holly Jolly Christmas	Christmas (Deluxe Special Edition)	Michael Bublé	['christmas']	2012-11-09	119786.0	66.0	False	True
Angels Like You	Plastic Hearts	Miley Cyrus	[]	2020-11-27	196453.0	76.0	False	True
Yellow Hearts	Yellow Hearts	Ant Saunders	[]	2019-06-18	223257.0	55.0	False	True
LAVIE	LAVIE	WEAN	['v-pop', 'vietnamese hip hop', 'vietnam indie', 'vietnamese lo-fi']	2020-11-13	200007.0	33.0	False	True
Nu Hon Danh Roi - OST Thang Nam Ruc Ro - Original	Nu Hon Danh Roi - OST Thang Nam Ruc Ro (Original)	Hoàng Yến Chibi	['v-pop', 'vietnamese hip hop', 'vietnamese lo-fi', 'vietnam indie']	2018-05-09	276600.0	21.0	False	True
bad idea	thank u, next	Ariana Grande	['pop']	2019-02-08	267106.0	62.0	False	True
Thiên Hà Trước Hiên Nhà	Thiên Hà Trước Hiên Nhà	Datmaniac	['vietnamese hip hop', 'vietnam indie', 'v-pop']	2021-02-06	241889.0	28.0	False	True
Get You The Moon (feat. Snøw)	Get You The Moon (feat. Snøw)	Kina	[]	2018-10-08	179080.0	70.0	False	True
Da Lau Roi		Cheung						
Intro 2022	SKY DECADE	Sơn Tùng M-TP	['v-pop', 'vinahouse', 'vietnamese hip hop']	2022-10-06	83240.0	33.0	False	True
Everything Goes On	Everything Goes On	Porter Robinson	['edm', 'electronic']	2022-07-14	202821.0	56.0	False	True
In the Name of Love	In the Name of Love	Martin Garrix	['edm', 'electronica', 'progressive house']	2016-07-29	195706.0	74.0	False	True
Tie Me Down	SUMMER LOUNGE 2020	Gryffin	['edm', 'melodic bass']	2020-05-29	218239.0	46.0	False	True
Let Go	FACE YOURSELF	BTS	['k-pop']	2018-04-04	299706.0	56.0	False	True
Hot Sauce	Hot Sauce - The 1st Album	NCT DREAM	['k-pop']	2021-05-10	195813.0	55.0	False	True
U Mê Em	U Mê Em	Kay Trần	['v-pop', 'vietnamese hip hop']	2022-11-30	210285.0	19.0	False	True
Paris	Midnights (3am Edition)	Taylor Swift	[]	2022-10-22	196258.0	60.0	False	True
NOEL Biết Yêu	NOEL Biết Yêu	Tiên Tiên	['v-pop', 'vietnam indie', 'vinahouse', 'vietnamese lo-fi']	2022-12-10	185379.0	19.0	False	True
Lonely Together (feat. Rita Ora)	AVĪCI (01)	Avicii	['edm']	2017-08-10	181812.0	68.0	False	True
This Is America	This Is America	Childish Gambino	[]	2018-05-06	225773.0	64.0	True	True
LO$ER=LO♡ER	The Chaos Chapter: FIGHT OR ESCAPE	TOMORROW X TOGETHER	['k-pop']	2021-08-17	199919.0	64.0	False	True
Đêm Hôm Qua	Gieo	Ngọt	['vietnam indie', 'v-pop', 'vietnamese hip hop']	2022-11-25	228084.0	34.0	False	True
Người Lạ Ơi - Hoaprox Remix		Châu Đăng Khoa						
Tỉnh Giấc Khi Ông Trời Đang Ngủ	Tỉnh Giấc Khi Ông Trời Đang Ngủ	TRANG	['vietnam indie', 'v-pop']	2019-09-19	244000.0	21.0	False	True
False God	Lover	Taylor Swift	[]	2019-08-23	200306.0	68.0	False	True
Tuý Hoạ - Remix	Tuý Hoạ (Remix)	VINA BẤT DIỆT	['vinahouse']	2024-01-17	268265.0	6.0	False	True
BOY	THE FIRST STEP : TREASURE EFFECT	TREASURE	['k-pop']	2021-01-11	196666.0	50.0	False	True
working	working	Tate McRae	[]	2021-06-17	210219.0	55.0	True	True
To Be Loved	30	Adele	['soft pop']	2021-11-19	403961.0	60.0	False	True
End Game	reputation	Taylor Swift	[]	2017-11-10	244826.0	69.0	False	True
Bỏ Em Vào Balo (Lofi Ver.)	Bỏ Em Vào Balo (Lofi Ver.)	Tân Trần	['vietnamese lo-fi', 'vinahouse', 'v-pop', 'vietnam indie', 'lo-fi']	2021-07-11	186885.0	35.0	False	True
Gu Của Anh Là Châu Á (feat. Yuno Bigboi)	Rap Việt Tập 14	RAP VIỆT	['vietnamese hip hop', 'v-pop']	2020-11-03	180000.0	13.0	False	True
come out and play	come out and play	Billie Eilish	[]	2018-11-20	210375.0	65.0	False	True
My Universe - Acoustic Version	My Universe	Coldplay	[]	2021-09-27	223268.0	44.0	False	True
Sacrifice	Sacrifice	Bebe Rexha	[]	2021-03-05	160871.0	45.0	False	True
Pretty Girl - Cheat Codes X CADE Remix	Pretty Girl (Cheat Codes X CADE Remix)	Maggie Lindemann	[]	2017-03-02	193613.0	61.0	True	True
MONOPOLY (with Victoria Monét)	MONOPOLY	Ariana Grande	['pop']	2019-04-01	158586.0	56.0	True	True
Some	Red Diary Page.1	BOL4	['k-pop', 'k-ballad']	2017-09-28	181373.0	63.0	False	True
I Don't Know	LAVIE	WEAN	['v-pop', 'vietnamese hip hop', 'vietnam indie', 'vietnamese lo-fi']	2020-12-18	247426.0	25.0	False	True
STEREOTYPE	STEREOTYPE	STAYC	['k-pop']	2021-09-06	191695.0	56.0	False	True
Tomorrow	Tomorrow	Vũ Cát Tường	['v-pop', 'vietnam indie']	2020-06-04	265116.0	17.0	False	True
Look Alive (feat. Drake)	Simi	BlocBoy JB	['memphis rap']	2018-05-04	181414.0	64.0	True	True
End of Time	End of Time	K-391	[]	2020-03-06	187560.0	59.0	False	True
Vùng Lá Me Bay	Tuyển Tập Các Ca Khúc Trữ Tình Dương Hồng Loan	Dương Hồng Loan	['vietnamese bolero', 'bolero', 'traditional music']	2021-09-17	262623.0	19.0	False	True
TWIT	TWIT	HWASA	['k-pop']	2019-02-13	190785.0	51.0	False	True
Come & Go (with Marshmello)	Legends Never Die	Juice WRLD	['melodic rap', 'emo rap']	2020-07-10	205484.0	72.0	True	True
Gieo	Gieo	Ngọt	['vietnam indie', 'v-pop', 'vietnamese hip hop']	2022-11-25	207516.0	33.0	False	True
edamame	eat ya veggies	bbno$	['meme rap']	2021-10-08	133706.0	72.0	True	True
Bad To You (with Normani & Nicki Minaj)	Charlie's Angels (Original Motion Picture Soundtrack)	Ariana Grande	['pop']	2019-11-01	171840.0	46.0	False	True
I Don't Think I'm Okay	I Don't Think I'm Okay	Bazzi	[]	2020-07-09	176250.0	43.0	False	True
Falling	Fine Line	Harry Styles	[]	2019-12-13	240133.0	75.0	False	True
Soon You’ll Get Better (feat. The Chicks)	Lover	Taylor Swift	[]	2019-08-23	201586.0	61.0	False	True
Roi Mot Ngay	Roi Mot Ngay	Dewie	['vietnamese hip hop', 'v-pop', 'melodic rap']	2022-11-17	174361.0	37.0	False	True
Summer Feelings (feat. Charlie Puth) - From 'SCOOB!' The Album	Summer Feelings (feat. Charlie Puth)	Lennon Stella	[]	2020-04-23	160289.0	53.0	False	True
What’s Next	Scary Hours 2	Drake	['rap', 'hip hop']	2021-03-05	178153.0	63.0	True	True
Baila Conmigo (with Rauw Alejandro)	Revelación - EP	Selena Gomez	['pop']	2021-03-12	186087.0	61.0	False	True
AH YEAH - KR Ver.		WINNER						
Charlie Be Quiet!	CHARLIE	Charlie Puth	['soft pop', 'pop']	2022-10-06	128364.0	46.0	False	True
I'm Not Here To Make Friends	Gloria	Sam Smith	['soft pop']	2023-01-27	229604.0	60.0	False	True
Về Nhà Ăn Tết	Về Nhà Ăn Tết	BigDaddy	['v-pop', 'vietnamese hip hop', 'vinahouse', 'vietnam indie']	2017-01-25	241384.0	37.0	False	True
Polaroid	Blue	Jonas Blue	['tropical house']	2018-11-09	193377.0	62.0	False	True
ถ้าเธอรักใครคนหนึ่ง OST.บุพเพสันนิวาส 2	ถ้าเธอรักใครคนหนึ่ง - Single	Ink Waruntorn	['thai pop', 't-pop', 'thai indie pop']	2022-07-14	246434.0	40.0	False	True
căn gác mùa hè (sweet summer)	CITOPIA	Phùng Khánh Linh	['v-pop', 'vietnam indie', 'city pop']	2022-11-11	191105.0	30.0	False	True
Streets	Hot Pink	Doja Cat	[]	2019-11-07	226986.0	79.0	True	True
Lost in the Fire (feat. The Weeknd)	Hyperion	Gesaffelstein	[]	2019-03-08	202093.0	78.0	True	True
Dynamite (Poolside Remix)	Dynamite (DayTime Version)	BTS	['k-pop']	2020-08-28	182591.0	38.0	False	True
Lonely Love	Lonely Love	Trang Hàn	['vietnam indie', 'v-pop', 'vietnamese lo-fi']	2018-09-12	212432.0	27.0	False	True
Over Now (with The Weeknd)	Over Now (with The Weeknd)	Calvin Harris	['edm']	2020-08-28	210795.0	58.0	True	True
All Too Well (10 Minute Version) (Taylor's Version) (From The Vault)	Red (Taylor's Version)	Taylor Swift	[]	2021-11-12	613026.0	75.0	True	True
Connection	Connection	OneRepublic	['soft pop']	2018-06-26	148459.0	52.0	False	True
Really	SQUARE UP	BLACKPINK	['k-pop']	2018-06-15	197789.0	52.0	False	True
Don't Check On Me (feat. Justin Bieber & Ink)	Indigo	Chris Brown	['r&b']	2019-06-28	204880.0	54.0	False	True
Getting Over You	I met you when I was 18. (the playlist)	Lauv	[]	2018-05-31	255885.0	49.0	False	True
Xin loi anh qua phien	Ten On Ten	Đông Nhi	['v-pop', 'vinahouse']	2018-12-13	245161.0	13.0	False	True
MIA	X 100PRE	Bad Bunny	['reggaeton', 'trap latino', 'latin', 'urbano latino']	2018-12-23	210367.0	71.0	False	True
Thay Doi	Door To Nowhere	Thịnh Suy	['v-pop', 'vietnam indie', 'vietnamese lo-fi']	2022-11-17	178512.0	39.0	False	True
gold rush	evermore	Taylor Swift	[]	2020-12-11	185320.0	62.0	True	True
SEE U LATER - KR Ver.		BLACKPINK						
Best Of Me	Love Yourself 承 'Her'	BTS	['k-pop']	2017-09-18	227191.0	62.0	False	True
Would've, Could've, Should've	Midnights (3am Edition)	Taylor Swift	[]	2022-10-22	260361.0	62.0	False	True
Em Gái Quê	Em Gái Quê	K-ICM	['v-pop', 'vinahouse', 'vietnam indie', 'vietnamese lo-fi', 'vietnamese hip hop']	2021-12-13	248571.0	6.0	False	True
Nobody Gets Me	SOS	SZA	['r&b']	2022-12-09	180853.0	83.0	True	True
Motivation	Motivation	Normani	[]	2019-08-16	193837.0	61.0	False	True
I'll Never Love Again - Extended Version	A Star Is Born Soundtrack	Lady Gaga	['art pop', 'pop']	2018-10-05	328893.0	60.0	False	True
Youth (feat. Khalid)	Shawn Mendes	Shawn Mendes	['pop']	2018-05-25	190866.0	57.0	False	True
RBB (Really Bad Boy)	RBB - The 5th Mini Album	Red Velvet	['k-pop']	2018-11-30	188785.0	49.0	False	True
Six Feet Under	Six Feet Under	Billie Eilish	[]	2016-11-17	189613.0	70.0	False	True
1 Cọng Tóc Mai (feat. Touliver)	CONG	Tóc Tiên	['v-pop', 'vietnamese lo-fi', 'vietnam indie', 'vietnamese bolero']	2022-11-01	202105.0	17.0	False	True
Can't You See Me?	The Dream Chapter: ETERNITY	TOMORROW X TOGETHER	['k-pop']	2020-05-18	201445.0	55.0	False	True
Stardom	Stardom	Vũ Cát Tường	['v-pop', 'vietnam indie']	2018-10-18	214613.0	13.0	False	True
I Love It (& Lil Pump)	I Love It	Kanye West	['rap']	2018-09-07	127946.0	66.0	True	True
Power is Power (feat. The Weeknd & Travis Scott)	For The Throne (Music Inspired by the HBO Series Game of Thrones)	SZA	['r&b']	2019-04-26	211266.0	58.0	False	True
Thế Là Tết	Thế Là Tết	Đức Phúc	['v-pop', 'vinahouse', 'vietnam indie']	2018-01-16	274207.0	38.0	False	True
I LOVE YOU	THE FIRST STEP : TREASURE EFFECT	TREASURE	['k-pop']	2021-01-11	181618.0	51.0	False	True
Hey, Mickey!	Hey, Mickey!	Baby Tate	[]	2016-09-27	115555.0	63.0	False	True
Anh Đừng Đi	Anh Đừng Đi	Lyly	['v-pop', 'vietnamese hip hop', 'vietnamese lo-fi', 'vietnam indie']	2021-02-19	261034.0	23.0	False	True
NASA	thank u, next	Ariana Grande	['pop']	2019-02-08	182000.0	59.0	False	True
Good Days	SOS	SZA	['r&b']	2022-12-09	278480.0	78.0	True	True
Be A Fool	Stardom	Vũ Cát Tường	['v-pop', 'vietnam indie']	2018-10-18	235434.0	17.0	False	True
Smells Like Me	CHARLIE	Charlie Puth	['soft pop', 'pop']	2022-10-07	204079.0	42.0	False	True
gogobebe	White Wind	MAMAMOO	['k-pop']	2019-03-14	195855.0	52.0	False	True
LẦN CUỐI (đi bên em xót xa người ơi)	3 (tuyển tập nhạc Ngọt mới trẻ sôi động 2019)	Ngọt	['vietnam indie', 'v-pop', 'vietnamese hip hop']	2019-06-10	222846.0	52.0	False	True
Một Triệu Năm Ánh Sáng	Một Triệu Năm Ánh Sáng	Vũ Cát Tường	['v-pop', 'vietnam indie']	2020	199058.0	24.0	False	True
Celestial	Celestial	Ed Sheeran	['soft pop']	2022-09-29	209026.0	63.0	False	True
Different World (feat. CORSAK)	Different World	Alan Walker	[]	2018-12-14	202906.0	54.0	False	True
Stay With Me (with Justin Timberlake, Halsey, & Pharrell)	Stay With Me (with Justin Timberlake, Halsey, & Pharrell)	Calvin Harris	['edm']	2022-07-15	229282.0	54.0	False	True
Egotistic	RED MOON	MAMAMOO	['k-pop']	2018-07-16	196018.0	55.0	False	True
Anxiety (with Selena Gomez)	Inner Monologue Part 1	Julia Michaels	[]	2019-01-24	210146.0	47.0	True	True
High Infidelity	Midnights (3am Edition)	Taylor Swift	[]	2022-10-22	231475.0	59.0	False	True
FIANCÉ	XX	MINO	['k-rap', 'k-pop']	2018-11-26	207986.0	45.0	False	True
Tết Về Sớm Nhé	Tết Về Sớm Nhé	Phan Mạnh Quỳnh	['v-pop', 'vietnam indie']	2020-01-01	187164.0	36.0	False	True
Cry Your Heart Out	30	Adele	['soft pop']	2021-11-19	255278.0	57.0	False	True
Up All Night	Up All Night	Khalid	[]	2019-11-14	157220.0	50.0	False	True
21st Century Girl	Wings	BTS	['k-pop']	2016-10-10	192596.0	57.0	False	True
Đơn Giản - Champagne Shots Remix		Low G						
Tương Tư	Tương Tư	Táo	['vietnamese hip hop', 'v-pop', 'vietnam indie', 'vietnamese lo-fi']	2020-11-27	225818.0	24.0	False	True
Laugh Now Cry Later (feat. Lil Durk)	Laugh Now Cry Later (feat. Lil Durk)	Drake	['rap', 'hip hop']	2020-08-14	261492.0	71.0	True	True
Sick enough to die (Feat. JAMIE)	20th Anniversary Edition ‘Dark Hole’	MC MONG	['k-ballad', 'k-rap']	2021-12-30	270906.0	38.0	False	True
1999	1999	Charli xcx	['hyperpop', 'art pop']	2018-10-05	189000.0	56.0	False	True
REALLY - KR Ver.		BLACKPINK						
Khúc Giao Mùa	Gala Nhạc Việt 7: Tết Trong Tâm Hồn	Trung Quân	['v-pop', 'vietnam indie', 'vietnamese lo-fi']	2016-01-22	249478.0	41.0	False	True
Cho Ngày Không Còn Nhau	Cho Ngày Không Còn Nhau	T.R.I	['v-pop', 'vietnamese lo-fi', 'vietnam indie', 'vietnamese hip hop']	2021-10-05	237335.0	20.0	False	True
Life's Too Short (English Version)	Life's Too Short	aespa	['k-pop']	2022-06-24	178133.0	51.0	False	True
San Francisco	Stardom	Vũ Cát Tường	['v-pop', 'vietnam indie']	2018-10-18	227242.0	19.0	False	True
HOLO	HOLO	LeeHi	['k-ballad', 'k-pop']	2020-07-23	178520.0	51.0	False	True
Look Back at It	Hoodie SZN	A Boogie Wit da Hoodie	['melodic rap']	2018-12-21	179449.0	70.0	True	True
Chưa Từng Vì Nhau	Thương	Karik	['v-pop', 'vietnamese hip hop', 'vietnam indie', 'vietnamese lo-fi', 'vinahouse']	2022-07-04	247058.0	33.0	False	True
MILLIONS	WE	WINNER	['k-pop']	2019-07-31	210133.0	36.0	False	True
Feliz Navidad	The Definite Best	José Feliciano	['christmas', 'bolero']	2001-09-03	182360.0	65.0	False	True
Ridin'	Reload	NCT DREAM	['k-pop']	2020-04-29	201773.0	48.0	False	True
CHUÔNG BÁO THỨC (sáng rồi)	3 (tuyển tập nhạc Ngọt mới trẻ sôi động 2019)	Ngọt	['vietnam indie', 'v-pop', 'vietnamese hip hop']	2019-06-10	247873.0	32.0	False	True
How can I love the heartbreak, you're the one I love	SAILING	AKMU	['k-pop', 'k-ballad']	2019-09-25	290095.0	58.0	False	True
Bohemian Rhapsody - Remastered 2011	A Night At The Opera (2011 Remaster)	Queen	['classic rock', 'rock', 'glam rock']	1975-11-21	354320.0	76.0	False	True
Dreamer	More Than You Know	Axwell /\ Ingrosso	[]	2017-07-28	251147.0	59.0	False	True
All Night Parking (with Erroll Garner) Interlude	30	Adele	['soft pop']	2021-11-19	161829.0	58.0	False	True
Dance To This (feat. Ariana Grande)	Bloom	Troye Sivan	[]	2018-08-31	231846.0	62.0	False	True
Anti-Romantic	The Chaos Chapter: FREEZE	TOMORROW X TOGETHER	['k-pop']	2021-05-31	215188.0	58.0	False	True
Ngổn Ngang	LOV6	Rhymastic	['v-pop', 'vietnamese hip hop', 'vietnam indie', 'vinahouse', 'vietnamese lo-fi']	2022-09-15	194600.0	34.0	False	True
Tôi Là Ai Trong Em (Đồi Thông) (Taxi! Em Tên Gì Ost)		ERIK						
Dicki Track Anedr		William Laura IiO						
Fuck it I love you	Norman Fucking Rockwell!	Lana Del Rey	[]	2019-08-30	218287.0	63.0	True	True
TIKI TAKA	Re:T-ARA	T-ARA	['k-pop']	2021-11-15	196866.0	28.0	False	True
Sau Chia Tay Ta Còn Gì?	Một Vạn Năm	Vũ.	['v-pop', 'vietnam indie', 'vietnamese lo-fi']	2022-09-09	281700.0	34.0	False	True
My Oasis (feat. Burna Boy)	Love Goes	Sam Smith	['soft pop']	2020-10-30	179916.0	57.0	False	True
Where's My Love - Piano Solo	Where's My Love	SYML	[]	2017-07-07	274493.0	50.0	False	True
Dối Lừa (Qinn Remix)	Dối Lừa (Qinn Remix)	Qinn Media	['vinahouse', 'vietnamese lo-fi', 'v-pop']	2023-03-13	300011.0	38.0	False	True
Close Your Eyes	Close Your Eyes	Felix Jaehn	['tropical house']	2019-11-22	160794.0	53.0	False	True
cô đơn sớm tối	yesteryear (deluxe)	Phùng Khánh Linh	['v-pop', 'vietnam indie', 'city pop']	2021-09-02	261573.0	12.0	False	True
Starving	Starving	Hailee Steinfeld	[]	2016-07-22	181880.0	69.0	False	True
Anh Vẫn OK (feat. RPT MCK)	Rap Việt, Vòng 1	RAP VIỆT	['vietnamese hip hop', 'v-pop']	1900-01-01	195789.0	37.0	False	True
Lacey Trail Ingv		William Laura IiO						
Cuộc Đối Thoại Không Hồi Kết (feat. Mạc Mai Sương)	Một Vạn Năm	Vũ.	['v-pop', 'vietnam indie', 'vietnamese lo-fi']	2022-09-09	275300.0	32.0	False	True
Only You (with Little Mix)	Only You (with Little Mix)	Cheat Codes	[]	2018-06-22	189401.0	50.0	False	True
(sau đây là) DỰ BÁO THỜI TIẾT (cho các vùng vào ngày mai)	3 (tuyển tập nhạc Ngọt mới trẻ sôi động 2019)	Ngọt	['vietnam indie', 'v-pop', 'vietnamese hip hop']	2019-06-10	198753.0	28.0	False	True
First Love	Wings	BTS	['k-pop']	2016-10-10	189795.0	50.0	False	True
Eleven (feat. Summer Walker)	Eleven (feat. Summer Walker)	Khalid	[]	2020-05-01	206080.0	58.0	False	True
Glitch	Midnights (3am Edition)	Taylor Swift	[]	2022-10-22	148781.0	57.0	False	True
Wake Up in the Sky	Wake Up in the Sky	Gucci Mane	['southern hip hop', 'rap', 'trap']	2018-09-14	204664.0	68.0	True	True
Howell Station Ssgar		William Laura IiO						
forever rain	mono.	RM	['k-pop', 'k-rap']	2018-10-23	271805.0	53.0	False	True
Alyce Branch Ema		William Laura IiO						
Người Khác (pianoRnB)		Unknown Artist						
g9 (Outro)	dreaAMEE	AMEE	['v-pop', 'vietnamese hip hop', 'vietnam indie', 'vietnamese lo-fi']	2020-06-20	88767.0	21.0	False	True
It’s Nice To Have A Friend	Lover	Taylor Swift	[]	2019-08-23	150440.0	60.0	False	True
Em Ve Tinh Khoi	Da khuc duong cam - Le Hieu acoustic	Lê Hiếu	['v-pop', 'vietnam indie', 'vietnamese bolero', 'vietnamese hip hop', 'vinahouse']	2010-05-17	318093.0	24.0	False	True
Đoản Xuân Ca	Bao Giờ Lấy Chồng	Bích Phương	['v-pop', 'vietnamese hip hop', 'vietnamese lo-fi', 'vinahouse', 'vietnam indie']	2017-01-16	205505.0	41.0	False	True
Set Fire to the Rain	21	Adele	['soft pop']	2011-01-24	242973.0	78.0	False	True
Hold On	30	Adele	['soft pop']	2021-11-19	366004.0	58.0	False	True
Nobody	Stardom	Vũ Cát Tường	['v-pop', 'vietnam indie']	2018-10-18	325979.0	17.0	False	True
Run (feat. Ed Sheeran) (Taylor’s Version) (From The Vault)	Red (Taylor's Version)	Taylor Swift	[]	2021-11-12	240226.0	59.0	False	True
Back to You (feat. Bebe Rexha & Digital Farm Animals)	Back to You (feat. Bebe Rexha & Digital Farm Animals)	Louis Tomlinson	[]	2017-07-21	190427.0	60.0	True	True
Cơn Mưa Ngang Qua - Remix 2022	Cơn Mưa Ngang Qua (Remix 2022)	Sơn Tùng M-TP	['v-pop', 'vinahouse', 'vietnamese hip hop']	2022-07-06	233365.0	32.0	False	True
Gimme Love	Nectar	Joji	[]	2020-09-24	214557.0	65.0	False	True
Con La Brisa	Black Panther: Wakanda Forever - Music From and Inspired By	Foudeqush	[]	2022-11-11	167386.0	58.0	False	True
Vung la Me Bay		Vo Vinh Du						
Sự Im Lặng Dễ Chịu (New Version)	Hết Yêu...Từ Bao Giờ	Lê Hiếu	['v-pop', 'vietnam indie', 'vietnamese bolero', 'vietnamese hip hop', 'vinahouse']	2024-11-27	227882.0	15.0	False	True
Sticker	Sticker - The 3rd Album	NCT 127	['k-pop']	2021-09-17	227773.0	49.0	False	True
Girls (feat. Charli XCX, Cardi B & Bebe Rexha)	Phoenix (Deluxe)	Rita Ora	[]	2018-11-23	221153.0	31.0	True	True
Không Còn Mùa Thu	Tình Ca Mùa Thu	Hoàng Dũng	['v-pop', 'vietnam indie', 'vietnamese lo-fi', 'vietnamese hip hop']	2018-09-21	237355.0	19.0	False	True
Me & You	WE	EXID	['k-pop']	2019-05-15	203506.0	40.0	False	True
‘tis the damn season	evermore (deluxe version)	Taylor Swift	[]	2021-01-07	229840.0	59.0	False	True
Chắc Ai Đó Sẽ Về	m-tp M-TP	Sơn Tùng M-TP	['v-pop', 'vinahouse', 'vietnamese hip hop']	2017-04-01	262164.0	50.0	False	True
Hardest To Love	After Hours	The Weeknd	[]	2020-03-20	211400.0	61.0	True	True
Hạ Còn Vương Nắng - Lofi Chill		Vu Trung Quan						
Sanctuary	Nectar	Joji	[]	2020-09-24	180018.0	71.0	False	True
Better	Nobody Is Listening	ZAYN	[]	2021-01-15	174520.0	51.0	False	True
Whenever (feat. Conor Maynard)	Whenever (feat. Conor Maynard)	Kris Kross Amsterdam	[]	2018-06-22	163636.0	52.0	True	True
Lúc Em Cần Anh Đang Ở Đâu	Lúc Em Cần Anh Đang Ở Đâu	Bảo Uyên	['v-pop', 'vinahouse', 'vietnamese lo-fi']	2022-10-06	318545.0	33.0	False	True
Punch	NCT #127 Neo Zone: The Final Round – The 2nd Album Repackage	NCT 127	['k-pop']	2020-05-19	204000.0	38.0	False	True
Rock with you	SEVENTEEN 9th Mini Album 'Attacca'	SEVENTEEN	['k-pop']	2021-10-22	180360.0	64.0	False	True
LA DI DA	-77.82x-78.29	EVERGLOW	['k-pop']	2020-09-21	210893.0	57.0	False	True
Trong Tri Nho Cua Anh Cover - Original	Trong Tri Nho Cua Anh Cover (Original)	ERIK	['v-pop', 'vietnamese lo-fi', 'vinahouse', 'vietnam indie']	2018-05-25	251448.0	38.0	False	True
_WORLD	SEVENTEEN 4th Album Repackage 'SECTOR 17'	SEVENTEEN	['k-pop']	2022-07-18	178453.0	61.0	False	True
Jocelyn Flores	17	XXXTENTACION	['emo rap']	2017-08-25	119133.0	76.0	True	True
Chasing Fire	I met you when I was 18. (the playlist)	Lauv	[]	2018-05-31	205267.0	57.0	False	True
Obsession	OBSESSION – The 6th Album	EXO	['k-pop']	2019-11-27	203520.0	55.0	False	True
BELIEVE IT	PARTYMOBILE	PARTYNEXTDOOR	['r&b']	2020-03-27	183219.0	59.0	True	True
Keira Springs Bsonc		David Sarah UuI						
Woman Like Me	30	Adele	['soft pop']	2021-11-19	300247.0	55.0	False	True
Gửi Anh Xa Nhớ (Beat)		Bích Phương						
Cool	Happiness Begins	Jonas Brothers	[]	2019-06-07	167106.0	54.0	False	True
Carolina - From The Motion Picture “Where The Crawdads Sing”	Carolina (From The Motion Picture “Where The Crawdads Sing”)	Taylor Swift	[]	2022-06-24	264438.0	59.0	False	True
Đường Về Quê	Gala Nhạc Việt 9: Chúc Tết Mọi Nhà	Bùi Anh Tuấn	['v-pop', 'vietnamese lo-fi']	2017-01-04	241673.0	42.0	False	True
Klein Lodge Sthe		David Sarah UuI						
(tôi) ĐI TRÚ ĐÔNG	3 (tuyển tập nhạc Ngọt mới trẻ sôi động 2019)	Ngọt	['vietnam indie', 'v-pop', 'vietnamese hip hop']	2019-06-10	245819.0	32.0	False	True
I Knew You Were Trouble (Taylor's Version)	Red (Taylor's Version)	Taylor Swift	[]	2021-11-12	219760.0	68.0	False	True
Violeta	HEART*IZ	IZ*ONE	['k-pop']	2019-04-01	200912.0	53.0	False	True
One Second - Unplugged	Trạm Không Gian Số 0 (Unplugged)	Vũ Cát Tường	['v-pop', 'vietnam indie']	2021	241734.0	19.0	False	True
HELLO	THE SECOND STEP : CHAPTER TWO	TREASURE	['k-pop']	2022-10-04	181432.0	55.0	False	True
Jewel Ford Ivi		David Sarah UuI						
Understand	MELOH	MELOH	['k-rap']	2021-01-02	160104.0	47.0	False	True
Buồn Của Anh	Buồn Của Anh	K-ICM	['v-pop', 'vinahouse', 'vietnam indie', 'vietnamese lo-fi', 'vietnamese hip hop']	2019-02-26	288008.0	39.0	False	True
Phiêu Lưu Ký (feat. Dế Choắt)	Rap Việt Tập 11	RAP VIỆT	['vietnamese hip hop', 'v-pop']	2020-10-16	204800.0	15.0	False	True
Deanna Junctions Ninl		David Sarah UuI						
Xui Hay Vui	Xui Hay Vui	tlinh	['v-pop', 'vietnamese hip hop', 'vietnam indie', 'vietnamese lo-fi', 'vinahouse']	2023-01-03	162947.0	33.0	False	True
Mùa Mưa Ngâu Nằm Cạnh	Mùa Mưa Ngâu Nằm Cạnh	Vũ.	['v-pop', 'vietnam indie', 'vietnamese lo-fi']	2018-03-28	271856.0	37.0	False	True
Garrick Crest Proh		David Sarah UuI						
Thơ	Thơ	Low G	['vietnamese hip hop', 'v-pop', 'vietnam indie']	2022-09-28	154286.0	29.0	False	True
Krazy (feat. EVY)	Krazy (feat. EVY)	Touliver	['v-pop', 'vietnamese hip hop', 'vinahouse', 'vietnam indie']	2018-01-31	228750.0	41.0	True	True
Gucci in Town	Stardom	Vũ Cát Tường	['v-pop', 'vietnam indie']	2018-10-18	257109.0	16.0	False	True
I Knew You Were Trouble.	Red (Big Machine Radio Release Special)	Taylor Swift	[]	2012-10-22	219720.0	72.0	False	True
Nhớ người yêu	Nhớ Người Yêu (Valentine Tình Yêu)	Dan Nguyen	['vietnamese bolero', 'bolero', 'vinahouse', 'v-pop']	2014-02-14	254563.0	22.0	False	True
Diễm Xưa	Diễm Xưa	Kiên Trịnh	['vietnam indie', 'v-pop']	2022-06-11	191492.0	35.0	False	True
Chắc Anh Đang (Remix)	Chắc Anh Đang (Remix)	Tiên Tiên	['v-pop', 'vietnam indie', 'vinahouse', 'vietnamese lo-fi']	2018-02-15	211696.0	13.0	False	True
When We Were Young	25	Adele	['soft pop']	2015-11-20	290900.0	74.0	False	True
Cùng Anh	Cùng Anh	Ngọc Dolil	['v-pop', 'vietnam indie', 'vietnamese hip hop', 'vinahouse']	2023-03-22	197513.0	33.0	False	True
Like It Is	Like It Is	Kygo	['tropical house']	2020-03-27	183067.0	50.0	False	True
Love Is A Game	30	Adele	['soft pop']	2021-11-19	403044.0	58.0	False	True
Hold Me Closer	Hold Me Closer	Elton John	[]	2022-08-26	202245.0	68.0	False	True
give it to me	Agust D	Agust D	['k-pop', 'k-rap']	2016-08-16	149524.0	59.0	True	True
I'll Be There	Always in Between (Deluxe)	Jess Glynne	[]	2018-10-12	194386.0	63.0	False	True
Queen of Hearts	BETWEEN 1&2	TWICE	['k-pop']	2022-08-26	186946.0	49.0	False	True
Burn It (feat. MAX)	D-2	Agust D	['k-pop', 'k-rap']	2020-05-22	192106.0	61.0	False	True
Người Đáng Thương Là Anh	Người Đáng Thương Là Anh	Only C	['v-pop', 'vietnamese hip hop', 'vinahouse', 'vietnamese lo-fi']	2022-08-03	291995.0	49.0	False	True
Em Không Quay Về	Hoàng Tôn: The Hits Collection	Hoàng Tôn	['v-pop', 'vietnamese hip hop', 'vinahouse']	2015-01-01	266933.0	45.0	False	True
Dẫu Nhớ Gấp Trăm Lần	Hôm Qua Hôm Nay Và Sau Này	Nguyên Hà	['v-pop', 'vietnam indie']	2020-10-06	214000.0	20.0	False	True
Christmas Tree - Inst.	Our Beloved Summer (Original Television Soundtrack), Pt. 5	V	['k-pop']	2021-12-24	209946.0	47.0	False	True
chiếc hộp	chiếc hộp	Bích Phương	['v-pop', 'vietnamese hip hop', 'vietnamese lo-fi', 'vinahouse', 'vietnam indie']	2021-11-11	216062.0	10.0	False	True
Celina	Celina	WEAN	['v-pop', 'vietnamese hip hop', 'vietnam indie', 'vietnamese lo-fi']	2022-09-09	205860.0	29.0	False	True
Goodbye (feat. Nicki Minaj & Willy William)	Goodbye (feat. Nicki Minaj & Willy William)	Jason Derulo	[]	2018-08-24	195419.0	52.0	False	True
Anh Đang Nơi Đâu	Anh Đang Nơi Đâu	Miu Lê	['v-pop', 'vietnamese hip hop', 'vinahouse', 'vietnamese lo-fi']	2020-01-01	200936.0	35.0	False	True
NGÀY MAI LÀ TƯƠNG LAI (feat. Obito)	Rap Việt Season 2 - Tập 6	RAP VIỆT	['vietnamese hip hop', 'v-pop']	2021-11-22	170571.0	31.0	False	True
my strange addiction	WHEN WE ALL FALL ASLEEP, WHERE DO WE GO?	Billie Eilish	[]	2019-03-29	179889.0	71.0	False	True
REMEDY	REMEDY	Alesso	['edm']	2018-08-31	190295.0	58.0	False	True
vâng anh đi đi (liu riu version)	vâng anh đi đi (liu riu version)	Bích Phương	['v-pop', 'vietnamese hip hop', 'vietnamese lo-fi', 'vinahouse', 'vietnam indie']	2021-10-07	219000.0	10.0	False	True
Bet On Me	No Nê	Suboi	['vietnamese hip hop', 'v-pop', 'vietnam indie']	2021-07-15	224894.0	16.0	True	True
Want To	Want To	Dua Lipa	['pop']	2018-09-06	211817.0	48.0	False	True
Blue Eyes	Letter To Myself - The 6th Mini Album	TAEYEON	['k-pop', 'k-ballad']	2024-11-18	181822.0	47.0	False	True
FEFE (feat. Nicki Minaj & Murda Beatz)	DUMMY BOY (Revised)	6ix9ine	[]	2018	179404.0	64.0	True	True
tolerate it	evermore	Taylor Swift	[]	2020-12-11	245440.0	67.0	True	True
Rằm Tháng 7 (feat. R.Tee)	Rap Việt, Vòng 1	RAP VIỆT	['vietnamese hip hop', 'v-pop']	1900-01-01	204521.0	15.0	False	True
Real Friends	Camila	Camila Cabello	['pop']	2018-01-12	214386.0	49.0	False	True
ZEZE (feat. Travis Scott & Offset)	Dying to Live	Kodak Black	[]	2018-12-14	228759.0	72.0	True	True
NVMD	NVMD	Denise Julia	['pinoy r&b']	2022-02-04	181224.0	68.0	True	True
Higher Power	Higher Power	Coldplay	[]	2021-05-07	211294.0	65.0	False	True
Is There Someone Else?	Dawn FM	The Weeknd	[]	2022-01-06	199111.0	77.0	False	True
LOVE COUNTDOWN (Feat. Wonstein)	IM NAYEON	NAYEON	['k-pop']	2022-06-24	197613.0	58.0	False	True
See U Later	SQUARE UP	BLACKPINK	['k-pop']	2018-06-15	198866.0	51.0	False	True
BỎ TÚI (feat. B-Wine & VSOUL)	Rap Việt Season 2 - Tập 8	RAP VIỆT	['vietnamese hip hop', 'v-pop']	2021-12-06	238139.0	28.0	False	True
If We Have Each Other	Narrated For You	Alec Benjamin	[]	2018-11-16	181522.0	72.0	False	True
RAVE	RAVE	Dxrk ダーク	['phonk', 'drift phonk']	2022-03-18	169245.0	69.0	False	True
Youth (feat. Khalid)	Shawn Mendes	Shawn Mendes	['pop']	2018-05-25	190866.0	57.0	False	True
22 (Taylor's Version)	Red (Taylor's Version)	Taylor Swift	[]	2021-11-12	230960.0	68.0	False	True
Cry for Me	Romance	Camila Cabello	['pop']	2019-12-06	189133.0	46.0	False	True
RISE	RISE	League of Legends	[]	2018-09-28	192881.0	65.0	False	True
Falling Down - Bonus Track	Come Over When You're Sober, Pt. 2	Lil Peep	['emo rap', 'cloud rap']	2018-11-09	196400.0	80.0	False	True
Chẳng Biết Điều Gì	Chẳng Biết Điều Gì	Da LAB	['v-pop', 'vietnamese hip hop', 'vietnam indie', 'vietnamese lo-fi', 'vinahouse']	2020-12-08	230398.0	26.0	False	True
달라달라 DALLA DALLA		ITZY						
Nocturnal	Take	SHAUN	['k-pop']	2018-06-27	264015.0	34.0	False	True
Universe (Let's Play Ball)	Universe (Let's Play Ball)	NCT U	['k-pop']	2021-12-10	231466.0	47.0	False	True
Vì Sao	Vì Sao	Chillies	['v-pop', 'vietnam indie', 'vietnamese lo-fi', 'vietnamese hip hop']	2022-07-08	274951.0	28.0	False	True
DUMDi DUMDi	DUMDi DUMDi	(G)I-DLE	['k-pop']	2020-08-03	210640.0	50.0	False	True
The Other Side (from Trolls World Tour)	The Other Side (from Trolls World Tour)	SZA	['r&b']	2020-02-26	188186.0	57.0	False	True
LẦN CUỐI (đi bên em xót xa người ơi)	3 (tuyển tập nhạc Ngọt mới trẻ sôi động 2019)	Ngọt	['vietnam indie', 'v-pop', 'vietnamese hip hop']	2019-06-10	222846.0	52.0	False	True
Give You My Heart	Crash Landing on You OST Part 11	IU	['k-pop', 'k-ballad']	2020-02-15	280360.0	50.0	False	True
Apologize	Shock Value	Timbaland	[]	2007-04-02	184400.0	72.0	False	True
Gasoline	Dawn FM	The Weeknd	[]	2022-01-06	212165.0	64.0	False	True
dreAMEE (intro)	dreaAMEE	AMEE	['v-pop', 'vietnamese hip hop', 'vietnam indie', 'vietnamese lo-fi']	2020-06-20	39931.0	21.0	False	True
Hạnh Phúc Xuân Ngời	Hạnh Phúc Xuân Ngời	Noo Phước Thịnh	['v-pop', 'vinahouse', 'vietnamese lo-fi']	2017-01-19	234540.0	37.0	False	True
Đã Đến Lúc	Đã Đến Lúc	SOOBIN	['v-pop', 'vietnamese hip hop', 'vietnamese lo-fi', 'vietnam indie', 'vinahouse']	2019-04-13	268480.0	26.0	False	True
Là Mây Trên Bầu Trời Ai Đó	Là Mây Trên Bầu Trời Ai Đó	ERIK	['v-pop', 'vietnamese lo-fi', 'vinahouse', 'vietnam indie']	2022-07-10	277241.0	11.0	False	True
All Is Found	Frozen 2 (Original Motion Picture Soundtrack/Deluxe Edition)	Evan Rachel Wood	[]	2019-11-15	125439.0	63.0	False	True
Lose Control	Lose Control	MEDUZA	[]	2019-10-11	168387.0	66.0	False	True
happiness	evermore	Taylor Swift	[]	2020-12-11	315146.0	60.0	True	True
Young & Alive	Infinite Dream	Bazzi	[]	2022-09-16	160465.0	52.0	True	True
This Love	Stardom	Vũ Cát Tường	['v-pop', 'vietnam indie']	2018-10-18	203434.0	12.0	False	True
Đếm Ngày Xa Em	Đếm Ngày Xa Em	Only C	['v-pop', 'vietnamese hip hop', 'vinahouse', 'vietnamese lo-fi']	2016-06-22	256691.0	49.0	False	True
Tuổi Đá Buồn	Tuổi Đá Buồn	Juky San	['v-pop', 'vietnamese lo-fi', 'vietnamese hip hop', 'vietnam indie']	2022-06-07	247804.0	28.0	False	True
Mảnh Ghép	Mảnh Ghép	Andiez	['v-pop', 'vietnamese lo-fi', 'vietnam indie']	2018-08-30	230687.0	17.0	False	True
Child	Child - SM STATION : NCT LAB	MARK	['k-pop']	2022-02-04	211069.0	51.0	False	True
Follow God	JESUS IS KING	Kanye West	['rap']	2019-10-25	104591.0	70.0	False	True
Moral of the Story	Ashlyn	Ashe	[]	2021-05-07	201016.0	72.0	True	True
coney island (feat. The National)	evermore (deluxe version)	Taylor Swift	[]	2021-01-07	275320.0	58.0	False	True
Về Nhà Ăn Tết	Về Nhà Ăn Tết	BigDaddy	['v-pop', 'vietnamese hip hop', 'vinahouse', 'vietnam indie']	2017-01-25	241384.0	37.0	False	True
Alice	Chromatica	Lady Gaga	['art pop', 'pop']	2020-05-29	177600.0	57.0	False	True
Water Ripples	Water Ripples	Enno Aare	[]	2015-06-14	187477.0	18.0	False	True
Just the Way You Are	Doo-Wops & Hooligans	Bruno Mars	[]	2010-05-11	220734.0	83.0	False	True
everythingoes (with Nell)	mono.	RM	['k-pop', 'k-rap']	2018-10-23	222493.0	52.0	False	True
Put Your Records On	Put Your Records On	Ritt Momney	['bedroom pop']	2020-04-24	210463.0	65.0	False	True
Lời Chưa Nói	Summer Love	Trịnh Thăng Bình	['v-pop', 'vinahouse', 'vietnamese lo-fi']	2011-09-30	256120.0	39.0	False	True
Xuân Xuân Ơi Xuân Đã Về		Bích Phương						
Anh	Anh (Vol.7)	Hồ Quỳnh Hương	['v-pop']	2010-08-16	311824.0	26.0	False	True
BREAK MY SOUL	RENAISSANCE	Beyoncé	[]	2022-07-29	278281.0	64.0	False	True
11 Minutes (with Halsey feat. Travis Barker)	11 Minutes (with Halsey feat. Travis Barker)	YUNGBLUD	[]	2019-02-14	239507.0	59.0	True	True
Birthday	Birthday	Anne-Marie	[]	2020-02-07	181466.0	49.0	False	True
Show Yourself	Frozen 2 (Original Motion Picture Soundtrack/Deluxe Edition)	Idina Menzel	['musicals']	2019-11-15	260906.0	66.0	False	True
Believers	Believers	Alan Walker	[]	2021-05-14	159077.0	46.0	False	True
1 step forward, 3 steps back	SOUR	Olivia Rodrigo	[]	2021-05-21	163586.0	73.0	True	True
Trôi	Trôi	Kha	['v-pop', 'vietnamese lo-fi', 'vietnam indie', 'vietnamese hip hop', 'vinahouse']	2022-06-17	264765.0	19.0	False	True
Chúc Tết Mọi Nhà (feat. Noo Phước Thịnh)	Chúc Tết Mọi Nhà (feat. Noo Phước Thịnh)	Hồ Ngọc Hà	['v-pop', 'vinahouse']	2017-02-06	253441.0	36.0	False	True
Light It Up (with Tyga & Chris Brown)	Light It Up (with Tyga & Chris Brown)	Marshmello	['edm']	2019-04-25	137448.0	47.0	True	True
Xin loi anh qua phien	Ten On Ten	Đông Nhi	['v-pop', 'vinahouse']	2018-12-13	245161.0	13.0	False	True
The Party Song	Stardom	Vũ Cát Tường	['v-pop', 'vietnam indie']	2018-10-18	185429.0	7.0	False	True
virgo	virgo	Jadu Jadu	['lo-fi house']	2018-10-26	61022.0	45.0	False	True
Trên Chuyến Xe Lên Đà Lạt Chiều Nay	Yêu Rồi Yêu Rồi Yêu	Tóc Tiên	['v-pop', 'vietnamese lo-fi', 'vietnam indie', 'vietnamese bolero']	2021-12-16	233242.0	10.0	False	True
This Moment	Talisman Stallion	Bela Nemeth	[]	2017-01-01	154663.0	12.0	False	True
Honsool	D-2	Agust D	['k-pop', 'k-rap']	2020-05-22	219808.0	51.0	True	True
Em Là Điểm Yếu Của Anh	Trạm Cảm Xúc	traitimtrongvang	['v-pop']	2021-07-05	212631.0	8.0	False	True
We Are Never Ever Getting Back Together (Taylor's Version)	Red (Taylor's Version)	Taylor Swift	[]	2021-11-12	193146.0	69.0	False	True
Love Me More	Love Me More	Sam Smith	['soft pop']	2022-04-28	190658.0	56.0	False	True
Potion (with Dua Lipa & Young Thug)	Potion (with Dua Lipa & Young Thug)	Calvin Harris	['edm']	2022-05-27	214459.0	58.0	True	True
NGỌN NẾN (feat. Coldzy)	Rap Việt Season 2 - Tập 4	RAP VIỆT	['vietnamese hip hop', 'v-pop']	2021-11-08	187200.0	21.0	False	True
Where You From	Skool Luv Affair	BTS	['k-pop']	2014-02-12	240106.0	47.0	False	True
fake smile	thank u, next	Ariana Grande	['pop']	2019-02-08	208880.0	58.0	True	True
Sài Gòn Đau Lòng Quá - Live at XHTĐRLX	Xuân Hạ Thu Đông, rồi lại Xuân (Tập 10)	Forest Studio	['v-pop', 'vietnam indie', 'vietnamese lo-fi']	2021-03-25	296500.0	20.0	False	True
We Are The People (feat. Bono & The Edge) - Official UEFA EURO 2020 Song	We Are The People (feat. Bono & The Edge) [Official UEFA EURO 2020 Song]	Martin Garrix	['edm', 'electronica', 'progressive house']	2021-05-13	217000.0	53.0	False	True
Cross Your Mind	Bridges	Calum Scott	['soft pop']	2022-06-17	212950.0	48.0	False	True
Wanted	Human (Deluxe)	OneRepublic	['soft pop']	2021-08-27	136247.0	45.0	False	True
Future Nostalgia	Future Nostalgia	Dua Lipa	['pop']	2020-03-27	184881.0	52.0	False	True
Tâm Sự Với Người Lạ	Tâm Sự Với Người Lạ	Tiên Cookie	['v-pop', 'vietnamese hip hop', 'vietnam indie']	2016-01-15	258793.0	37.0	False	True
When You Knock On The Door	When You Knock On The Door	hooligan.	['vietnamese lo-fi', 'v-pop', 'vietnam indie']	2021-12-09	237810.0	19.0	False	True
uhgood	mono.	RM	['k-pop', 'k-rap']	2018-10-23	194384.0	51.0	False	True
Rolling in the Deep	21	Adele	['soft pop']	2011-01-24	228093.0	76.0	False	True
Ta Còn Yêu Nhau	Ta Còn Yêu Nhau	Đức Phúc	['v-pop', 'vinahouse', 'vietnam indie']	2017	206968.0	34.0	False	True
Bloom	Bloom	Troye Sivan	[]	2018-08-31	222096.0	53.0	False	True
9 and Three Quarters (Run Away)	The Dream Chapter: MAGIC	TOMORROW X TOGETHER	['k-pop']	2019-10-21	211866.0	60.0	False	True
MIDDLE CHILD	MIDDLE CHILD	J. Cole	['rap']	2019-01-23	213593.0	74.0	True	True
Baby (feat. MARINA & Luis Fonsi)	Baby (feat. MARINA & Luis Fonsi)	Clean Bandit	[]	2018-11-02	205440.0	52.0	False	True
Interlude : Set me free	D-2	Agust D	['k-pop', 'k-rap']	2020-05-22	140198.0	52.0	False	True
Beatbox	Beatbox - The 2nd Album Repackage	NCT DREAM	['k-pop']	2022-05-30	205133.0	54.0	False	True
NO PROBLEM (Feat. Felix of Stray Kids)	IM NAYEON	NAYEON	['k-pop']	2022-06-24	196160.0	55.0	False	True
Message In A Bottle (Taylor's Version) (From The Vault)	Red (Taylor's Version)	Taylor Swift	[]	2021-11-12	225960.0	66.0	False	True
lửa gần rơm lâu ngày cũng bén	lửa gần rơm lâu ngày cũng bén	Phùng Khánh Linh	['v-pop', 'vietnam indie', 'city pop']	2021-12-28	156500.0	17.0	False	True
EARFQUAKE	IGOR	Tyler, The Creator	[]	2019-05-17	190066.0	79.0	True	True
Levels - Radio Edit	Levels	Avicii	['edm']	2011-10-28	199906.0	77.0	False	True
MY BAG	I NEVER DIE	(G)I-DLE	['k-pop']	2022-03-14	160520.0	60.0	False	True
Push My Luck	World War Joy	The Chainsmokers	[]	2019-12-06	181853.0	47.0	False	True
EM YÊU PUPPY (feat. Puppy)	RAP VIỆT 2024, Tập 2	RAP VIỆT	['vietnamese hip hop', 'v-pop']	2024-09-30	156000.0	36.0	False	True
Ánh Nắng Của Anh (Chờ Em Đến Ngày Mai OST)		Đức Phúc						
Future Perfect (Pass the MIC)	MANIFESTO : DAY 1	ENHYPEN	['k-pop']	2022-07-04	180750.0	63.0	False	True
Nervous	Shawn Mendes	Shawn Mendes	['pop']	2018-05-25	164146.0	49.0	False	True
Nắng Thủy Tinh	Nắng Thủy Tinh	Hoàng Dũng	['v-pop', 'vietnam indie', 'vietnamese lo-fi', 'vietnamese hip hop']	2022-06-17	241050.0	24.0	False	True
Outro: Do You Think It Makes Sense?	Dark & Wild	BTS	['k-pop']	2014-08-20	172658.0	49.0	False	True
I Heard You’re Married (feat. Lil Wayne)	Dawn FM	The Weeknd	[]	2022-01-06	263641.0	56.0	True	True
strawberry moon	strawberry moon	IU	['k-pop', 'k-ballad']	2021-10-19	205333.0	52.0	False	True
dorothea	evermore (deluxe version)	Taylor Swift	[]	2021-01-07	225880.0	57.0	False	True
ghostin	thank u, next	Ariana Grande	['pop']	2019-02-08	271466.0	63.0	False	True
State Of Grace (Taylor's Version)	Red (Taylor's Version)	Taylor Swift	[]	2021-11-12	295413.0	60.0	False	True
DON QUIXOTE	SEVENTEEN 4th Album 'Face the Sun'	SEVENTEEN	['k-pop']	2022-05-27	172360.0	58.0	False	True
Kills You Slowly	World War Joy	The Chainsmokers	[]	2019-12-06	213320.0	43.0	True	True
RU MÌNH	3 (tuyển tập nhạc Ngọt mới trẻ sôi động 2019)	Ngọt	['vietnam indie', 'v-pop', 'vietnamese hip hop']	2019-06-10	126939.0	27.0	False	True
Ritual	Ritual	Tiësto	['edm', 'trance', 'big room', 'house', 'dance']	2019-05-31	198995.0	56.0	False	True
Chờ (Điều Tốt Nhất)	Ngày Ấy Và Sau Này	Cá Hồi Hoang	['vietnam indie', 'v-pop', 'vietnamese hip hop']	2021-05-14	248000.0	27.0	False	True
I Wanna Know (feat. Bea Miller)	I Wanna Know (feat. Bea Miller)	NOTD	[]	2018-03-16	197938.0	59.0	False	True
Outro: Luv in Skool	O!RUL8,2?	BTS	['k-pop']	2013-09-11	86044.0	50.0	False	True
Sour Grapes	FEARLESS	LE SSERAFIM	['k-pop']	2022-05-02	196540.0	66.0	False	True
Duyện Phận	Những Bài Hát Hay Nhất	Tố My	['vietnamese bolero', 'bolero']	2020-10-10	388869.0	3.0	False	True
How Do I Make You Love Me?	Dawn FM	The Weeknd	[]	2022-01-06	214214.0	61.0	False	True
Intro: Never Mind	The Most Beautiful Moment in Life Pt.2	BTS	['k-pop']	2015-11-30	136428.0	50.0	True	True
TẦNG TẦNG LỚP LOVE (feat. VSOUL)	Rap Việt Season 2 - Tập 12	RAP VIỆT	['vietnamese hip hop', 'v-pop']	2022-01-03	233668.0	24.0	False	True
Intro: 2 Cool 4 Skool	2 Cool 4 Skool	BTS	['k-pop']	2013-06-12	63786.0	51.0	False	True
Outro: House of Cards	The Most Beautiful Moment in Life Pt.2	BTS	['k-pop']	2015-11-30	177413.0	52.0	False	True
High	So Far So Good	The Chainsmokers	[]	2022-06-08	175163.0	56.0	True	True
Lo Vas A Olvidar (with ROSALÍA)	Lo Vas A Olvidar (with ROSALÍA)	Billie Eilish	[]	2021-01-21	203464.0	58.0	False	True
Payphone	Overexposed Track By Track	Maroon 5	['pop']	2012-01-01	231173.0	79.0	True	True
Outro: Circle Room Cypher	2 Cool 4 Skool	BTS	['k-pop']	2013-06-12	323640.0	43.0	False	True
Phonics Song	Gracie's Corner Kids Hits, Vol. 3	Gracie's Corner	"[""children's music""]"	2022-09-17	270967.0	40.0	False	True
Ai Là Người Thương Em?	Ai Là Người Thương Em?	Quân A.P	['v-pop', 'vietnamese lo-fi', 'vietnam indie']	2019-05-09	307103.0	42.0	False	True
Like (Slow Jam Remix)	Skool Luv Affair (Special Addition)	BTS	['k-pop']	2014-05-14	232691.0	44.0	False	True
Skit: Soulmate	Skool Luv Affair	BTS	['k-pop']	2014-02-12	92791.0	44.0	False	True
Intro: O!RUL8,2?	O!RUL8,2?	BTS	['k-pop']	2013-09-11	70531.0	50.0	False	True
Here We Go… Again (feat. Tyler, the Creator)	Dawn FM	The Weeknd	[]	2022-01-06	209777.0	58.0	True	True
up at night (feat. justin bieber)	up at night (feat. justin bieber)	Kehlani	[]	2022-03-30	182226.0	51.0	False	True
Thưởng Thức Nỗi Buồn	Trạm Cảm Xúc	Tiên Cookie	['v-pop', 'vietnamese hip hop', 'vietnam indie']	2021-07-05	230624.0	14.0	False	True
Skit: R U Happy Now?	O!RUL8,2?	BTS	['k-pop']	2013-09-11	148072.0	40.0	False	True
Skit: Circle Room Talk	2 Cool 4 Skool	BTS	['k-pop']	2013-06-12	131906.0	42.0	False	True
The Bones	GIRL	Maren Morris	['country']	2019-03-08	197293.0	61.0	False	True
Lost	JORDI (Deluxe)	Maroon 5	['pop']	2021-06-11	172597.0	59.0	False	True
Lạnh Từ Trong Tim	Lạnh Từ Trong Tim	Quang Vinh	['v-pop', 'vietnamese lo-fi']	2020-11-30	299519.0	25.0	False	True
brutal	SOUR	Olivia Rodrigo	[]	2021-05-21	143746.0	72.0	True	True
PLAYING WITH FIRE	SQUARE TWO	BLACKPINK	['k-pop']	2016-11-01	197288.0	67.0	False	True
Intro: Never Mind	The Most Beautiful Moment in Life Pt.2	BTS	['k-pop']	2015-11-30	136428.0	50.0	True	True
Anymore	XOXO	JEON SOMI	['k-pop']	2021-10-29	197701.0	47.0	False	True
Outro: Love Is Not Over	The Most Beautiful Moment in Life Pt.1	BTS	['k-pop']	2015-04-29	143862.0	49.0	False	True
Everyday	Bobby Tarantino II	Logic	[]	2018-03-09	204746.0	58.0	True	True
I Need U (Remix)	The Most Beautiful Moment in Life: Young Forever	BTS	['k-pop']	2016-05-02	223012.0	41.0	False	True
Mad Love	Mad Love The Prequel	Sean Paul	['dancehall']	2018-06-29	199944.0	59.0	False	True
Cho Tôi Lang Thang	Cho Tôi Lang Thang	Ngọt	['vietnam indie', 'v-pop', 'vietnamese hip hop']	2018-03-27	258784.0	54.0	False	True
Beach House	Sick Boy	The Chainsmokers	[]	2018-12-14	206120.0	47.0	False	True
Just Look Up (From Don’t Look Up)	Just Look Up (From Don’t Look Up)	Ariana Grande	['pop']	2021-12-03	201667.0	49.0	True	True
Intro: Skool Luv Affair	Skool Luv Affair	BTS	['k-pop']	2014-02-12	178282.0	45.0	False	True
Treacherous (Taylor's Version)	Red (Taylor's Version)	Taylor Swift	[]	2021-11-12	242720.0	60.0	False	True
Outro: Propose	Skool Luv Affair	BTS	['k-pop']	2014-02-12	122513.0	49.0	False	True
I Bet You Think About Me (feat. Chris Stapleton) (Taylor’s Version) (From The Vault)	Red (Taylor's Version)	Taylor Swift	[]	2021-11-12	285106.0	65.0	True	True
Run (Alternative Mix)	The Most Beautiful Moment in Life: Young Forever	BTS	['k-pop']	2016-05-02	236437.0	42.0	False	True
Stargazing	Stargazing - EP	Kygo	['tropical house']	2017-09-21	236853.0	61.0	False	True
Wandered To LA (with Justin Bieber)	Fighting Demons (Deluxe)	Juice WRLD	['melodic rap', 'emo rap']	2022-03-18	188833.0	57.0	True	True
Chạm Đáy Nỗi Đau	Chạm Đáy Nỗi Đau	ERIK	['v-pop', 'vietnamese lo-fi', 'vinahouse', 'vietnam indie']	2018-04-27	293192.0	48.0	False	True
911	Chromatica	Lady Gaga	['art pop', 'pop']	2020-05-29	172133.0	62.0	False	True
We Are Bulletproof Pt.2	2 Cool 4 Skool	BTS	['k-pop']	2013-06-12	223933.0	58.0	False	True
always, i'll care	love is not dying	Jeremy Zucker	[]	2020-04-17	146160.0	61.0	False	True
You Are The Reason - Duet Version	Only Human (Special Edition)	Calum Scott	['soft pop']	2018-11-30	190760.0	63.0	False	True
LUCKY BOY (feat. Dlow)	Rap Việt Season 2 - Tập 5	RAP VIỆT	['vietnamese hip hop', 'v-pop']	2021-11-15	149378.0	23.0	False	True
Man On The Moon	World Of Walker	Alan Walker	[]	2021-11-26	178625.0	57.0	False	True
Nothing New (feat. Phoebe Bridgers) (Taylor’s Version) (From The Vault)	Red (Taylor's Version)	Taylor Swift	[]	2021-11-12	258812.0	66.0	False	True
Bức Thư Tình Thứ Hai	Bức Thư Tình Thứ Hai	Hồ Quỳnh Hương	['v-pop']	2006	358055.0	26.0	False	True
Summertime Magic	Summer Pack	Childish Gambino	[]	2018-07-11	213600.0	55.0	False	True
Smile	Smile	Katy Perry	['pop']	2020-08-28	166898.0	47.0	False	True
Rainbow Halo	‘The ReVe Festival 2022 - Feel My Rhythm’	Red Velvet	['k-pop']	2022-03-21	208560.0	39.0	False	True
ivy	evermore	Taylor Swift	[]	2020-12-11	260440.0	61.0	True	True
Forever Yours - Avicii Tribute	Forever Yours (Avicii Tribute)	Kygo	['tropical house']	2020-01-24	193846.0	60.0	False	True
attention (with Justin Bieber)	attention (with Justin Bieber)	Omah Lay	['afrobeats', 'afrobeat', 'afropop', 'afro soul', 'alté', 'afroswing']	2022-03-03	180563.0	52.0	False	True
TẶNG MỘT MÓN QUÀ (feat. Phaos & J Jade)	Rap Việt Season 2 - Tập 9	RAP VIỆT	['vietnamese hip hop', 'v-pop']	2021-12-13	273000.0	18.0	False	True
Trigger	Trigger	Major Lazer	['moombahton']	2019-10-24	171986.0	44.0	False	True
Ket Nguyet	Ten On Ten	Đông Nhi	['v-pop', 'vinahouse']	2018-12-13	272000.0	5.0	False	True
Less Than Zero	Dawn FM	The Weeknd	[]	2022-01-06	211814.0	69.0	False	True
badbye (with eAeon)	mono.	RM	['k-pop', 'k-rap']	2018-10-23	112606.0	49.0	False	True
Hiếm Có Khó Tìm (feat. Han Sara)	Hiếm Có Khó Tìm (feat. Han Sara)	JSOL	['v-pop', 'vietnamese lo-fi', 'vietnamese hip hop']	2020-07-15	196981.0	14.0	False	True
Giàu Sang	Giàu Sang	Rhymastic	['v-pop', 'vietnamese hip hop', 'vietnam indie', 'vinahouse', 'vietnamese lo-fi']	2020-06-23	200727.0	16.0	False	True
Lost In Japan - Remix	Lost In Japan (Remix)	Shawn Mendes	['pop']	2018-09-27	201253.0	52.0	False	True
Sleigh Ride	A Christmas Gift For You From Phil Spector	The Ronettes	['christmas']	1963	181266.0	68.0	False	True
Insomnia	Insomnia	Daya	[]	2019-03-08	179745.0	54.0	False	True
Lava	No Nê	Suboi	['vietnamese hip hop', 'v-pop', 'vietnam indie']	2021-07-15	219039.0	16.0	False	True
long story short	evermore (deluxe version)	Taylor Swift	[]	2021-01-07	215920.0	58.0	False	True
I'm Not Cool	I'm Not Cool	HyunA	['k-pop']	2021-01-28	174173.0	50.0	False	True
Love Again	Future Nostalgia	Dua Lipa	['pop']	2020-03-27	258004.0	69.0	False	True
Chạy Về Nơi Phía Anh - Remix	Chạy Về Nơi Phía Anh (Remix)	Khắc Việt	['vinahouse', 'v-pop', 'vietnamese bolero']	2025-02-12	169682.0	11.0	False	True
Ở Nhà Quê Mới Lên (feat. Lăng LD)	Rap Việt Tập 14	RAP VIỆT	['vietnamese hip hop', 'v-pop']	2020-11-03	273750.0	20.0	False	True
Money In The Grave (Drake ft. Rick Ross)	The Best In The World Pack	Drake	['rap', 'hip hop']	2019-06-15	205426.0	70.0	True	True
Good News	Circles	Mac Miller	[]	2020-01-17	342040.0	67.0	False	True
1, 2, 3!	THE GREAT SEUNGRI	SEUNGRI	['k-pop']	2018-07-20	205304.0	35.0	False	True
Người Yêu Cũ	Người Yêu Cũ (Gửi Cho Anh 2)	Khởi My	['v-pop', 'vinahouse', 'vietnamese bolero']	2013-11-27	249796.0	39.0	False	True
Do We Have A Problem?	Do We Have A Problem?	Nicki Minaj	[]	2022-02-04	207065.0	48.0	True	True
Bad example	2019 - 2021	たかやん	['j-pop', 'j-rap', 'japanese indie']	2021-07-08	104269.0	46.0	False	True
Cold Blooded	Cold Blooded	Jessi	['k-pop', 'k-rap']	2021-10-12	150053.0	51.0	False	True
cowboy like me	evermore (deluxe version)	Taylor Swift	[]	2021-01-07	275040.0	59.0	True	True
I DID IT (feat. Post Malone, Megan Thee Stallion, Lil Baby & DaBaby)	KHALED KHALED	DJ Khaled	[]	2021-04-30	165366.0	50.0	True	True
Blurred Lines		Oda Kirkwood						
Một Nhà	Một Nhà	Da LAB	['v-pop', 'vietnamese hip hop', 'vietnam indie', 'vietnamese lo-fi', 'vinahouse']	2015-08-17	185643.0	45.0	False	True
Mẩy Thật Mẩy		BigDaddy						
Dawn FM	Dawn FM	The Weeknd	[]	2022-01-06	96240.0	52.0	False	True
These Are The Times (feat. JRM)	These Are The Times (feat. JRM)	Martin Garrix	['edm', 'electronica', 'progressive house']	2019-07-18	188656.0	45.0	False	True
Còn Lại Gì?	Vũ Trụ Song Song	Vũ.	['v-pop', 'vietnam indie', 'vietnamese lo-fi']	2019-11-06	275999.0	32.0	False	True
Hallucinate	Future Nostalgia	Dua Lipa	['pop']	2020-03-27	208505.0	62.0	False	True
Ơ Sao Bé Không Lắc	Ơ Sao Bé Không Lắc	BigDaddy	['v-pop', 'vietnamese hip hop', 'vinahouse', 'vietnam indie']	2019-07-17	220421.0	20.0	False	True
Khung Trời Khác	Khung Trời Khác	Thành Nghiệp	['vietnam indie', 'v-pop']	2022-01-05	240000.0	5.0	False	True
Say My Name	7	David Guetta	['edm', 'dance']	2018-09-14	198946.0	62.0	False	True
Side To Side	Dangerous Woman	Ariana Grande	['pop']	2016-04-01	226160.0	74.0	True	True
TOUCH	GABRIEL	keshi	[]	2022-03-25	205346.0	55.0	False	True
Living Proof	Romance	Camila Cabello	['pop']	2019-12-06	194440.0	46.0	False	True
Midsummer Madness	Head In The Clouds	88rising	[]	2018-07-20	280841.0	58.0	True	True
Undrunk	you ruined new york city for me	FLETCHER	[]	2019-08-16	183428.0	54.0	True	True
Panorama	One-reeler / Act IV	IZ*ONE	['k-pop']	2020-12-07	222853.0	60.0	False	True
飞鸟和蝉	Ren然	Ren Ran	['mandopop', 'c-pop', 'gufeng', 'chinese r&b', 'taiwanese pop']	2021-07-27	296006.0	58.0	False	True
PLAY (feat. Changmo)	Querencia	CHUNG HA	['k-pop']	2021-02-15	199524.0	48.0	False	True
What Do I Call You	What Do I Call You - The 4th Mini Album	TAEYEON	['k-pop', 'k-ballad']	2020-12-15	167746.0	44.0	False	True
Just The Two of Us	Just The Two of Us	Kauai45	[]	2020-11-20	117037.0	55.0	False	True
Consequences - orchestra	Consequences (orchestra)	Camila Cabello	['pop']	2018-10-09	181913.0	43.0	False	True
FALLING ON YOU (feat. VSOUL)	Rap Việt Season 2 - Tập 1	RAP VIỆT	['vietnamese hip hop', 'v-pop']	2021-10-18	145454.0	18.0	False	True
Xin Phép Được Cô Đơn	Vũ Trụ Song Song	Vũ.	['v-pop', 'vietnam indie', 'vietnamese lo-fi']	2019-11-06	310285.0	25.0	False	True
Trong Trí Nhớ Của Anh - Live	Studio Số 6 - Tập 14	Studio Số 6	['v-pop']	2022-11-18	299076.0	1.0	False	True
Do You Mean	World War Joy	The Chainsmokers	[]	2019-12-06	193186.0	46.0	False	True
Higher Love	Golden Hour	Kygo	['tropical house']	2020-05-29	228267.0	73.0	False	True
Don't fight the feeling	DON'T FIGHT THE FEELING - Special Album	EXO	['k-pop']	2021-06-07	176546.0	48.0	False	True
em bỏ hút thuốc chưa? (liu riu version)	em bỏ hút thuốc chưa? (liu riu version)	Bích Phương	['v-pop', 'vietnamese hip hop', 'vietnamese lo-fi', 'vinahouse', 'vietnam indie']	2021-10-14	230857.0	15.0	False	True
Out Of Love	The Pains Of Growing	Alessia Cara	[]	2018-11-30	227693.0	62.0	False	True
jealousy, jealousy	SOUR	Olivia Rodrigo	[]	2021-05-21	173160.0	77.0	False	True
Put Me Back Together (feat. Kiiara)	Put Me Back Together (feat. Kiiara)	Cheat Codes	[]	2018-03-02	223899.0	29.0	True	True
Chills	Chills	Why Don't We	[]	2019-12-30	165596.0	46.0	False	True
FXXK IT	MADE	BIGBANG	['k-pop']	2016-12-13	231748.0	63.0	False	True
Mood Ring	Solar Power	Lorde	[]	2021-08-20	225862.0	52.0	False	True
Don't Wanna Cry	SEVENTEEN 4th Mini Album ‘Al1’	SEVENTEEN	['k-pop']	2017-05-22	203426.0	59.0	False	True
Ở Lại Đây (feat. Yang & Gill)	Rap Việt Tập 8	RAP VIỆT	['vietnamese hip hop', 'v-pop']	2020-10-22	204387.0	20.0	False	True
I'm so sick	ONE & SIX	Apink	['k-pop']	2018-07-02	199402.0	49.0	False	True
Tết Nhà Mình	Tết Nhà Mình	Hoà Minzy	['v-pop', 'vinahouse']	2021-01-26	235232.0	42.0	False	True
Như Mùa Tuyết Đầu Tiên (OST Goblin)		Văn Mai Hương						
All about you		TAEYEON						
Lucid Dream	Savage - The 1st Mini Album	aespa	['k-pop']	2021-10-05	210560.0	58.0	False	True
5 10 15 20	5 10 15 20	Lê Thiện Hiếu	['v-pop', 'vietnam indie', 'vietnamese lo-fi', 'vinahouse']	2021-08-29	195882.0	2.0	False	True
Đêm Màu Xanh	Đêm Màu Xanh	JUUN D	['v-pop', 'vietnamese lo-fi', 'vietnam indie', 'vietnamese hip hop']	2019-01-11	316511.0	3.0	False	True
Sickerrr	No Nê	Suboi	['vietnamese hip hop', 'v-pop', 'vietnam indie']	2021-07-15	225943.0	12.0	True	True
After All	After All	Elton John	[]	2021-09-22	208714.0	42.0	False	True
cô gái nhân ái	yesteryear	Phùng Khánh Linh	['v-pop', 'vietnam indie', 'city pop']	2020-12-03	202941.0	20.0	False	True
Fall In Love	Fall In Love	Hoàng Thùy Linh	['v-pop', 'vietnamese hip hop', 'vinahouse', 'vietnam indie']	2018-10-10	226285.0	13.0	False	True
Phố Mùa Đông	Nữ Thần	Phạm Anh Duy	['v-pop', 'vietnam indie', 'vietnamese lo-fi']	2018-06-06	335689.0	11.0	False	True
Think About You	Think About You	Kygo	['tropical house']	2019-02-14	208566.0	52.0	False	True
marjorie	evermore	Taylor Swift	[]	2020-12-11	257773.0	61.0	False	True
Mượn Rượu Tỏ Tình	Mượn Rượu Tỏ Tình	BigDaddy	['v-pop', 'vietnamese hip hop', 'vinahouse', 'vietnam indie']	2019-01-18	198375.0	49.0	False	True
Con Calma	Con Calma	Daddy Yankee	['reggaeton', 'latin']	2019-01-24	193226.0	74.0	False	True
off the table (with The Weeknd)	Positions	Ariana Grande	['pop']	2020-10-30	239949.0	60.0	False	True
Say Something (feat. Chris Stapleton)	Man of the Woods	Justin Timberlake	[]	2018-02-02	278893.0	64.0	False	True
Doin' Time	Norman Fucking Rockwell!	Lana Del Rey	[]	2019-08-30	202192.0	74.0	True	True
Khi Cô Đơn Em Nhớ Ai	Khi Cô Đơn Em Nhớ Ai	JUUN D	['v-pop', 'vietnamese lo-fi', 'vietnam indie', 'vietnamese hip hop']	2019-02-15	261667.0	31.0	False	True
Chuyến tàu hoàng hôn	Thương Về Miền Trung	Dan Nguyen	['vietnamese bolero', 'bolero', 'vinahouse', 'v-pop']	2015-01-01	336255.0	22.0	False	True
xuân, hạ, thu, đông rồi lại xuân	dreaAMEE	AMEE	['v-pop', 'vietnamese hip hop', 'vietnam indie', 'vietnamese lo-fi']	2020-06-20	290609.0	36.0	False	True
Trời Sáng Rồi - Trời Sáng Rồi Ta Ngủ Đi Thôi OST		Nguyên Hà						
Good In Bed	Future Nostalgia	Dua Lipa	['pop']	2020-03-27	218754.0	52.0	True	True
Cô Ấy Nói (Lofi Ver.)	Cô Ấy Nói	Ngô Anh Đạt	['vietnamese lo-fi', 'vinahouse', 'v-pop', 'lo-fi']	2021-06-11	333000.0	36.0	False	True
Đong Tình	Đong Tình	Charmy Pham	['v-pop', 'vinahouse']	2021-06-05	277295.0	10.0	False	True
Gia Ngay Dau Dung Noi Thuong Nhau	Gia Ngay Dau Dung Noi Thuong Nhau	Isaac	['v-pop', 'vietnamese hip hop']	2018-09-09	270000.0	30.0	False	True
Đường Chân Trời	Qua Khung Cửa Sổ	Chillies	['v-pop', 'vietnam indie', 'vietnamese lo-fi', 'vietnamese hip hop']	2021-05-05	310000.0	25.0	False	True
Phiến Lá Tĩnh Lặng	Phiến Lá Tĩnh Lặng	Thùy Chi	['v-pop', 'vinahouse', 'vietnam indie', 'vietnamese hip hop']	2021-04-20	307621.0	28.0	False	True
Youngz	Youngz	Wxrdie	['vietnamese hip hop', 'v-pop']	2021-07-22	201345.0	44.0	True	True
Longing Heart		Mayar Jenisk						
Có Thể Là Tại Sao?	Vũ Trụ Song Song	Vũ.	['v-pop', 'vietnam indie', 'vietnamese lo-fi']	2019-11-06	148745.0	29.0	False	True
all the kids are depressed	glisten	Jeremy Zucker	[]	2018-05-04	169973.0	62.0	True	True
어질어질 (Outta My Head)	XOXO	JEON SOMI	['k-pop']	2021-10-29	188123.0	38.0	False	True
Lemonade	Sticker - The 3rd Album	NCT 127	['k-pop']	2021-09-17	190066.0	50.0	False	True
ocean eyes	dont smile at me	Billie Eilish	[]	2017-12-22	200379.0	80.0	False	True
Peek-A-Boo	Perfect Velvet - The 2nd Album	Red Velvet	['k-pop']	2017-11-17	189049.0	58.0	False	True
Don't Let Me Down	Don't Let Me Down	The Chainsmokers	[]	2016-02-05	208373.0	77.0	False	True
love nwantiti (ah ah ah)	CKay The First	CKay	['afrobeats', 'afrobeat', 'afropop']	2019-08-30	145800.0	72.0	True	True
Bức Bình Phong	Bức Bình Phong	Trịnh Thăng Bình	['v-pop', 'vinahouse', 'vietnamese lo-fi']	2020-12-09	302321.0	13.0	False	True
Suncity (feat. Empress Of)	Suncity	Khalid	[]	2018-10-19	189493.0	50.0	False	True
Thru These Tears	Malibu Nights	LANY	[]	2018-10-05	204515.0	63.0	False	True
Mình Đồng Da Sắt (feat. Tez)	Rap Việt Tập 12	RAP VIỆT	['vietnamese hip hop', 'v-pop']	2020-10-19	224273.0	15.0	False	True
shut up	Positions	Ariana Grande	['pop']	2020-10-30	157710.0	53.0	True	True
Giấc Mơ Rất Thơ	Giấc Mơ Rất Thơ	Mer	['vietnam indie', 'v-pop']	2021-05-17	172992.0	36.0	False	True
Cool	Future Nostalgia	Dua Lipa	['pop']	2020-03-27	209583.0	54.0	False	True
Con Gái Như Em	Chị Trợ Lý Của Anh (OST)	Mỹ Tâm	['v-pop', 'vietnamese bolero', 'vietnam indie']	2019-06-03	180000.0	11.0	False	True
Liệu Anh Có Thể Yêu Em?	Liệu Anh Có Thể Yêu Em?	Khắc Việt	['vinahouse', 'v-pop', 'vietnamese bolero']	2018-07-20	228438.0	12.0	False	True
Selfish Love (with Selena Gomez)	Selfish Love (with Selena Gomez)	DJ Snake	[]	2021-03-04	168648.0	50.0	False	True
Run	Human (Deluxe)	OneRepublic	['soft pop']	2021-08-27	168259.0	70.0	False	True
Mood (Remix) feat. Justin Bieber, J Balvin & iann dior	Mood (Remix) feat. Justin Bieber, J Balvin & iann dior	24kGoldn	[]	2020-11-06	192745.0	57.0	True	True
Free Woman	Chromatica	Lady Gaga	['art pop', 'pop']	2020-05-29	191466.0	55.0	False	True
All Mine	ye	Kanye West	['rap']	2018-06-01	145506.0	68.0	True	True
Fun Tonight	Chromatica	Lady Gaga	['art pop', 'pop']	2020-05-29	173426.0	48.0	False	True
I am not a woman, I'm a god	If I Can’t Have Love, I Want Power	Halsey	[]	2021-08-27	176413.0	50.0	False	True
Ring	Rare	Selena Gomez	['pop']	2020-01-10	148776.0	51.0	False	True
Sau Tất Cả		Various Artists						
SLOMO	SLOMO	VY Jacko	['vietnamese hip hop', 'v-pop', 'vietnam indie']	2020-12-26	234097.0	24.0	False	True
Sine From Above (with Elton John)	Chromatica	Lady Gaga	['art pop', 'pop']	2020-05-29	244880.0	47.0	False	True
WITHOUT YOU	F*CK LOVE 3+: OVER YOU	The Kid LAROI	[]	2021-07-27	161384.0	69.0	True	True
Fake A Smile	Fake A Smile	Alan Walker	[]	2021-02-19	168118.0	50.0	False	True
a lot	i am > i was	21 Savage	[]	2018-12-21	288624.0	74.0	True	True
Xa Em Kỷ Niệm		Unknown Artist						
Dynamite (Slow Jam Remix)	Dynamite (NightTime Version)	BTS	['k-pop']	2020-09-18	199690.0	38.0	False	True
Kém Duyên	Kém Duyên	Rum	['v-pop', 'vinahouse', 'vietnamese lo-fi']	2024-07-20	224744.0	35.0	False	True
dancing in the kitchen	gg bb xx	LANY	[]	2021-09-03	208808.0	58.0	False	True
Anh Mơ		Anh Khang						
eNIGMA	Chromatica	Lady Gaga	['art pop', 'pop']	2020-05-29	179760.0	49.0	False	True
Ready to love	SEVENTEEN 8th Mini Album 'Your Choice'	SEVENTEEN	['k-pop']	2021-06-18	186760.0	56.0	False	True
Moonlight	?	XXXTENTACION	['emo rap']	2018-03-16	135090.0	79.0	True	True
Xe Đạp	Tuổi Hoa Mộng	Thùy Chi	['v-pop', 'vinahouse', 'vietnam indie', 'vietnamese hip hop']	2017-09-25	285457.0	35.0	False	True
Get Me (feat. Kehlani)	Changes	Justin Bieber	[]	2020-02-14	185426.0	53.0	False	True
Có Chàng Trai Viết Lên Cây	Truyện Ngắn	Hà Anh Tuấn	['v-pop', 'vietnam indie']	2020-07-11	341428.0	31.0	False	True
To Be Young (feat. Doja Cat)	To Be Young (feat. Doja Cat)	Anne-Marie	[]	2020-07-13	194758.0	43.0	True	True
Homicide (feat. Eminem)	Confessions of a Dangerous Mind	Logic	[]	2019-05-10	245386.0	64.0	True	True
Love You Anymore	love (Deluxe Edition)	Michael Bublé	['christmas']	2018-11-16	182666.0	54.0	False	True
Issues	Nervous System	Julia Michaels	[]	2017-07-28	176320.0	70.0	False	True
Remember	Remember	WINNER	['k-pop']	2020-04-09	223871.0	32.0	False	True
Tình Lỡ	Khúc Tình Xưa 1	Lệ Quyên	['vietnamese bolero', 'bolero', 'v-pop']	2023-10-01	348138.0	33.0	False	True
Vibez	Nobody Is Listening	ZAYN	[]	2021-01-15	163346.0	54.0	False	True
em bỏ hút thuốc chưa (feat. traitimtrongvang)	tâm trạng tan hơi chậm một chút	Bích Phương	['v-pop', 'vietnamese hip hop', 'vietnamese lo-fi', 'vinahouse', 'vietnam indie']	2020-05-17	216000.0	45.0	False	True
Dynamite (Bedroom Remix)	Dynamite (NightTime Version)	BTS	['k-pop']	2020-09-18	207926.0	37.0	False	True
WHISTLE	SQUARE ONE	BLACKPINK	['k-pop']	2016-08-08	211631.0	67.0	False	True
Hey Brother	True	Avicii	['edm']	2013-01-01	255093.0	76.0	False	True
2021	2021	Lauv	[]	2020-12-31	195952.0	31.0	False	True
just like magic	Positions	Ariana Grande	['pop']	2020-10-30	149900.0	61.0	True	True
Rager teenager!	In A Dream	Troye Sivan	[]	2020-08-21	201926.0	43.0	True	True
The Ringer	Kamikaze	Eminem	['rap', 'hip hop']	2018-08-31	337941.0	58.0	True	True
Dynamite (Midnight Remix)	Dynamite (NightTime Version)	BTS	['k-pop']	2020-09-18	196509.0	38.0	False	True
Tough Love (feat. Agnes, Vargas & Lagola)	TIM	Avicii	['edm']	2019-06-06	191248.0	52.0	False	True
Giữa Mây Ngàn	Giữa Mây Ngàn	Nguyễn Trọng Tài	['vietnamese hip hop', 'v-pop', 'vietnamese lo-fi', 'vietnam indie']	2021-02-14	243368.0	6.0	False	True
Do for Love (feat. Amee)	Loser2lover	B Ray	['vietnamese hip hop', 'v-pop', 'vinahouse', 'vietnam indie']	2020-04-17	189608.0	34.0	False	True
MIC Drop (Steve Aoki Remix) (Full Length Edition)	Love Yourself 結 'Answer'	BTS	['k-pop']	2018-08-24	307675.0	64.0	False	True
Pretty Please	Future Nostalgia	Dua Lipa	['pop']	2020-03-27	194607.0	61.0	True	True
Fever	Future Nostalgia	Dua Lipa	['pop']	2020-03-27	156910.0	61.0	False	True
Soft Lips	Soft Lips	BlankCh3ck	[]	2024-12-18	166922.0	36.0	False	True
Mot Dem Say (X) - Original		Thịnh Suy						
Hate Me	Brightest Blue	Ellie Goulding	[]	2020-07-16	188066.0	72.0	False	True
anh thèm được ngủ	anh thèm được ngủ	Khói	['vietnamese hip hop', 'v-pop', 'vietnamese lo-fi', 'vietnam indie']	2017-12-20	159000.0	38.0	False	True
everytime	Sweetener	Ariana Grande	['pop']	2018-08-17	172106.0	69.0	True	True
Proud	Joytime III	Marshmello	['edm']	2019-07-03	191000.0	45.0	False	True
KILLING ME - KR Ver.		iKON						
Lời Cảm Ơn	Lời Cảm Ơn	tlinh	['v-pop', 'vietnamese hip hop', 'vietnam indie', 'vietnamese lo-fi', 'vinahouse']	2021-01-13	218040.0	13.0	False	True
Him & I (with Halsey)	The Beautiful & Damned	G-Eazy	[]	2017-12-15	268866.0	73.0	True	True
Hành Tinh Song Song, Pt. 2	Vũ Trụ Song Song	Vũ.	['v-pop', 'vietnam indie', 'vietnamese lo-fi']	2019-11-06	234747.0	28.0	False	True
pporappippam	pporappippam	SUNMI	['k-pop']	2020-06-29	206616.0	47.0	False	True
Giấc Mơ Rất Thơ	Giấc Mơ Rất Thơ	Mer	['vietnam indie', 'v-pop']	2021-05-17	172992.0	36.0	False	True
Chuyện Tình Không Dĩ Vãng	Điệu Buồn Lục Tỉnh	Quỳnh Trang	['vietnamese bolero', 'bolero']	2021-08-01	287473.0	15.0	False	True
Christmas Tree Farm	Christmas Tree Farm	Taylor Swift	[]	2019-12-06	228026.0	64.0	False	True
Love Is So Sweet		Missing Seoul						
Hot	Hot	Wxrdie	['vietnamese hip hop', 'v-pop']	2020-11-12	164610.0	26.0	False	True
Take Yourself Home	In A Dream	Troye Sivan	[]	2020-08-21	249369.0	47.0	False	True
Đoạn Đường Sao Băng	Đoạn Đường Sao Băng	Kha	['v-pop', 'vietnamese lo-fi', 'vietnam indie', 'vietnamese hip hop', 'vinahouse']	2021-07-17	237600.0	46.0	False	True
Lullaby	Present : YOU	GOT7	['k-pop']	2018-09-18	217486.0	53.0	False	True
baby i told u	Over The Moon	MONSTAR	['v-pop', 'vietnam indie']	2021-08-01	254040.0	29.0	False	True
Wait	Red Pill Blues (Deluxe)	Maroon 5	['pop']	2018-06-15	190642.0	57.0	False	True
Phố Đêm	Người Yêu Cô Đơn	Sơn Tuyền	['vietnamese bolero', 'bolero', 'v-pop']	1990-01-01	365333.0	17.0	False	True
it’s time to go - bonus track	evermore (deluxe version)	Taylor Swift	[]	2021-01-07	254640.0	61.0	False	True
nhìn em mà xem (look at me now)	yesteryear (deluxe)	Phùng Khánh Linh	['v-pop', 'vietnam indie', 'city pop']	2021-09-02	187954.0	8.0	False	True
Red Flavor	The Red Summer - Summer Mini Album	Red Velvet	['k-pop']	2017-07-09	191139.0	61.0	False	True
Kings & Queens	Heaven & Hell	Ava Max	[]	2020-09-18	162398.0	75.0	False	True
Lovedrunk (Feat. Crush)	sleepless in __________	Epik High	['k-rap', 'k-pop']	2019-03-11	250758.0	35.0	False	True
Rồng Rắn Lên Mây (feat. Thành Draw)	Rap Việt Tập 11	RAP VIỆT	['vietnamese hip hop', 'v-pop']	2020-10-16	215687.0	15.0	False	True
Is That Alright?	A Star Is Born Soundtrack	Lady Gaga	['art pop', 'pop']	2018-10-05	191280.0	57.0	False	True
R.I.P. (feat. Rita Ora & Anitta)	R.I.P. (feat. Rita Ora & Anitta)	Sofía Reyes	['latin pop']	2019-03-15	187200.0	49.0	True	True
Da Lo Yeu Em Nhieu - Original		JustaTee						
Dingga	Dingga	MAMAMOO	['k-pop']	2020-10-20	179080.0	49.0	False	True
Miser		WAVYVIBE						
100 Years Love	100 Years Love	NamDuc	['v-pop', 'vinahouse', 'vietnamese hip hop', 'vietnamese lo-fi']	2020-01-21	210557.0	44.0	False	True
Alone	Alone	WEAN	['v-pop', 'vietnamese hip hop', 'vietnam indie', 'vietnamese lo-fi']	2020-01-10	242361.0	28.0	False	True
HURT	HURT	Jasmine Sokko	['chinese r&b', 'c-pop']	2018-08-24	150857.0	19.0	False	True
Look What I Found	A Star Is Born Soundtrack	Lady Gaga	['art pop', 'pop']	2018-10-05	175240.0	56.0	False	True
GOODBYE ROAD - KR Ver.		iKON						
Y.E.U (L.O.V.E) [Acoustic Version]		MIN						
Dynamite (Retro Remix)	Dynamite (NightTime Version)	BTS	['k-pop']	2020-09-18	208404.0	37.0	False	True
Rơi Quá Khứ	Vũ Trụ Song Song	Vũ.	['v-pop', 'vietnam indie', 'vietnamese lo-fi']	2019-11-06	368000.0	15.0	False	True
Familia (with Anuel Aa, feat. Bantu) - Spider-Man: Into the Spider-Verse	Spider-Man: Into the Spider-Verse (Soundtrack From & Inspired by the Motion Picture)	Nicki Minaj	[]	2018-12-14	174893.0	54.0	False	True
Gặp Nhau Làm Skrrtt		RAP VIỆT						
Jail	Donda	Kanye West	['rap']	2021-08-29	297000.0	56.0	False	True
Replay	Chromatica	Lady Gaga	['art pop', 'pop']	2020-05-29	186653.0	58.0	False	True
SoulMate (feat. IU)	SoulMate (feat. IU)	ZICO	['k-rap', 'k-pop']	2018-07-30	219390.0	49.0	False	True
Genius (feat. Sia, Diplo, and Labrinth)	LABRINTH, SIA & DIPLO PRESENT... LSD	Sia	[]	2019-04-12	213706.0	70.0	False	True
Dĩ Vãng Nhạt Nhòa - Remake	Dĩ Vãng Nhạt Nhòa	Hà Nhi	['v-pop', 'vinahouse', 'vietnamese lo-fi', 'vietnam indie']	2020-01-01	219335.0	42.0	False	True
Easy	In A Dream	Troye Sivan	[]	2020-08-21	226781.0	51.0	False	True
Wasted Times	My Dear Melancholy,	The Weeknd	[]	2018-03-30	220293.0	63.0	True	True
All Around the World (La La La)	All Around the World (La La La)	R3HAB	['slap house', 'edm']	2019-07-26	147840.0	43.0	False	True
Cạn Dòng Nước Mắt	Love Songs Collection 4: Càng Trưởng Thành, Càng Cô Đơn	Hồ Ngọc Hà	['v-pop', 'vinahouse']	2020-08-21	274641.0	32.0	False	True
Let It Snow! Let It Snow! Let It Snow! (with The B. Swanson Quartet)	The Classic Christmas Album	Frank Sinatra	['christmas', 'big band', 'adult standards', 'swing music', 'vocal jazz', 'jazz']	1945	155586.0	64.0	False	True
Didn't I	Didn't I	OneRepublic	['soft pop']	2020-03-13	207616.0	47.0	False	True
Mot Dem Say (X)	Mot Dem Say (X)	Thịnh Suy	['v-pop', 'vietnam indie', 'vietnamese lo-fi']	2019-06-11	233713.0	50.0	False	True
Về Đâu Mái Tóc Người Thương	Về Đâu Mái Tóc Người Thương	Hoài Lâm	['v-pop', 'vietnamese bolero', 'bolero', 'vietnamese lo-fi']	2018-09-11	263400.0	19.0	False	True
Giấc Mơ		Quang Huy						
Plastic Doll	Chromatica	Lady Gaga	['art pop', 'pop']	2020-05-29	221666.0	47.0	False	True
Phận Tơ Tằm	Show Xuân Xa Mẹ	Tố My	['vietnamese bolero', 'bolero']	2017-02-27	326087.0	7.0	False	True
Chromatica II	Chromatica	Lady Gaga	['art pop', 'pop']	2020-05-29	41866.0	46.0	False	True
Invisible Things	~how i'm feeling~	Lauv	[]	2020-03-06	197306.0	44.0	False	True
Nonstop	Scorpion	Drake	['rap', 'hip hop']	2018-06-29	238614.0	72.0	True	True
Thinkin of You		Chan Se Park						
Run	Nectar	Joji	[]	2020-09-24	195000.0	63.0	False	True
Maybe It's Time	A Star Is Born Soundtrack	Bradley Cooper	[]	2018-10-05	159293.0	51.0	False	True
Into the I-LAND	I-LAND Part.1 Signal Song	IU	['k-pop', 'k-ballad']	2020-06-19	217322.0	45.0	False	True
Chạy		RAP VIỆT						
WAYO	WAYO	BANG YEDAM	[]	2020-06-05	205164.0	48.0	False	True
Slow Grenade	Slow Grenade	Ellie Goulding	[]	2020-06-30	217493.0	46.0	False	True
Tìm Người Nhà	Tìm Người Nhà	Ngọt	['vietnam indie', 'v-pop', 'vietnamese hip hop']	2020-06-08	234639.0	30.0	False	True
Dung Ep Toi Uong Ruou		Da LAB						
MORE & MORE (English Version)	MORE & MORE (English Version)	TWICE	['k-pop']	2020-08-21	199653.0	33.0	False	True
Thương	Những Tiếng Hát Thầm	Mademoiselle	['vietnam indie', 'v-pop', 'vietnamese lo-fi']	2020-02-20	188000.0	20.0	False	True
Savage Love (Laxed – Siren Beat) [BTS Remix] (Instrumental)	Savage Love (Laxed - Siren Beat) [BTS Remix]	Jawsh 685	[]	2020-10-02	184905.0	31.0	False	True
Welcome to the Party (with French Montana & Lil Pump, feat. Zhavia Ward) - from Deadpool 2	Welcome to the Party (with French Montana & Lil Pump, feat. Zhavia Ward) [from Deadpool 2]	Diplo	['moombahton']	2018-05-15	181720.0	58.0	True	True
Có Như Không Có	Có Như Không Có	Hiền Hồ	['v-pop', 'vinahouse', 'vietnam indie', 'vietnamese lo-fi']	2019-11-26	273733.0	38.0	False	True
Spring		Park Bom						
Run away	TAKE	MINO	['k-rap', 'k-pop']	2020-10-30	145706.0	38.0	False	True
Con Đường Mưa	Con Đường Mưa, Vol. 7	Cao Thái Sơn	['v-pop', 'vinahouse', 'vietnamese bolero']	2013-07-04	306346.0	36.0	False	True
make up	thank u, next	Ariana Grande	['pop']	2019-02-08	140693.0	56.0	True	True
Stream Đến Bao Giờ	Stream Đến Bao Giờ	Độ Mixi	['vietnamese hip hop', 'v-pop', 'vinahouse']	2020-09-16	196602.0	28.0	False	True
Mariners Apartment Complex	Norman Fucking Rockwell!	Lana Del Rey	[]	2019-08-30	247150.0	65.0	True	True
Đường Về Nhà	Đường Về Nhà	Ái Phương	['v-pop', 'vietnam indie']	2019-01-09	272727.0	20.0	False	True
Song Request (feat. SUGA of BTS)	Song Request (feat. SUGA of BTS)	Lee So Ra	['k-ballad', 'k-pop']	2019-01-22	281066.0	50.0	False	True
Gorgeous	reputation	Taylor Swift	[]	2017-11-10	209680.0	71.0	False	True
in my head	thank u, next	Ariana Grande	['pop']	2019-02-08	222946.0	64.0	True	True
Dieu Em Lo So - Hien Thuc		Hoang Muoi						
BANG BANG BANG - KR Ver. (BIGBANG WORLD TOUR 2015〜2016 [MADE] IN JAPAN)	BIGBANG WORLD TOUR 2015〜2016 [MADE] IN JAPAN	BIGBANG	['k-pop']	2016-02-24	289733.0	22.0	False	True
KAHEDA	KAHEDA	Tóc Tiên	['v-pop', 'vietnamese lo-fi', 'vietnam indie', 'vietnamese bolero']	2019-01-25	188888.0	8.0	False	True
six thirty	Positions	Ariana Grande	['pop']	2020-10-30	183874.0	51.0	True	True
Tình Yêu Khủng Long	Tình Yêu Khủng Long	FAY	['v-pop', 'vinahouse']	2020-05-11	224907.0	16.0	False	True
Empty Space	YOU	James Arthur	['soft pop']	2019-10-18	213306.0	60.0	False	True
safety net (feat. Ty Dolla $ign)	Positions	Ariana Grande	['pop']	2020-10-30	208457.0	62.0	False	True
Babylon	Chromatica	Lady Gaga	['art pop', 'pop']	2020-05-29	161733.0	55.0	False	True
Hạt Cát Bụi Vàng (feat. RPT Gonzo & Thành Draw)	Rap Việt Tập 10	RAP VIỆT	['vietnamese hip hop', 'v-pop']	2020-10-07	201086.0	12.0	False	True
Chromatica II	Chromatica	Lady Gaga	['art pop', 'pop']	2020-05-29	41866.0	46.0	False	True
Come Around Me	Changes	Justin Bieber	[]	2020-02-14	200773.0	61.0	False	True
Tallis One	Tallis One	Samuel Lindon	[]	2017-01-01	117401.0	30.0	False	True
Don't Worry Bout Me	Don't Worry Bout Me	Zara Larsson	[]	2019-03-28	208811.0	44.0	False	True
Shake It Off	1989 (Deluxe)	Taylor Swift	[]	2014-01-01	219200.0	75.0	False	True
In My Head	In My Head	Peter Manos	[]	2018-05-24	214533.0	52.0	False	True
Like To Be You (feat. Julia Michaels)	Shawn Mendes	Shawn Mendes	['pop']	2018-05-25	159400.0	49.0	False	True
What A Time (feat. Niall Horan)	Inner Monologue Part 1	Julia Michaels	[]	2019-01-24	173306.0	72.0	False	True
Chẳng Thể Giữ Lấy Chẳng Đành Buông Tay	Chẳng Thể Giữ Lấy Chẳng Đành Buông Tay	Ngô Kiến Huy	['v-pop', 'vinahouse']	2020-09-27	293538.0	12.0	False	True
Try Me	My Dear Melancholy,	The Weeknd	[]	2018-03-30	221106.0	65.0	False	True
Mời Anh Vào Team Em	Mời Anh Vào Team Em	Chi Pu	['v-pop', 'vinahouse', 'vietnam indie']	2018-11-27	195000.0	29.0	False	True
Mùa Viết Tình Ca (Song Ca)		Isaac						
Want You Back	Youngblood (Deluxe)	5 Seconds of Summer	[]	2018-06-15	173081.0	57.0	True	True
You Are Mine	You Are Mine	Vũ Cát Tường	['v-pop', 'vietnam indie']	2018	225303.0	15.0	False	True
3 Nights	Don't Forget About Me, Demos	Dominic Fike	[]	2018-10-16	177666.0	74.0	False	True
Daylight	Daylight	Joji	[]	2020-08-06	163905.0	60.0	True	True
Zombie	The Book of Us : The Demon	DAY6	['k-rock', 'k-pop']	2020-05-11	209259.0	55.0	False	True
Fly	Fly	Marshmello	['edm']	2018-03-09	193777.0	53.0	False	True
DNA (Pedal 2 LA Mix)	Love Yourself 結 'Answer'	BTS	['k-pop']	2018-08-24	247483.0	46.0	False	True
POPSTAR (feat. Drake)	POPSTAR (feat. Drake)	DJ Khaled	[]	2020-07-17	200221.0	63.0	True	True
Chợt Thấy Em Khóc	Noo Phước Thịnh Tuyển Tập (Vol.5)	Noo Phước Thịnh	['v-pop', 'vinahouse', 'vietnamese lo-fi']	2019-02-27	312813.0	20.0	False	True
One Call Away	Nine Track Mind (Special Edition)	Charlie Puth	['soft pop', 'pop']	2015-11-05	194453.0	68.0	False	True
Đổi thay	Xin cho nhau một nụ cười	Hồ Quang Hiếu	['v-pop', 'vinahouse', 'vietnamese bolero', 'vietnamese lo-fi']	2010	269767.0	40.0	False	True
Sit Down!	NCT #127 Neo Zone - The 2nd Album	NCT 127	['k-pop']	2020-03-06	200200.0	38.0	False	True
Scared To Live	After Hours	The Weeknd	[]	2020-03-20	191306.0	60.0	True	True
Lắng Nghe Nước Mắt	Lắng Nghe Nước Mắt	Mr.Siro	['v-pop', 'vinahouse']	2012-09-22	323974.0	40.0	False	True
Left & Right	SEVENTEEN BEST ALBUM '17 IS RIGHT HERE'	SEVENTEEN	['k-pop']	2024-04-29	201773.0	58.0	False	True
Rumors	The Wave	R3HAB	['slap house', 'edm']	2018-08-24	138297.0	36.0	False	True
Eyes Blue Like The Atlantic (feat. Subvrbs)	Eyes Blue Like The Atlantic (feat. Subvrbs)	Sista Prod	[]	2020-07-20	154599.0	59.0	False	True
Điều Vô Lý Thứ Nhất	Điều Vô Lý Thứ Nhất	Nguyên Hà	['v-pop', 'vietnam indie']	2019-02-25	242250.0	23.0	False	True
Righteous	Legends Never Die	Juice WRLD	['melodic rap', 'emo rap']	2020-07-10	242180.0	68.0	True	True
1000 Doves	Chromatica	Lady Gaga	['art pop', 'pop']	2020-05-29	215480.0	46.0	False	True
Sorry Not Sorry	Tell Me You Love Me	Demi Lovato	[]	2017-09-29	203760.0	68.0	True	True
tài liệu không có tiêu đề	tài liệu không có tiêu đề	Khói	['vietnamese hip hop', 'v-pop', 'vietnamese lo-fi', 'vietnam indie']	2020-10-21	236283.0	35.0	False	True
Freak	Freak	Doja Cat	[]	2020-08-07	284480.0	66.0	True	True
Alone Again	After Hours	The Weeknd	[]	2020-03-20	250053.0	62.0	True	True
Undecided	Indigo	Chris Brown	['r&b']	2019-06-28	185000.0	55.0	True	True
Who's Laughing Now	Heaven & Hell	Ava Max	[]	2020-09-18	180348.0	59.0	False	True
# umakeme (feat. KNY & Ox The Moron)	# umakeme (feat. KNY & Ox The Moron)	Xuân Nghi	['vietnamese hip hop', 'vietnam indie', 'v-pop', 'vietnamese lo-fi']	2020-03-19	247764.0	24.0	False	True
BOOM	We Boom - The 3rd Mini Album	NCT DREAM	['k-pop']	2019-07-26	195080.0	56.0	False	True
Sau Chia Tay... Ai Cũng Khác	Sau Chia Tay... Ai Cũng Khác	T.R.I	['v-pop', 'vietnamese lo-fi', 'vietnam indie', 'vietnamese hip hop']	2020-06-15	282947.0	44.0	False	True
Bomb Bomb	KARD 1st Digital Single ‘Bomb Bomb’	KARD	['k-pop']	2019-03-27	163508.0	48.0	False	True
UN Village	City Lights - The 1st Mini Album	BAEKHYUN	['k-pop', 'k-ballad']	2019-07-10	235509.0	54.0	False	True
Sirenen (feat. AK Ausserkontrolle)	Vollmond	Kontra K	['german hip hop']	2020-09-25	204551.0	41.0	True	True
You Can Cry	You Can Cry	Marshmello	['edm']	2018-05-04	194533.0	41.0	False	True
4S	Gấp Gap: Có Cần Phải Có Lý Không?	Cá Hồi Hoang	['vietnam indie', 'v-pop', 'vietnamese hip hop']	2018-06-30	293479.0	21.0	False	True
Habitual	Changes	Justin Bieber	[]	2020-02-14	168200.0	55.0	False	True
If You're Over Me	Palo Santo (Deluxe)	Olly Alexander (Years & Years)	[]	2019-02-14	189000.0	49.0	False	True
"Beautiful Ghosts - From The Motion Picture Soundtrack ""Cats"""	Cats: Highlights From The Motion Picture Soundtrack	Taylor Swift	[]	2019-12-20	261053.0	43.0	False	True
Cô Đơn Trong Nhà Mình	Cô Đơn Trong Nhà Mình	Hoài Lâm	['v-pop', 'vietnamese bolero', 'bolero', 'vietnamese lo-fi']	2020-09-10	297471.0	29.0	False	True
Trái Tim Em Cũng Biết Đau	Tổng Hợp Ca Khúc MV Hay Nhất Bảo Anh	Bảo Anh	['v-pop', 'vietnamese lo-fi', 'vinahouse', 'vietnamese bolero', 'vietnam indie']	2017-05-22	302927.0	38.0	False	True
Goodnight		WAVYVIBE						
Dừng Thương		DatKaa						
Yêu Chưa Bao Giờ Là Sai	Yêu Chưa Bao Giờ Là Sai	ERIK	['v-pop', 'vietnamese lo-fi', 'vinahouse', 'vietnam indie']	2017-11-29	297981.0	24.0	False	True
Be Like That - feat. Swae Lee & Khalid	Be Like That (feat. Swae Lee & Khalid)	Kane Brown	['country', 'pop country']	2020-07-10	191406.0	63.0	False	True
Second Emotion (feat. Travis Scott)	Changes	Justin Bieber	[]	2020-02-14	202720.0	51.0	False	True
not ur friend	love is not dying	Jeremy Zucker	[]	2020-04-17	174520.0	48.0	True	True
Vulnerable	Rare	Selena Gomez	['pop']	2020-01-10	192172.0	47.0	False	True
Ăn Sáng Nha - Original Version	Ăn Sáng Nha (Original Version)	ERIK	['v-pop', 'vietnamese lo-fi', 'vinahouse', 'vietnam indie']	2020-06-03	187241.0	31.0	False	True
Leo (feat. BAEKHYUN)	Puberty BookⅡ Pum	BOL4	['k-pop', 'k-ballad']	2020-05-13	188000.0	45.0	False	True
Những giấc mơ dài	Để tình yêu hát	Mỹ Linh	['v-pop', 'vietnamese bolero']	2006-02-14	297666.0	12.0	False	True
Hard On Yourself	Hard On Yourself	Charlie Puth	['soft pop', 'pop']	2020-08-14	160825.0	50.0	False	True
Bất Lực	Bất Lực	Nguyễn Trọng Tài	['vietnamese hip hop', 'v-pop', 'vietnamese lo-fi', 'vietnam indie']	2019-12-24	97627.0	13.0	False	True
STARGAZING	ASTROWORLD	Travis Scott	['rap']	2018-08-03	270714.0	70.0	True	True
Venom - Music From The Motion Picture	Kamikaze	Eminem	['rap', 'hip hop']	2018-08-31	269554.0	69.0	True	True
Dance Again	Rare	Selena Gomez	['pop']	2020-01-10	170498.0	46.0	False	True
Giấc Mơ Có Thật	Giấc Mơ Có Thật	Lệ Quyên	['vietnamese bolero', 'bolero', 'v-pop']	2004-01-01	259906.0	41.0	False	True
BOOM	We Boom - The 3rd Mini Album	NCT DREAM	['k-pop']	2019-07-26	195080.0	56.0	False	True
Tầng Thượng 102	Gấp	Cá Hồi Hoang	['vietnam indie', 'v-pop', 'vietnamese hip hop']	2017-11-18	237250.0	39.0	False	True
The Old You	Inner Me	Vũ Cát Tường	['v-pop', 'vietnam indie']	2019-11-30	302741.0	20.0	False	True
花요일 Blooming Day	Blooming Days - The 2nd Mini Album	EXO-CBX	['k-pop']	2018-04-10	199845.0	49.0	False	True
Where Were You In The Morning?	Shawn Mendes	Shawn Mendes	['pop']	2018-05-25	200600.0	52.0	False	True
Bones (feat. OneRepublic)	Bones (feat. OneRepublic)	Galantis	[]	2019-01-31	205792.0	51.0	False	True
Mâu Thuẫn	Thiên Thần Sa Ngã	Bùi Lan Hương	['v-pop', 'vietnam indie']	2018-08-03	257308.0	25.0	False	True
I'M OK	NEW KIDS REPACKAGE : THE NEW KIDS	iKON	['k-pop']	2019-01-07	216647.0	42.0	False	True
Orphans	Everyday Life	Coldplay	[]	2019-11-22	197533.0	61.0	False	True
sweetener	Sweetener	Ariana Grande	['pop']	2018-08-17	208493.0	70.0	True	True
Changes	Changes	Justin Bieber	[]	2020-02-14	135493.0	53.0	False	True
Gió	Inner Me	Vũ Cát Tường	['v-pop', 'vietnam indie']	2019-11-30	211697.0	17.0	False	True
Music To My Eyes	A Star Is Born Soundtrack (Without Dialogue)	Lady Gaga	['art pop', 'pop']	2018-10-05	199200.0	49.0	False	True
hope is a dangerous thing for a woman like me to have - but I have it	Norman Fucking Rockwell!	Lana Del Rey	[]	2019-08-30	324498.0	59.0	True	True
Lunisolar	WE LOVE VOCAL EDM, Season 4	SHAUN	[]	2017-04-03	222571.0	30.0	False	True
BAD!	SKINS	XXXTENTACION	['emo rap']	2018-12-07	94245.0	73.0	False	True
Nếu Anh Cần Tôi	Tỉnh Giấc Khi Ông Trời Đang Ngủ	TRANG	['vietnam indie', 'v-pop']	2019-09-19	276000.0	15.0	False	True
Why Did You Do That?	A Star Is Born Soundtrack	Lady Gaga	['art pop', 'pop']	2018-10-05	184960.0	41.0	False	True
+DONE161201+	In The Name Of Love	CL	['k-pop', 'k-rap']	2019-12-17	213967.0	30.0	False	True
People You Know	Rare	Selena Gomez	['pop']	2020-01-10	194900.0	71.0	False	True
What are you up to	color on me	KANGDANIEL	['k-pop']	2019-07-25	182773.0	30.0	False	True
Một Nhà	Một Nhà	Da LAB	['v-pop', 'vietnamese hip hop', 'vietnam indie', 'vietnamese lo-fi', 'vinahouse']	2015-08-17	185643.0	45.0	False	True
Ánh Sáng Đời Tôi	Lời Cuối	Thu Minh	['v-pop', 'vinahouse', 'vietnamese bolero']	2018-09-11	337162.0	4.0	False	True
So What	[#]	LOONA	['k-pop']	2020-02-05	198000.0	42.0	False	True
Em Giấu Điều Gì Trong Đôi Mắt	Em Giấu Điều Gì Trong Đôi Mắt	Phạm Toàn Thắng	['vietnam indie', 'v-pop']	2019-07-13	266842.0	16.0	False	True
...Ready For It?	reputation	Taylor Swift	[]	2017-11-10	208186.0	75.0	False	True
Anyone	Dancing With The Devil…The Art of Starting Over	Demi Lovato	[]	2021-04-02	227785.0	47.0	True	True
Sangria Wine	Sangria Wine	Pharrell Williams	[]	2018-05-18	202853.0	47.0	False	True
APESHIT	EVERYTHING IS LOVE	The Carters	[]	2018-06-18	264853.0	55.0	True	True
說好不哭	最偉大的作品	Jay Chou	['mandopop', 'c-pop', 'taiwanese pop', 'gufeng', 'cantopop']	2022-07-15	220693.0	58.0	False	True
Không Phải Dạng Vừa Đâu	m-tp M-TP	Sơn Tùng M-TP	['v-pop', 'vinahouse', 'vietnamese hip hop']	2017-04-01	247634.0	50.0	False	True
Monsters	Monsters	Katie Sky	[]	2014-05-11	217840.0	54.0	False	True
Fall	Kamikaze	Eminem	['rap', 'hip hop']	2018-08-31	262493.0	57.0	True	True
Crowded Room (feat. 6LACK)	Rare	Selena Gomez	['pop']	2020-01-10	186459.0	46.0	False	True
Remember The Name (feat. Eminem & 50 Cent)	No.6 Collaborations Project	Ed Sheeran	['soft pop']	2019-07-12	207760.0	62.0	True	True
Hết Thương Cạn Nhớ	Hết Thương Cạn Nhớ	Đức Phúc	['v-pop', 'vinahouse', 'vietnam indie']	2019-09-29	283478.0	50.0	False	True
CALL ANYTIME	JINU's HEYDAY	JINU	[]	2019-08-14	194436.0	31.0	False	True
Right Now	Right Now	Nick Jonas	[]	2018-08-24	201680.0	51.0	False	True
Forget To Forget	Forget To Forget	shy martin	[]	2018-05-25	155351.0	41.0	True	True
Better When You're Gone	Better When You're Gone	David Guetta	['edm', 'dance']	2019-02-08	192402.0	53.0	False	True
Vũ Điệu Cồng Chiêng	Vũ Điệu Cồng Chiêng	Tóc Tiên	['v-pop', 'vietnamese lo-fi', 'vietnam indie', 'vietnamese bolero']	2016-06-24	273763.0	20.0	False	True
Never Forget You	So Good	Zara Larsson	[]	2017-03-17	213427.0	67.0	False	True
Sao Em No - Original		JayKii						
Sims - Miquela Remix	~how i'm feeling~ (the extras)	Lauv	[]	2019-12-20	157370.0	46.0	True	True
Home (feat. Bonn)	Home (feat. Bonn)	Martin Garrix	['edm', 'electronica', 'progressive house']	2019-08-16	239067.0	45.0	False	True
Own It (feat. Ed Sheeran & Burna Boy)	Heavy Is The Head	Stormzy	['grime', 'uk drill']	2019-12-13	216706.0	63.0	False	True
Into the Unknown - Panic! At The Disco Version	Frozen 2 (Original Motion Picture Soundtrack/Deluxe Edition)	Panic! At The Disco	['emo']	2019-11-15	189132.0	56.0	False	True
Magnetic	Magnetic	Strange Imagining	[]	2018-02-13	172456.0	30.0	False	True
What About Us	Beautiful Trauma	P!nk	[]	2017-10-13	269600.0	70.0	False	True
Greatest	Kamikaze	Eminem	['rap', 'hip hop']	2018-08-31	226937.0	53.0	True	True
A Lamenting Song	Taboo (Music From The Original TV Series)	Max Richter	['neoclassical', 'minimalism', 'classical', 'ambient']	2017-09-15	109738.0	34.0	False	True
Here I Am	Purpose - The 2nd Album	TAEYEON	['k-pop', 'k-ballad']	2019-10-28	204264.0	35.0	False	True
Umpah Umpah	‘The ReVe Festival’ Finale	Red Velvet	['k-pop']	2019-12-23	220131.0	42.0	False	True
STAY - KR Ver.		BLACKPINK						
Familiar (With J. Balvin)	LP1	Liam Payne	[]	2019-12-06	194588.0	54.0	False	True
Lại Nhớ Người Yêu	Hoa Lỡ Dại	Tina Ngọc Lan	['vietnamese bolero', 'vinahouse', 'bolero']	2020-08-09	284827.0	2.0	False	True
You Owe Me	Sick Boy	The Chainsmokers	[]	2018-12-14	190013.0	44.0	False	True
The Only (feat. IRENE of Red Velvet)	The Only (feat. IRENE of Red Velvet)	Raiden	[]	2019-08-02	186918.0	36.0	False	True
Mama (feat. Ellie Goulding)	What Is Love? (Deluxe Edition)	Clean Bandit	[]	2018-11-30	189973.0	47.0	False	True
Norman fucking Rockwell	Norman Fucking Rockwell!	Lana Del Rey	[]	2019-08-30	248934.0	69.0	True	True
Có Một Nơi Như Thế		Unknown Artist						
Love You Like Crazy	Purpose - The 2nd Album	TAEYEON	['k-pop', 'k-ballad']	2019-10-28	179527.0	36.0	False	True
Home	SEVENTEEN BEST ALBUM '17 IS RIGHT HERE'	SEVENTEEN	['k-pop']	2024-04-29	203731.0	57.0	False	True
Talk	8 Letters	Why Don't We	[]	2018-08-31	190346.0	52.0	False	True
Close To Me - Red Velvet Remix	Close To Me (Red Velvet Remix)	Ellie Goulding	[]	2019-04-05	191099.0	38.0	False	True
I'm Upset	Scorpion	Drake	['rap', 'hip hop']	2018-06-29	214466.0	59.0	True	True
Wine	Purpose - The 2nd Album	TAEYEON	['k-pop', 'k-ballad']	2019-10-28	237265.0	36.0	False	True
Tình Ca Phố	Chuyện Tôi (Extended Edition)	Phạm Hoài Nam	['v-pop', 'vietnam indie']	2016-12-12	310030.0	7.0	False	True
Đêm Vắng	Đôi Bờ	Quang Huy	[]	2018-08-21	229080.0	0.0	False	True
Not Alike (feat. Royce Da 5'9)	Kamikaze	Eminem	['rap', 'hip hop']	2018-08-31	288086.0	57.0	True	True
Lady	Lady	EXID	['k-pop']	2018-04-02	190501.0	38.0	False	True
My Everything	My Everything	Tiên Tiên	['v-pop', 'vietnam indie', 'vinahouse', 'vietnamese lo-fi']	2015-09-19	197739.0	42.0	False	True
Mình Yêu Nhau Đi	Có Khi Nào Rời Xa	Bích Phương	['v-pop', 'vietnamese hip hop', 'vietnamese lo-fi', 'vinahouse', 'vietnam indie']	2015-01-01	232362.0	24.0	False	True
Nơi Này Có Anh	m-tp M-TP	Sơn Tùng M-TP	['v-pop', 'vinahouse', 'vietnamese hip hop']	2017-04-01	260117.0	57.0	False	True
Messy	Messy	Kiiara	[]	2018-05-11	169324.0	33.0	False	True
Tuổi Gì Mà Chẳng Thích Lì Xì (feat. Bình Gold)	Tuổi Gì Mà Chẳng Thích Lì Xì (feat. Bình Gold)	Bích Phương	['v-pop', 'vietnamese hip hop', 'vietnamese lo-fi', 'vinahouse', 'vietnam indie']	2020-01-16	227200.0	23.0	False	True
TIC TOC (feat. Lil Baby)	DUMMY BOY (Revised)	6ix9ine	[]	2018	135739.0	45.0	True	True
Younger	Younger	Jonas Blue	['tropical house']	2019-09-06	194720.0	43.0	False	True
We Don't Care	Brighter Days	Sigala	[]	2018-09-28	207666.0	42.0	False	True
Kamikaze	Kamikaze	Eminem	['rap', 'hip hop']	2018-08-31	216029.0	55.0	True	True
Mơ	Người Ấy	Trịnh Thăng Bình	['v-pop', 'vinahouse', 'vietnamese lo-fi']	2012-01-01	302080.0	21.0	False	True
Ghost Town	ye	Kanye West	['rap']	2018-06-01	271386.0	75.0	True	True
Trip	Ella Mai	Ella Mai	['r&b']	2018-10-12	213993.0	69.0	False	True
Neu Chung Minh Cach Tro		Che Linh & Thah Tuyen						
Demons	These Two Windows	Alec Benjamin	[]	2020-05-29	163171.0	53.0	False	True
Người Tình Nhỏ Bé	Người Tình Nhỏ Bé	BigDaddy	['v-pop', 'vietnamese hip hop', 'vinahouse', 'vietnam indie']	2019-06-14	232800.0	19.0	False	True
Buồn Không Em (feat. Đạt G) - Remix	Buồn Không Em (feat. Đạt G) [Renmix]	Masew	['v-pop', 'vietnamese hip hop', 'vinahouse', 'vietnamese lo-fi', 'vietnam indie']	2020-01-01	222040.0	21.0	False	True
Acid8	Hiệu Ứng Trốn Chạy	Cá Hồi Hoang	['vietnam indie', 'v-pop', 'vietnamese hip hop']	2019-07-31	302555.0	16.0	False	True
Mother	Mother	Charlie Puth	['soft pop', 'pop']	2019-09-12	162864.0	43.0	False	True
Lạc Giữa Nhân Gian	Lạc Giữa Nhân Gian	Ngô Kiến Huy	['v-pop', 'vinahouse']	2017-12-18	256000.0	5.0	False	True
Về Đâu Mái Tóc Người Thương	Về Đâu Mái Tóc Người Thương	Lâm Quang Long	['bolero']	2023-03-15	345413.0	0.0	False	True
Cảm Ơn Tình Yêu		Uyên Linh						
Yêu Dấu Theo Gió Bay	Taurus (Kim Ngưu)	Hien Thuc	['v-pop', 'vietnamese bolero']	2013-03-22	248502.0	22.0	False	True
Game Over	Game Over	Martin Garrix	['edm', 'electronica', 'progressive house']	2018-04-20	155644.0	39.0	False	True
For You (Fifty Shades Freed) (& Rita Ora)	Fifty Shades Freed (Original Motion Picture Soundtrack)	Liam Payne	[]	2018-02-09	245453.0	57.0	False	True
Mad Love - Sped-Up Version	Mad Love (Versions)	Mabel	[]	2022-11-16	141343.0	54.0	False	True
Anh Không Sao Đâu - Live At Chi Dân	Lời Thì Thầm Vụng Dại (Live At Chi Dân)	Chi Dân	['v-pop', 'vietnamese lo-fi', 'vinahouse']	2024-12-28	309880.0	13.0	False	True
Fallin' All In You	Shawn Mendes	Shawn Mendes	['pop']	2018-05-25	235746.0	64.0	False	True
Too Much (feat. Timbaland)	Icarus Falls	ZAYN	[]	2018-12-14	187160.0	45.0	True	True
Talisman Stallion	Talisman Stallion	Bela Nemeth	[]	2017-01-01	120549.0	10.0	False	True
AIR	EVERYD4Y	WINNER	['k-pop']	2018-04-04	224909.0	29.0	False	True
I Still Do	I Still Do	Why Don't We	[]	2019-07-26	147209.0	39.0	False	True
Sober	Sober	Demi Lovato	[]	2018-06-21	197893.0	56.0	False	True
Fingers	Icarus Falls	ZAYN	[]	2018-12-14	171240.0	45.0	True	True
Spring Breeze	1¹¹=1 (POWER OF DESTINY)	Wanna One	['k-pop']	2018-11-19	235868.0	46.0	False	True
Tinh Yeu Mau Nang		NHD media						
tomorrow tonight	lost	Loote	[]	2019-06-14	202600.0	49.0	False	True
Bracelet	I met you when I was 18. (the playlist)	Lauv	[]	2018-05-31	262103.0	45.0	False	True
Don’t Need Your Love	Don’t Need Your Love	NCT DREAM	['k-pop']	2019-06-06	201880.0	65.0	False	True
Rodeo	7	Lil Nas X	[]	2019-06-21	158706.0	56.0	True	True
